1000
143 13
1 0 2 0 2 0 2 0 2 0 0 0 0 0 1 0 0 2 0 0 0 0 2 0 0 1 0 2 0 0 2 0 0 0 2 0 0 1 0 0 1 0 0 0 2 0 1 0 0 2 0 0 2 0 0 0 2 0 1 0 2 0 1 0 0 0 1 0 0 2 0 2 0 2 0 2 0 2 0 0 1 0 0 2 0 2 0 0 0 2 0 0 2 0 0 2 0 2 0 1 0 0 0 2 0 0 1 0 2 0 0 0 2 0 0 2 0 2 0 2 0 2 0 1 0 2 0 1 0 2 0 0 0 1 0 1 0 1 0 1 0 0 0
52
38 19
1 0 0 0 0 0 0 0 0 0 2 0 2 0 2 0 0 0 0 0 2 0 0 0 2 0 0 0 1 0 0 0 1 0 0 0 1 0
4
140 10
2 0 0 1 0 0 0 0 2 0 0 0 0 0 2 0 0 0 0 0 1 0 0 2 0 1 0 0 0 0 2 0 0 2 0 0 0 0 2 0 0 0 0 2 0 2 0 0 2 0 2 0 0 0 2 0 0 2 0 0 0 0 0 0 0 2 0 1 0 0 2 0 1 0 1 0 2 0 0 0 0 0 1 0 2 0 0 2 0 0 1 0 2 0 0 0 0 0 1 0 0 2 0 0 0 1 0 0 0 1 0 0 2 0 1 0 0 2 0 2 0 0 2 0 0 0 1 0 0 0 1 0 0 0 2 0 2 0 1 0
113
150 2
0 2 0 0 2 0 1 0 0 2 0 2 0 2 0 1 0 0 0 2 0 1 0 1 0 0 0 2 0 0 2 0 1 0 2 0 2 0 1 0 2 0 0 1 0 0 2 0 0 1 0 1 0 0 1 0 1 0 1 0 2 0 0 0 2 0 2 0 0 2 0 2 0 0 0 0 2 0 2 0 2 0 0 0 1 0 0 2 0 1 0 2 0 2 0 0 0 2 0 0 2 0 2 0 1 0 0 0 0 2 0 0 1 0 1 0 0 2 0 0 0 0 2 0 2 0 0 2 0 2 0 2 0 0 2 0 1 0 1 0 1 0 2 0 2 0 2 0 0 0
13
63 9
0 2 0 2 0 1 0 0 1 0 2 0 1 0 0 2 0 0 2 0 0 0 2 0 2 0 0 0 1 0 1 0 0 2 0 2 0 2 0 0 2 0 2 0 0 2 0 0 0 0 1 0 2 0 2 0 1 0 0 0 0 2 0
12
108 9
0 1 0 2 0 1 0 2 0 1 0 0 1 0 2 0 0 2 0 0 1 0 0 0 1 0 0 2 0 2 0 0 2 0 0 0 0 2 0 1 0 2 0 1 0 2 0 0 1 0 1 0 0 1 0 1 0 2 0 0 2 0 2 0 2 0 2 0 2 0 0 0 1 0 1 0 1 0 0 2 0 0 0 0 0 0 0 0 1 0 0 2 0 2 0 0 2 0 2 0 0 1 0 0 0 2 0 0
42
90 15
0 2 0 0 1 0 1 0 1 0 0 0 0 0 1 0 0 0 1 0 0 2 0 0 2 0 0 0 0 0 1 0 1 0 2 0 1 0 1 0 1 0 0 0 1 0 2 0 2 0 1 0 2 0 0 2 0 2 0 0 0 2 0 2 0 0 0 2 0 0 2 0 1 0 0 1 0 0 2 0 0 0 1 0 0 2 0 2 0 0
86
63 9
1 0 0 1 0 0 0 0 0 1 0 0 2 0 2 0 0 2 0 1 0 0 0 2 0 2 0 0 0 2 0 1 0 0 0 0 1 0 2 0 1 0 0 2 0 2 0 2 0 2 0 2 0 2 0 0 1 0 2 0 2 0 0
31
110 10
0 1 0 2 0 1 0 1 0 2 0 0 0 2 0 0 0 0 1 0 1 0 2 0 0 0 1 0 2 0 0 0 0 0 2 0 0 1 0 0 0 2 0 0 2 0 0 1 0 2 0 1 0 2 0 0 0 0 2 0 0 0 2 0 0 0 1 0 0 1 0 1 0 2 0 2 0 1 0 0 0 0 0 0 1 0 2 0 1 0 2 0 0 2 0 2 0 0 0 0 2 0 1 0 0 0 1 0 2 0
23
80 10
0 0 2 0 2 0 0 0 1 0 0 0 1 0 1 0 1 0 0 2 0 0 2 0 1 0 2 0 1 0 0 0 2 0 0 0 2 0 2 0 2 0 2 0 0 2 0 0 1 0 0 0 0 2 0 0 2 0 1 0 1 0 2 0 0 2 0 2 0 0 0 0 2 0 1 0 1 0 1 0
4
95 19
0 2 0 0 0 0 2 0 1 0 0 0 2 0 0 0 0 2 0 0 0 1 0 0 0 0 0 0 2 0 1 0 2 0 0 0 2 0 2 0 0 2 0 2 0 1 0 0 0 0 0 2 0 0 0 2 0 2 0 0 2 0 0 0 0 0 0 0 2 0 0 2 0 0 0 2 0 0 0 0 1 0 1 0 0 1 0 0 0 0 0 1 0 1 0
51
72 8
1 0 2 0 0 2 0 1 0 2 0 2 0 1 0 2 0 0 0 1 0 0 0 1 0 2 0 0 0 0 0 0 2 0 1 0 0 0 2 0 0 1 0 0 0 0 0 0 0 1 0 1 0 0 0 2 0 2 0 0 2 0 0 0 1 0 1 0 2 0 2 0
32
182 14
2 0 2 0 2 0 0 2 0 2 0 2 0 1 0 0 2 0 2 0 2 0 2 0 2 0 2 0 1 0 2 0 1 0 2 0 0 0 0 0 1 0 1 0 0 2 0 2 0 1 0 0 2 0 0 0 2 0 0 0 0 0 0 2 0 1 0 0 1 0 1 0 2 0 0 0 1 0 2 0 0 0 0 0 0 1 0 1 0 0 0 1 0 2 0 0 2 0 2 0 1 0 2 0 0 1 0 2 0 2 0 2 0 0 0 2 0 1 0 0 2 0 0 0 2 0 2 0 0 0 1 0 1 0 2 0 2 0 0 1 0 2 0 2 0 0 0 1 0 1 0 2 0 2 0 0 0 2 0 1 0 1 0 2 0 0 1 0 0 0 0 2 0 1 0 2 0 0 0 1 0 0
139
160 8
1 0 1 0 0 1 0 2 0 0 1 0 2 0 2 0 2 0 0 0 2 0 2 0 2 0 2 0 2 0 2 0 2 0 2 0 2 0 2 0 2 0 2 0 0 0 2 0 0 1 0 1 0 1 0 0 1 0 1 0 0 0 1 0 1 0 1 0 2 0 0 0 1 0 0 2 0 0 0 0 2 0 2 0 2 0 2 0 1 0 2 0 2 0 2 0 2 0 0 0 2 0 0 2 0 2 0 2 0 0 2 0 0 0 0 0 0 0 1 0 0 0 0 2 0 0 2 0 2 0 2 0 1 0 2 0 1 0 1 0 0 0 1 0 0 2 0 0 1 0 2 0 1 0 0 0 2 0 2 0
73
168 12
1 0 0 1 0 2 0 0 1 0 0 1 0 0 0 0 2 0 0 0 1 0 2 0 0 2 0 0 0 1 0 1 0 1 0 0 0 2 0 2 0 0 0 0 2 0 0 2 0 2 0 2 0 1 0 0 1 0 0 0 0 0 0 2 0 1 0 0 0 0 1 0 0 2 0 0 2 0 1 0 2 0 1 0 0 1 0 2 0 0 2 0 1 0 0 0 1 0 2 0 2 0 1 0 2 0 1 0 0 0 2 0 2 0 0 1 0 2 0 2 0 0 2 0 2 0 1 0 2 0 1 0 0 1 0 0 0 0 0 0 1 0 1 0 1 0 2 0 0 0 0 0 2 0 0 2 0 2 0 0 0 2 0 0 0 2 0 0
146
105 3
0 0 2 0 2 0 2 0 2 0 2 0 0 1 0 2 0 1 0 0 0 0 1 0 0 0 2 0 2 0 0 0 2 0 0 2 0 0 1 0 0 2 0 2 0 0 0 0 0 2 0 2 0 2 0 0 2 0 0 0 0 2 0 1 0 1 0 2 0 0 0 0 2 0 2 0 0 0 0 0 1 0 2 0 1 0 0 2 0 2 0 2 0 0 1 0 0 2 0 0 0 1 0 2 0
57
185 5
2 0 2 0 0 2 0 1 0 2 0 0 0 2 0 0 0 2 0 0 0 2 0 0 2 0 1 0 1 0 2 0 1 0 0 2 0 0 0 0 2 0 1 0 0 1 0 1 0 2 0 2 0 0 1 0 0 0 2 0 1 0 2 0 1 0 1 0 1 0 0 1 0 0 0 2 0 1 0 2 0 1 0 0 2 0 0 0 2 0 2 0 0 1 0 0 0 0 0 2 0 1 0 2 0 1 0 2 0 2 0 0 0 2 0 0 0 0 2 0 2 0 0 0 1 0 2 0 1 0 0 1 0 0 1 0 2 0 1 0 2 0 0 0 2 0 2 0 2 0 0 2 0 2 0 2 0 1 0 1 0 1 0 0 0 1 0 1 0 1 0 0 0 2 0 2 0 1 0 2 0 1 0 2 0
101
52 13
2 0 0 0 2 0 0 0 2 0 0 0 0 2 0 0 0 2 0 0 0 0 0 0 0 0 2 0 0 0 1 0 1 0 0 0 0 0 0 0 0 0 2 0 1 0 1 0 1 0 0 0
12
196 7
2 0 1 0 1 0 0 1 0 2 0 2 0 0 0 0 2 0 2 0 2 0 2 0 0 1 0 0 0 2 0 0 0 0 2 0 2 0 2 0 1 0 2 0 1 0 0 2 0 2 0 0 1 0 0 0 2 0 1 0 2 0 0 1 0 2 0 2 0 0 0 0 2 0 0 0 1 0 0 1 0 0 2 0 0 2 0 1 0 2 0 0 1 0 1 0 0 0 0 1 0 0 1 0 2 0 0 2 0 0 2 0 0 1 0 2 0 0 2 0 2 0 2 0 1 0 2 0 0 0 0 1 0 0 2 0 1 0 0 0 2 0 2 0 1 0 1 0 1 0 2 0 2 0 1 0 2 0 0 2 0 1 0 1 0 0 0 0 0 1 0 0 1 0 2 0 0 2 0 0 0 2 0 0 0 1 0 1 0 2 0 2 0 0 2 0
115
60 15
2 0 0 0 1 0 2 0 1 0 0 0 1 0 2 0 0 1 0 0 0 0 0 0 2 0 2 0 2 0 0 0 1 0 1 0 2 0 2 0 0 0 1 0 0 2 0 0 0 0 1 0 2 0 1 0 0 0 2 0
26
144 18
0 0 2 0 2 0 2 0 0 0 0 1 0 2 0 0 0 2 0 2 0 1 0 0 0 2 0 0 0 0 1 0 0 1 0 1 0 2 0 0 1 0 2 0 0 2 0 0 0 2 0 0 2 0 1 0 2 0 0 2 0 1 0 0 1 0 0 2 0 0 0 0 1 0 1 0 2 0 2 0 0 0 0 2 0 1 0 0 0 1 0 0 2 0 1 0 1 0 1 0 0 2 0 0 2 0 2 0 0 0 2 0 1 0 0 0 2 0 2 0 2 0 0 2 0 0 0 0 2 0 0 1 0 0 1 0 0 2 0 2 0 2 0 0
45
60 20
0 0 0 0 2 0 1 0 0 2 0 0 1 0 0 2 0 0 2 0 0 2 0 0 0 0 0 1 0 0 0 0 0 2 0 0 0 0 0 0 2 0 2 0 0 2 0 0 2 0 0 0 0 0 0 0 0 2 0 0
10
143 13
0 1 0 0 2 0 0 1 0 2 0 0 0 1 0 2 0 0 1 0 0 0 0 2 0 0 0 2 0 1 0 2 0 2 0 0 0 2 0 1 0 1 0 0 0 2 0 2 0 1 0 0 0 2 0 0 0 2 0 0 2 0 2 0 0 0 1 0 0 2 0 2 0 2 0 2 0 1 0 1 0 0 0 1 0 2 0 0 2 0 0 1 0 1 0 0 2 0 0 0 2 0 0 0 2 0 2 0 1 0 1 0 2 0 0 2 0 1 0 2 0 1 0 1 0 0 2 0 1 0 1 0 2 0 1 0 1 0 1 0 1 0 0
7
72 18
0 2 0 0 2 0 0 0 0 0 1 0 0 2 0 0 0 1 0 0 2 0 0 0 0 1 0 0 2 0 2 0 0 2 0 0 1 0 0 0 0 0 0 0 0 1 0 0 2 0 2 0 2 0 1 0 0 0 2 0 0 0 2 0 1 0 0 0 0 0 0 0
2
150 15
0 0 2 0 2 0 0 0 2 0 0 0 2 0 2 0 1 0 0 0 2 0 0 0 0 0 0 2 0 0 2 0 2 0 0 0 0 1 0 0 1 0 2 0 0 1 0 1 0 0 0 0 0 0 0 0 2 0 1 0 1 0 0 2 0 0 1 0 2 0 1 0 1 0 1 0 0 0 0 0 2 0 1 0 2 0 0 0 2 0 2 0 0 2 0 2 0 0 2 0 2 0 1 0 0 0 2 0 2 0 1 0 1 0 2 0 0 2 0 0 2 0 1 0 1 0 2 0 0 0 0 0 0 0 0 1 0 2 0 0 2 0 0 1 0 2 0 0 2 0
140
140 10
0 1 0 1 0 0 0 2 0 1 0 2 0 0 1 0 0 1 0 1 0 2 0 0 0 0 2 0 1 0 1 0 2 0 2 0 2 0 0 2 0 0 2 0 0 0 0 2 0 0 0 1 0 0 1 0 1 0 0 1 0 0 0 2 0 1 0 2 0 0 0 0 0 1 0 0 2 0 0 2 0 1 0 0 1 0 2 0 2 0 2 0 2 0 1 0 0 0 0 2 0 2 0 2 0 2 0 2 0 0 0 0 0 0 0 0 0 0 1 0 2 0 2 0 0 0 0 1 0 0 0 0 2 0 2 0 1 0 0 0
122
64 8
1 0 0 0 0 2 0 0 1 0 2 0 2 0 2 0 1 0 0 0 0 0 0 0 0 1 0 0 2 0 0 0 2 0 2 0 0 2 0 0 1 0 2 0 1 0 0 0 2 0 0 0 2 0 1 0 0 2 0 1 0 0 0 0
54
140 7
2 0 2 0 0 0 0 1 0 1 0 0 2 0 0 0 2 0 0 0 0 2 0 1 0 2 0 0 2 0 1 0 2 0 2 0 0 1 0 0 1 0 2 0 2 0 2 0 0 1 0 1 0 2 0 2 0 0 2 0 0 2 0 0 1 0 1 0 2 0 2 0 2 0 0 0 2 0 2 0 0 1 0 0 2 0 0 2 0 2 0 0 0 2 0 1 0 1 0 0 0 1 0 2 0 0 0 2 0 0 1 0 1 0 1 0 2 0 0 0 0 0 2 0 2 0 2 0 0 2 0 0 0 2 0 0 1 0 2 0
91
85 17
0 2 0 1 0 1 0 1 0 0 0 2 0 1 0 0 0 0 0 0 2 0 1 0 0 1 0 0 2 0 2 0 0 0 0 2 0 2 0 0 0 2 0 2 0 2 0 0 0 0 2 0 2 0 0 0 1 0 2 0 2 0 1 0 0 0 2 0 1 0 2 0 0 0 0 2 0 0 2 0 0 1 0 1 0
76
180 10
2 0 0 0 0 2 0 0 0 0 0 0 2 0 1 0 0 0 2 0 2 0 0 0 2 0 2 0 2 0 0 1 0 2 0 0 0 1 0 2 0 0 0 0 1 0 2 0 0 1 0 2 0 0 2 0 0 2 0 2 0 2 0 0 0 0 2 0 2 0 0 0 1 0 0 2 0 2 0 0 0 0 0 0 1 0 0 2 0 0 0 2 0 2 0 0 2 0 2 0 0 0 2 0 0 0 2 0 0 2 0 1 0 2 0 2 0 1 0 0 0 0 0 2 0 0 0 0 2 0 0 0 0 1 0 2 0 0 0 1 0 0 0 0 0 0 0 0 1 0 0 2 0 2 0 2 0 2 0 2 0 0 2 0 0 0 0 0 1 0 0 1 0 2 0 1 0 0 2 0
107
80 20
2 0 1 0 0 0 0 0 0 1 0 0 2 0 2 0 0 0 1 0 0 0 2 0 1 0 0 0 1 0 1 0 1 0 0 0 2 0 0 0 0 1 0 0 1 0 0 0 1 0 2 0 0 2 0 0 0 0 0 0 1 0 0 0 0 2 0 0 2 0 0 0 0 0 2 0 0 1 0 0
66
165 15
2 0 2 0 0 2 0 0 2 0 0 0 1 0 0 0 0 0 2 0 2 0 2 0 2 0 2 0 2 0 2 0 0 2 0 0 0 2 0 0 2 0 2 0 0 2 0 0 0 2 0 2 0 0 0 0 0 2 0 0 1 0 0 2 0 0 0 1 0 1 0 0 2 0 0 1 0 0 2 0 1 0 1 0 2 0 0 0 1 0 2 0 0 0 2 0 2 0 0 0 2 0 1 0 2 0 0 0 0 0 2 0 2 0 0 0 0 2 0 0 0 2 0 0 1 0 0 0 0 0 0 0 0 2 0 1 0 0 0 1 0 2 0 2 0 0 1 0 1 0 1 0 2 0 1 0 0 0 1 0 0 0 0 0 0
113
153 17
0 2 0 0 2 0 2 0 0 1 0 2 0 0 2 0 0 0 0 0 2 0 2 0 2 0 0 1 0 2 0 2 0 0 0 0 0 1 0 0 0 0 1 0 0 0 1 0 0 2 0 2 0 0 0 0 2 0 1 0 0 0 0 2 0 0 0 2 0 2 0 0 1 0 2 0 2 0 2 0 0 1 0 0 0 0 0 0 2 0 1 0 0 1 0 1 0 0 0 1 0 0 2 0 2 0 2 0 0 2 0 2 0 0 2 0 0 2 0 0 2 0 2 0 2 0 2 0 0 0 0 2 0 0 0 2 0 0 0 2 0 2 0 0 2 0 2 0 2 0 0 0 0
95
175 7
2 0 1 0 0 0 1 0 2 0 1 0 1 0 0 1 0 0 0 1 0 0 1 0 0 1 0 0 0 0 0 2 0 2 0 0 0 0 0 1 0 2 0 0 2 0 1 0 0 0 2 0 0 0 1 0 2 0 1 0 1 0 0 0 0 0 0 2 0 0 0 2 0 0 0 2 0 0 2 0 1 0 2 0 1 0 0 1 0 0 0 1 0 2 0 0 0 1 0 0 0 2 0 0 2 0 1 0 2 0 2 0 0 2 0 0 0 2 0 0 0 0 0 2 0 0 1 0 1 0 2 0 2 0 0 2 0 0 0 0 0 0 2 0 1 0 2 0 2 0 2 0 0 0 0 1 0 0 0 0 0 0 2 0 0 0 0 0 2 0 0 2 0 1 0
62
168 12
1 0 0 1 0 1 0 1 0 2 0 1 0 0 0 1 0 0 1 0 1 0 0 2 0 2 0 0 0 2 0 1 0 1 0 0 2 0 2 0 2 0 0 0 0 0 0 2 0 0 0 2 0 0 2 0 1 0 0 0 0 0 1 0 1 0 0 2 0 0 2 0 2 0 0 2 0 2 0 0 2 0 0 0 1 0 0 1 0 1 0 2 0 0 0 0 2 0 1 0 1 0 0 1 0 2 0 0 0 0 0 0 1 0 1 0 1 0 0 0 2 0 2 0 2 0 0 0 2 0 0 1 0 2 0 0 2 0 0 0 0 1 0 0 1 0 1 0 2 0 2 0 0 0 0 2 0 0 0 2 0 0 0 0 2 0 0 0
145
57 19
0 0 0 2 0 0 0 0 0 1 0 0 0 0 0 2 0 0 2 0 0 1 0 0 2 0 0 0 0 0 0 2 0 1 0 0 0 0 0 0 0 0 2 0 0 1 0 0 2 0 0 0 0 0 2 0 0
11
76 19
0 0 2 0 2 0 1 0 0 0 0 0 0 1 0 0 0 1 0 0 2 0 2 0 0 0 2 0 0 1 0 0 0 2 0 0 2 0 0 0 0 1 0 0 1 0 0 0 0 0 1 0 2 0 2 0 0 1 0 0 2 0 0 0 2 0 0 0 2 0 2 0 2 0 2 0
22
63 3
2 0 2 0 2 0 2 0 0 2 0 2 0 0 0 0 2 0 1 0 0 0 0 2 0 0 1 0 2 0 1 0 1 0 2 0 2 0 0 0 0 0 1 0 0 1 0 0 2 0 0 1 0 2 0 0 0 2 0 0 2 0 0
31
126 9
0 2 0 1 0 0 0 1 0 2 0 2 0 0 0 0 0 1 0 0 2 0 2 0 0 2 0 0 0 0 2 0 2 0 0 2 0 2 0 0 0 0 1 0 2 0 2 0 0 1 0 1 0 2 0 0 2 0 0 0 0 0 2 0 0 2 0 0 2 0 2 0 1 0 0 2 0 0 1 0 1 0 0 0 2 0 2 0 2 0 2 0 2 0 2 0 0 0 1 0 1 0 2 0 2 0 1 0 2 0 2 0 0 2 0 2 0 0 1 0 0 1 0 0 2 0
52
170 17
0 1 0 2 0 0 2 0 1 0 2 0 0 0 0 0 2 0 0 0 0 0 2 0 0 0 1 0 1 0 1 0 2 0 1 0 0 2 0 0 1 0 2 0 0 2 0 0 0 0 1 0 0 0 2 0 2 0 1 0 1 0 0 2 0 0 0 0 0 0 0 0 0 0 2 0 0 0 2 0 0 2 0 2 0 0 0 2 0 0 1 0 2 0 2 0 1 0 2 0 0 0 2 0 2 0 1 0 2 0 0 2 0 2 0 0 1 0 0 0 2 0 1 0 0 0 0 1 0 0 1 0 0 0 0 0 0 2 0 0 1 0 2 0 0 0 0 0 0 0 0 0 1 0 1 0 1 0 2 0 0 1 0 2 0 0 0 1 0 0
75
48 4
1 0 0 2 0 2 0 0 2 0 1 0 2 0 2 0 2 0 2 0 2 0 1 0 2 0 0 2 0 0 0 1 0 2 0 0 2 0 0 2 0 2 0 2 0 1 0 0
24
112 16
0 1 0 0 0 2 0 0 0 0 1 0 1 0 0 0 1 0 0 0 0 1 0 2 0 0 2 0 0 2 0 0 2 0 0 0 0 1 0 2 0 0 1 0 0 2 0 0 0 1 0 1 0 2 0 0 2 0 2 0 0 2 0 0 0 2 0 2 0 0 1 0 0 0 2 0 0 0 0 0 2 0 0 0 0 0 2 0 0 2 0 0 2 0 0 0 0 0 2 0 2 0 0 0 0 2 0 1 0 2 0 0
56
135 9
2 0 1 0 0 0 2 0 1 0 2 0 1 0 0 0 0 0 2 0 2 0 1 0 2 0 2 0 2 0 1 0 0 0 0 1 0 0 0 0 2 0 0 0 0 2 0 1 0 2 0 2 0 2 0 0 1 0 1 0 2 0 0 2 0 1 0 2 0 2 0 1 0 1 0 0 2 0 0 1 0 2 0 0 2 0 2 0 2 0 2 0 0 1 0 1 0 0 1 0 0 1 0 2 0 2 0 0 0 2 0 2 0 2 0 2 0 2 0 0 0 2 0 2 0 2 0 0 2 0 0 2 0 0 0
67
129 3
0 0 0 0 2 0 1 0 0 0 0 1 0 0 0 0 1 0 1 0 1 0 0 0 1 0 2 0 1 0 2 0 0 0 2 0 0 0 2 0 2 0 0 2 0 0 1 0 2 0 0 2 0 0 0 0 0 0 2 0 0 2 0 2 0 0 0 2 0 2 0 2 0 0 0 0 0 1 0 0 0 2 0 0 0 0 0 2 0 1 0 0 1 0 2 0 0 2 0 0 0 0 2 0 2 0 2 0 2 0 0 2 0 0 0 2 0 2 0 2 0 1 0 0 2 0 2 0 0
43
75 15
0 0 1 0 0 2 0 0 0 0 0 0 0 1 0 1 0 0 0 0 0 2 0 0 0 2 0 0 2 0 0 1 0 0 0 0 2 0 0 0 2 0 2 0 0 0 0 1 0 0 1 0 0 0 0 0 0 0 2 0 0 2 0 0 0 2 0 0 1 0 2 0 2 0 0
22
117 13
2 0 1 0 0 0 0 2 0 2 0 1 0 0 0 0 2 0 2 0 1 0 0 2 0 1 0 0 1 0 2 0 2 0 2 0 2 0 0 0 1 0 0 0 0 1 0 1 0 0 1 0 2 0 2 0 0 0 1 0 2 0 0 2 0 2 0 2 0 1 0 0 0 0 2 0 2 0 1 0 0 0 1 0 0 0 0 2 0 0 0 2 0 0 1 0 2 0 0 0 1 0 2 0 2 0 1 0 0 2 0 0 0 1 0 0 0
50
91 7
0 2 0 2 0 0 1 0 0 2 0 2 0 0 0 1 0 2 0 2 0 0 1 0 2 0 0 0 2 0 2 0 1 0 1 0 0 2 0 2 0 2 0 2 0 1 0 0 0 2 0 0 1 0 1 0 1 0 1 0 1 0 2 0 0 2 0 0 2 0 0 0 2 0 1 0 0 0 1 0 0 1 0 0 2 0 1 0 2 0 0
55
55 1
1 0 0 1 0 1 0 1 0 0 1 0 0 1 0 0 0 2 0 1 0 1 0 0 0 0 2 0 0 0 0 0 0 0 0 2 0 0 0 2 0 0 0 2 0 0 2 0 0 0 2 0 2 0 0
12
111 1
0 0 2 0 2 0 0 2 0 2 0 1 0 0 1 0 2 0 0 0 0 2 0 0 0 1 0 2 0 0 0 1 0 2 0 0 1 0 2 0 2 0 2 0 1 0 0 0 0 2 0 2 0 1 0 2 0 2 0 2 0 2 0 1 0 1 0 1 0 1 0 1 0 0 2 0 1 0 0 1 0 0 1 0 1 0 0 0 1 0 1 0 2 0 0 1 0 0 0 2 0 0 0 0 0 2 0 0 0 2 0
96
90 15
2 0 0 2 0 0 1 0 0 2 0 0 0 2 0 0 0 0 1 0 1 0 0 0 2 0 0 0 2 0 0 0 2 0 0 0 2 0 0 0 1 0 1 0 2 0 2 0 0 0 0 0 2 0 0 1 0 0 0 0 0 1 0 1 0 0 0 0 2 0 0 0 2 0 0 2 0 0 0 0 1 0 1 0 0 2 0 1 0 0
83
120 12
2 0 2 0 0 0 0 2 0 0 2 0 0 2 0 0 2 0 0 0 2 0 2 0 0 2 0 0 0 0 0 1 0 0 2 0 1 0 1 0 0 0 0 2 0 2 0 1 0 0 0 2 0 0 0 0 0 0 2 0 0 0 0 1 0 0 0 2 0 0 2 0 2 0 0 1 0 2 0 0 0 2 0 1 0 2 0 0 2 0 0 0 0 0 0 0 1 0 0 0 0 2 0 0 1 0 1 0 0 0 0 1 0 1 0 0 1 0 2 0
102
85 17
0 0 1 0 0 1 0 0 2 0 0 1 0 0 0 0 2 0 2 0 2 0 1 0 0 0 2 0 0 0 2 0 1 0 0 1 0 0 1 0 0 0 2 0 0 2 0 0 0 0 1 0 0 0 0 0 1 0 0 0 2 0 1 0 0 0 0 2 0 0 0 1 0 0 0 1 0 2 0 0 2 0 0 2 0
42
105 5
0 2 0 0 1 0 0 0 1 0 2 0 0 1 0 1 0 0 2 0 0 2 0 0 0 2 0 2 0 1 0 2 0 1 0 0 1 0 2 0 0 0 2 0 1 0 2 0 0 1 0 2 0 1 0 1 0 2 0 1 0 1 0 1 0 2 0 2 0 2 0 0 0 0 0 0 0 0 0 2 0 0 0 0 0 2 0 0 2 0 0 0 0 2 0 1 0 2 0 2 0 2 0 2 0
55
72 9
2 0 2 0 2 0 0 0 0 2 0 1 0 1 0 0 0 2 0 0 0 2 0 0 0 0 2 0 1 0 1 0 0 1 0 2 0 0 2 0 0 2 0 1 0 1 0 0 0 2 0 2 0 2 0 0 2 0 0 2 0 0 0 0 2 0 0 0 0 0 1 0
67
83 1
1 0 0 1 0 0 2 0 0 1 0 2 0 0 0 1 0 2 0 0 2 0 0 0 0 2 0 0 2 0 0 1 0 0 1 0 2 0 0 2 0 1 0 0 1 0 0 0 1 0 2 0 0 1 0 0 0 1 0 0 1 0 2 0 0 0 2 0 0 2 0 1 0 0 2 0 1 0 2 0 0 0 0
10
120 5
1 0 2 0 0 1 0 0 0 1 0 0 2 0 2 0 2 0 0 0 1 0 0 0 0 0 1 0 1 0 2 0 1 0 1 0 0 0 2 0 0 1 0 0 0 2 0 0 1 0 0 0 2 0 0 0 0 0 1 0 1 0 0 2 0 2 0 2 0 2 0 0 0 0 0 0 2 0 1 0 2 0 2 0 0 0 0 1 0 0 0 2 0 0 0 0 1 0 1 0 1 0 2 0 1 0 2 0 2 0 0 1 0 2 0 0 2 0 2 0
57
84 3
2 0 0 0 1 0 2 0 2 0 0 2 0 1 0 1 0 0 2 0 2 0 2 0 0 2 0 0 0 0 2 0 2 0 1 0 2 0 0 0 0 1 0 0 0 2 0 0 2 0 2 0 2 0 1 0 0 1 0 2 0 2 0 0 0 1 0 2 0 1 0 0 0 2 0 0 2 0 2 0 0 0 0 0
58
108 2
0 1 0 0 0 0 0 0 0 2 0 0 0 0 0 2 0 0 0 0 2 0 1 0 2 0 1 0 2 0 0 0 0 2 0 0 0 1 0 0 2 0 2 0 1 0 2 0 0 0 1 0 2 0 0 2 0 0 2 0 0 0 2 0 1 0 2 0 2 0 0 1 0 0 2 0 2 0 0 0 2 0 2 0 2 0 1 0 2 0 0 0 1 0 0 0 2 0 0 0 2 0 1 0 1 0 2 0
20
149 1
0 1 0 2 0 1 0 0 2 0 2 0 2 0 2 0 2 0 1 0 2 0 0 0 0 2 0 0 0 0 0 1 0 1 0 0 0 2 0 1 0 0 1 0 0 2 0 2 0 0 2 0 2 0 1 0 2 0 2 0 1 0 0 0 1 0 0 2 0 2 0 0 0 0 0 0 0 2 0 0 2 0 0 0 1 0 0 2 0 2 0 0 0 0 0 0 2 0 0 1 0 0 2 0 2 0 0 2 0 2 0 1 0 2 0 0 0 2 0 0 0 0 1 0 1 0 1 0 0 0 1 0 0 0 1 0 1 0 2 0 0 2 0 0 0 2 0 2 0
74
182 14
0 1 0 0 1 0 0 0 0 1 0 1 0 2 0 0 0 0 2 0 0 2 0 2 0 0 0 0 0 0 0 0 0 2 0 2 0 0 0 0 2 0 0 0 2 0 1 0 1 0 2 0 1 0 0 0 2 0 2 0 1 0 2 0 0 0 2 0 2 0 0 0 1 0 2 0 0 0 0 0 2 0 1 0 0 2 0 1 0 2 0 0 1 0 0 2 0 2 0 0 0 2 0 0 0 1 0 1 0 2 0 2 0 0 0 0 0 0 2 0 2 0 1 0 0 0 2 0 2 0 2 0 0 2 0 2 0 0 1 0 0 2 0 2 0 0 0 0 0 1 0 0 2 0 0 0 2 0 0 1 0 2 0 0 2 0 2 0 0 2 0 2 0 2 0 1 0 0 0 2 0 0
172
121 11
1 0 2 0 2 0 0 2 0 1 0 0 2 0 0 0 0 0 0 0 0 0 0 0 2 0 0 0 0 1 0 0 0 2 0 0 2 0 1 0 0 0 0 0 1 0 2 0 2 0 2 0 1 0 0 0 0 0 0 2 0 0 0 2 0 0 2 0 1 0 2 0 0 2 0 0 0 0 2 0 0 2 0 2 0 0 0 0 1 0 0 2 0 2 0 0 0 2 0 0 0 0 2 0 1 0 0 1 0 0 0 2 0 2 0 2 0 0 2 0 0
67
44 11
2 0 0 0 0 0 0 0 0 0 0 0 0 0 2 0 0 2 0 0 1 0 2 0 2 0 1 0 0 0 2 0 1 0 0 0 2 0 1 0 0 0 1 0
32
75 15
0 0 2 0 0 1 0 0 1 0 0 0 0 1 0 2 0 0 1 0 0 0 2 0 0 0 1 0 2 0 2 0 1 0 0 1 0 0 2 0 0 0 0 0 0 2 0 0 2 0 2 0 0 0 0 0 1 0 1 0 2 0 0 2 0 1 0 0 2 0 0 0 1 0 0
52
189 3
2 0 0 2 0 0 2 0 0 0 0 2 0 0 1 0 2 0 1 0 1 0 0 0 0 0 0 0 2 0 1 0 2 0 1 0 0 2 0 0 1 0 0 1 0 0 0 0 1 0 0 0 2 0 0 2 0 0 1 0 0 2 0 0 1 0 1 0 1 0 0 0 2 0 0 0 1 0 2 0 0 1 0 0 2 0 2 0 0 1 0 0 0 1 0 0 2 0 1 0 0 0 0 0 0 2 0 1 0 0 1 0 1 0 2 0 2 0 0 1 0 2 0 2 0 0 0 2 0 2 0 2 0 0 0 2 0 0 2 0 0 2 0 0 2 0 0 2 0 0 2 0 2 0 0 0 0 0 2 0 0 2 0 2 0 0 1 0 0 0 0 0 2 0 2 0 0 0 2 0 0 0 2 0 0 0 0 0 0
98
184 8
2 0 0 0 2 0 1 0 0 2 0 1 0 0 0 0 2 0 2 0 2 0 0 1 0 0 0 2 0 0 0 1 0 0 1 0 2 0 0 2 0 2 0 2 0 0 2 0 0 0 2 0 0 1 0 0 0 0 0 1 0 0 0 2 0 0 1 0 0 1 0 0 0 0 2 0 2 0 0 0 2 0 2 0 0 2 0 0 1 0 2 0 2 0 0 2 0 0 1 0 1 0 0 0 1 0 0 2 0 0 1 0 0 0 0 2 0 1 0 1 0 2 0 2 0 2 0 2 0 2 0 1 0 2 0 0 0 0 2 0 0 0 1 0 2 0 0 0 2 0 0 0 2 0 0 0 0 1 0 0 0 0 0 1 0 0 0 0 1 0 0 0 0 1 0 1 0 0 0 1 0 1 0 0
52
160 10
2 0 0 0 1 0 0 2 0 0 0 2 0 1 0 0 2 0 0 0 0 2 0 2 0 1 0 2 0 2 0 0 0 1 0 0 0 0 0 0 0 0 2 0 1 0 1 0 2 0 1 0 0 1 0 1 0 2 0 0 0 0 0 0 0 1 0 2 0 2 0 0 2 0 2 0 2 0 2 0 2 0 1 0 0 1 0 0 0 2 0 1 0 0 0 0 1 0 2 0 0 0 1 0 2 0 0 0 0 1 0 0 1 0 0 0 1 0 2 0 0 2 0 0 0 2 0 0 2 0 1 0 1 0 2 0 0 1 0 2 0 1 0 0 1 0 2 0 0 0 1 0 2 0 2 0 2 0 1 0
48
165 11
0 2 0 2 0 0 2 0 2 0 2 0 2 0 0 2 0 2 0 1 0 2 0 0 0 1 0 0 2 0 2 0 0 2 0 1 0 0 2 0 1 0 0 2 0 2 0 2 0 2 0 2 0 0 2 0 0 1 0 0 2 0 1 0 2 0 0 0 1 0 2 0 2 0 0 2 0 0 2 0 1 0 1 0 2 0 2 0 1 0 0 1 0 0 2 0 2 0 2 0 2 0 0 1 0 0 2 0 0 0 0 2 0 0 0 1 0 0 2 0 1 0 0 2 0 0 2 0 2 0 0 2 0 0 0 0 0 0 2 0 2 0 1 0 2 0 0 0 0 0 1 0 1 0 2 0 1 0 2 0 2 0 0 0 0
60
57 19
1 0 0 0 1 0 1 0 0 0 0 0 2 0 0 2 0 0 0 2 0 2 0 0 0 0 0 0 2 0 2 0 0 1 0 0 1 0 0 2 0 0 1 0 0 1 0 0 0 2 0 1 0 0 0 2 0
24
168 12
2 0 0 1 0 0 0 0 1 0 0 0 1 0 0 0 2 0 2 0 0 1 0 0 1 0 2 0 0 0 2 0 2 0 0 2 0 0 2 0 1 0 1 0 2 0 0 2 0 2 0 0 0 2 0 0 1 0 2 0 0 1 0 0 2 0 2 0 0 0 0 2 0 1 0 2 0 2 0 1 0 0 1 0 2 0 0 2 0 2 0 2 0 0 1 0 2 0 0 0 2 0 2 0 2 0 1 0 2 0 1 0 1 0 1 0 1 0 0 2 0 1 0 2 0 0 0 2 0 0 2 0 1 0 0 2 0 2 0 0 0 2 0 0 0 2 0 2 0 2 0 2 0 0 2 0 0 2 0 1 0 0 2 0 1 0 2 0
63
188 4
1 0 2 0 0 0 1 0 2 0 2 0 2 0 1 0 0 2 0 1 0 2 0 0 0 2 0 2 0 2 0 2 0 1 0 2 0 0 0 0 1 0 2 0 2 0 0 2 0 1 0 0 0 2 0 1 0 0 2 0 2 0 1 0 2 0 0 2 0 2 0 0 0 2 0 1 0 1 0 1 0 1 0 2 0 0 0 0 2 0 0 1 0 0 0 0 2 0 0 0 2 0 0 0 0 0 0 2 0 1 0 0 2 0 0 0 2 0 2 0 2 0 2 0 2 0 0 2 0 0 2 0 2 0 2 0 2 0 0 0 0 0 2 0 0 0 1 0 2 0 0 2 0 1 0 2 0 2 0 2 0 2 0 2 0 0 1 0 0 0 2 0 2 0 2 0 2 0 0 0 2 0 1 0 2 0 0 0
21
182 13
1 0 0 2 0 0 1 0 1 0 0 0 2 0 2 0 2 0 0 0 1 0 2 0 2 0 2 0 2 0 0 0 2 0 0 1 0 1 0 0 2 0 2 0 0 2 0 1 0 0 2 0 0 0 1 0 0 0 2 0 2 0 2 0 1 0 0 0 1 0 1 0 2 0 1 0 2 0 0 0 2 0 0 0 0 0 2 0 2 0 2 0 0 0 2 0 2 0 0 2 0 0 1 0 2 0 0 1 0 2 0 0 0 2 0 2 0 0 0 1 0 1 0 2 0 0 0 0 0 1 0 0 2 0 0 1 0 1 0 0 2 0 2 0 0 2 0 2 0 0 2 0 1 0 1 0 0 0 0 2 0 2 0 1 0 2 0 0 0 0 0 0 2 0 2 0 0 1 0 2 0 0
44
90 10
2 0 1 0 0 0 2 0 0 1 0 0 0 0 0 1 0 0 1 0 0 2 0 1 0 0 0 1 0 0 1 0 0 0 1 0 1 0 0 2 0 2 0 1 0 1 0 0 0 1 0 1 0 0 2 0 0 1 0 0 0 0 0 2 0 0 2 0 2 0 2 0 0 2 0 1 0 0 2 0 0 2 0 0 0 0 2 0 0 0
33
153 17
1 0 2 0 2 0 1 0 0 0 0 1 0 0 0 0 0 0 0 1 0 2 0 1 0 0 0 0 0 1 0 0 0 1 0 0 2 0 0 2 0 0 0 1 0 0 0 0 0 2 0 0 2 0 0 1 0 2 0 2 0 0 0 0 2 0 2 0 1 0 2 0 1 0 0 0 0 0 2 0 0 2 0 1 0 1 0 2 0 0 2 0 2 0 2 0 0 2 0 2 0 0 0 1 0 1 0 0 0 0 0 0 0 0 2 0 0 0 0 2 0 1 0 0 0 0 0 0 1 0 0 0 1 0 0 1 0 0 0 0 2 0 2 0 1 0 0 2 0 0 0 1 0
148
64 16
0 0 2 0 0 0 2 0 0 1 0 0 0 2 0 0 2 0 0 0 1 0 1 0 1 0 2 0 0 0 2 0 2 0 2 0 0 0 0 0 2 0 2 0 1 0 1 0 2 0 0 0 0 1 0 0 1 0 0 0 0 1 0 0
27
112 4
1 0 0 2 0 2 0 1 0 2 0 0 1 0 0 0 0 2 0 0 1 0 2 0 0 0 0 0 0 0 2 0 0 0 2 0 2 0 0 2 0 1 0 2 0 2 0 0 0 0 0 2 0 2 0 0 2 0 0 2 0 0 1 0 1 0 2 0 0 0 1 0 2 0 2 0 0 0 2 0 2 0 2 0 2 0 0 2 0 2 0 1 0 0 0 2 0 0 0 0 1 0 0 2 0 2 0 0 0 1 0 0
87
90 3
2 0 0 0 1 0 1 0 0 1 0 2 0 2 0 2 0 0 1 0 2 0 0 0 2 0 1 0 2 0 2 0 0 2 0 0 1 0 0 1 0 2 0 0 1 0 1 0 1 0 2 0 1 0 1 0 1 0 0 0 2 0 0 2 0 2 0 1 0 0 2 0 2 0 2 0 0 0 0 0 0 0 1 0 0 0 0 0 1 0
25
200 8
0 2 0 2 0 2 0 0 2 0 2 0 1 0 0 1 0 0 0 0 0 2 0 2 0 0 0 2 0 1 0 2 0 0 2 0 0 2 0 2 0 0 0 0 2 0 1 0 1 0 0 1 0 1 0 0 0 2 0 0 0 0 0 1 0 2 0 2 0 2 0 1 0 2 0 0 2 0 1 0 0 0 1 0 1 0 1 0 1 0 2 0 0 1 0 2 0 2 0 0 2 0 0 0 1 0 2 0 2 0 0 0 2 0 0 2 0 0 0 2 0 2 0 2 0 0 0 0 0 2 0 2 0 1 0 2 0 0 0 0 0 0 2 0 1 0 1 0 1 0 2 0 1 0 1 0 2 0 0 0 0 2 0 2 0 0 0 0 1 0 0 1 0 2 0 2 0 0 2 0 2 0 2 0 2 0 0 0 2 0 2 0 2 0 2 0 1 0 2 0
57
130 10
1 0 0 0 2 0 2 0 0 2 0 1 0 0 0 1 0 1 0 2 0 2 0 0 1 0 1 0 0 1 0 0 0 1 0 0 0 1 0 2 0 2 0 1 0 2 0 0 2 0 2 0 0 2 0 0 2 0 1 0 1 0 2 0 0 1 0 0 1 0 0 0 0 1 0 1 0 0 1 0 2 0 1 0 0 0 1 0 2 0 0 2 0 0 1 0 1 0 0 1 0 0 0 0 0 2 0 2 0 0 1 0 0 0 0 2 0 0 0 2 0 2 0 2 0 0 2 0 2 0
35
156 4
1 0 2 0 2 0 2 0 1 0 0 0 0 2 0 0 1 0 0 2 0 0 2 0 2 0 0 0 0 0 1 0 2 0 0 0 0 0 0 0 2 0 0 1 0 2 0 0 1 0 0 1 0 2 0 0 0 0 0 1 0 0 2 0 1 0 0 1 0 1 0 1 0 2 0 1 0 0 2 0 1 0 0 0 2 0 0 2 0 2 0 1 0 1 0 0 1 0 0 0 1 0 2 0 2 0 2 0 2 0 0 0 0 1 0 0 0 0 2 0 2 0 0 0 2 0 0 2 0 2 0 0 2 0 2 0 0 2 0 1 0 2 0 1 0 2 0 0 2 0 0 1 0 1 0 0
111
154 11
2 0 0 1 0 0 1 0 2 0 1 0 0 0 2 0 0 2 0 0 2 0 0 2 0 0 0 0 0 1 0 2 0 2 0 0 0 0 2 0 2 0 1 0 2 0 2 0 0 0 0 2 0 2 0 0 1 0 0 0 0 1 0 2 0 0 0 1 0 0 2 0 1 0 1 0 2 0 1 0 0 0 1 0 1 0 0 0 2 0 2 0 2 0 0 2 0 0 2 0 0 2 0 0 2 0 2 0 1 0 0 0 0 1 0 1 0 0 1 0 0 1 0 2 0 0 0 1 0 2 0 0 0 2 0 0 0 0 0 0 0 1 0 0 2 0 0 1 0 1 0 0 1 0
154
189 7
0 1 0 1 0 0 0 0 0 0 2 0 1 0 1 0 0 1 0 0 0 2 0 1 0 2 0 1 0 2 0 0 0 2 0 2 0 0 0 0 1 0 2 0 2 0 2 0 0 0 2 0 1 0 0 0 0 0 0 1 0 0 2 0 1 0 2 0 2 0 2 0 2 0 0 0 0 2 0 0 0 2 0 0 1 0 2 0 1 0 0 1 0 2 0 1 0 2 0 1 0 0 2 0 0 2 0 0 1 0 2 0 1 0 0 1 0 2 0 2 0 0 0 2 0 0 0 0 2 0 2 0 1 0 0 2 0 2 0 1 0 2 0 1 0 2 0 0 2 0 0 0 0 0 1 0 2 0 0 0 2 0 2 0 2 0 2 0 1 0 0 1 0 0 1 0 1 0 0 1 0 2 0 1 0 0 2 0 0
163
198 11
0 0 2 0 0 2 0 1 0 1 0 2 0 0 1 0 2 0 0 2 0 1 0 2 0 0 2 0 0 1 0 1 0 1 0 0 2 0 2 0 0 0 2 0 1 0 0 0 0 0 2 0 2 0 1 0 1 0 2 0 0 2 0 0 1 0 0 2 0 0 0 0 0 2 0 0 1 0 2 0 2 0 0 1 0 1 0 2 0 0 1 0 0 0 2 0 0 2 0 0 0 0 2 0 0 0 2 0 0 1 0 0 0 2 0 2 0 0 2 0 1 0 2 0 1 0 2 0 1 0 0 1 0 1 0 0 0 2 0 0 0 2 0 0 0 0 2 0 2 0 0 0 2 0 1 0 2 0 0 0 0 0 1 0 2 0 2 0 1 0 0 0 2 0 2 0 0 2 0 0 1 0 1 0 1 0 1 0 1 0 0 0 2 0 0 1 0 0
37
180 12
0 2 0 0 0 0 2 0 0 0 2 0 0 2 0 0 0 1 0 2 0 2 0 0 2 0 2 0 2 0 0 0 0 1 0 0 2 0 0 0 0 2 0 0 0 1 0 1 0 0 1 0 2 0 0 0 2 0 2 0 0 0 0 0 2 0 0 0 0 0 2 0 2 0 0 0 2 0 0 0 1 0 0 2 0 1 0 1 0 0 0 2 0 1 0 1 0 0 2 0 2 0 1 0 0 2 0 1 0 0 1 0 1 0 0 0 2 0 2 0 2 0 1 0 0 2 0 2 0 1 0 0 2 0 0 0 0 1 0 2 0 1 0 2 0 2 0 0 2 0 0 0 0 2 0 2 0 1 0 2 0 2 0 0 0 2 0 2 0 0 0 1 0 2 0 0 2 0 2 0
11
160 20
2 0 0 0 0 2 0 0 2 0 0 2 0 0 1 0 2 0 2 0 1 0 0 0 2 0 1 0 0 1 0 0 2 0 2 0 1 0 2 0 2 0 1 0 0 0 2 0 2 0 0 1 0 2 0 0 0 0 0 0 0 2 0 0 0 0 2 0 0 0 2 0 1 0 1 0 0 0 0 0 0 0 2 0 0 0 0 0 2 0 0 2 0 0 1 0 0 2 0 2 0 0 0 0 1 0 1 0 0 0 1 0 2 0 0 2 0 1 0 0 0 1 0 1 0 2 0 0 2 0 0 0 0 0 1 0 2 0 2 0 0 0 0 0 1 0 1 0 2 0 0 0 0 0 0 2 0 0 1 0
19
128 4
1 0 1 0 2 0 0 1 0 0 0 0 1 0 0 2 0 0 2 0 1 0 0 0 2 0 1 0 0 0 2 0 1 0 0 2 0 2 0 0 0 2 0 0 2 0 1 0 0 0 2 0 2 0 0 0 2 0 0 0 1 0 0 0 1 0 2 0 0 1 0 2 0 0 2 0 1 0 1 0 1 0 0 0 2 0 1 0 0 2 0 0 0 0 1 0 2 0 1 0 1 0 1 0 1 0 0 0 2 0 1 0 1 0 1 0 2 0 0 0 0 0 2 0 1 0 0 0
118
167 1
2 0 0 1 0 0 0 0 2 0 0 1 0 0 0 2 0 0 2 0 1 0 0 0 2 0 0 1 0 1 0 0 0 1 0 0 1 0 1 0 2 0 2 0 2 0 2 0 1 0 0 0 0 2 0 2 0 2 0 0 2 0 0 1 0 2 0 1 0 2 0 2 0 0 2 0 2 0 2 0 2 0 2 0 1 0 2 0 0 0 2 0 0 0 1 0 1 0 1 0 2 0 1 0 0 0 0 0 1 0 2 0 1 0 1 0 0 2 0 1 0 2 0 2 0 0 0 2 0 1 0 0 0 2 0 0 2 0 0 2 0 1 0 0 1 0 0 0 2 0 0 0 0 0 0 2 0 0 2 0 0 2 0 0 0 0 0
166
143 11
1 0 2 0 0 0 2 0 1 0 2 0 0 0 2 0 2 0 0 0 0 2 0 1 0 0 2 0 0 2 0 2 0 0 1 0 0 0 0 2 0 0 1 0 2 0 0 0 2 0 0 0 0 0 2 0 2 0 0 1 0 0 0 0 0 1 0 0 0 0 2 0 2 0 0 0 2 0 2 0 0 2 0 1 0 1 0 2 0 2 0 2 0 0 2 0 0 1 0 0 0 0 1 0 1 0 0 2 0 0 0 1 0 1 0 1 0 2 0 2 0 0 0 0 0 0 0 1 0 0 2 0 2 0 0 1 0 2 0 1 0 2 0
49
133 1
2 0 0 0 0 0 2 0 2 0 1 0 0 0 2 0 1 0 1 0 0 2 0 2 0 0 1 0 1 0 1 0 0 1 0 0 2 0 1 0 1 0 0 2 0 0 2 0 2 0 0 0 1 0 2 0 0 1 0 2 0 2 0 2 0 0 0 2 0 2 0 2 0 0 0 2 0 2 0 1 0 0 2 0 1 0 2 0 2 0 1 0 1 0 0 2 0 0 0 0 1 0 0 2 0 0 0 2 0 2 0 1 0 0 1 0 1 0 2 0 0 2 0 0 1 0 0 0 0 1 0 1 0
14
156 3
2 0 2 0 2 0 2 0 0 2 0 1 0 0 1 0 2 0 0 1 0 2 0 0 0 1 0 0 0 0 2 0 2 0 2 0 2 0 0 0 0 0 2 0 2 0 2 0 1 0 0 0 1 0 1 0 0 2 0 0 1 0 2 0 2 0 1 0 0 2 0 0 1 0 0 1 0 1 0 0 2 0 0 1 0 0 0 1 0 1 0 0 2 0 1 0 1 0 0 2 0 0 2 0 0 2 0 0 0 0 2 0 0 2 0 2 0 0 1 0 0 0 0 0 2 0 2 0 2 0 2 0 0 0 0 2 0 2 0 0 2 0 0 1 0 0 0 2 0 0 0 2 0 2 0 0
87
178 2
0 0 2 0 1 0 0 0 0 1 0 0 2 0 0 0 2 0 0 2 0 2 0 0 0 1 0 0 0 2 0 2 0 2 0 2 0 1 0 2 0 1 0 2 0 0 0 2 0 0 0 1 0 1 0 0 0 0 2 0 0 1 0 2 0 1 0 0 1 0 0 0 1 0 0 2 0 1 0 1 0 0 1 0 2 0 2 0 0 2 0 2 0 0 1 0 2 0 2 0 1 0 0 0 2 0 2 0 1 0 2 0 0 1 0 2 0 0 2 0 2 0 0 2 0 1 0 0 2 0 2 0 2 0 1 0 0 1 0 0 2 0 2 0 1 0 0 1 0 0 1 0 1 0 0 0 0 0 0 1 0 0 1 0 0 0 0 0 1 0 2 0 0 1 0 1 0 0
36
182 14
2 0 1 0 2 0 0 2 0 0 0 0 0 0 2 0 1 0 1 0 1 0 0 1 0 0 0 2 0 0 2 0 1 0 2 0 1 0 0 1 0 1 0 0 2 0 2 0 1 0 0 0 2 0 2 0 0 0 0 0 0 0 1 0 0 2 0 0 0 2 0 0 0 2 0 0 1 0 2 0 0 0 1 0 1 0 1 0 0 1 0 1 0 0 2 0 2 0 2 0 0 1 0 0 2 0 0 2 0 0 0 2 0 1 0 0 0 0 2 0 2 0 2 0 1 0 0 0 2 0 2 0 0 1 0 0 2 0 1 0 0 2 0 2 0 2 0 0 0 2 0 2 0 0 0 0 1 0 2 0 0 0 0 0 0 0 1 0 0 1 0 0 2 0 2 0 2 0 0 1 0 0
149
77 11
2 0 0 0 1 0 0 1 0 0 1 0 0 0 2 0 0 1 0 0 0 1 0 2 0 0 2 0 0 1 0 0 0 0 0 2 0 1 0 0 0 0 2 0 0 0 0 0 0 2 0 1 0 0 1 0 2 0 2 0 1 0 0 2 0 1 0 0 0 0 2 0 1 0 2 0 0
50
112 14
1 0 0 1 0 0 0 0 0 2 0 2 0 0 0 0 0 0 2 0 2 0 2 0 1 0 0 0 0 2 0 0 2 0 0 2 0 0 0 0 2 0 2 0 1 0 0 0 2 0 0 2 0 0 1 0 0 1 0 0 2 0 0 0 1 0 0 0 0 0 1 0 0 0 2 0 0 0 2 0 0 1 0 0 2 0 0 0 2 0 0 1 0 1 0 0 2 0 2 0 0 1 0 0 0 0 1 0 1 0 0 0
68
120 5
0 0 0 0 0 0 0 1 0 1 0 0 2 0 2 0 0 2 0 0 2 0 2 0 0 2 0 0 1 0 1 0 2 0 0 0 1 0 1 0 0 0 2 0 0 2 0 0 2 0 1 0 0 0 0 0 0 0 1 0 0 2 0 2 0 0 0 1 0 2 0 0 0 2 0 2 0 1 0 1 0 2 0 2 0 0 0 0 2 0 1 0 2 0 0 0 1 0 0 0 0 0 0 0 0 1 0 1 0 1 0 0 0 2 0 2 0 2 0 0
66
104 13
1 0 0 1 0 1 0 0 0 0 0 2 0 0 0 0 0 2 0 2 0 1 0 0 0 0 2 0 2 0 2 0 1 0 2 0 0 2 0 0 0 0 0 0 0 1 0 0 2 0 2 0 1 0 0 0 1 0 2 0 2 0 1 0 1 0 0 2 0 0 1 0 0 0 0 2 0 1 0 0 0 0 1 0 2 0 1 0 0 2 0 2 0 0 0 0 2 0 0 2 0 2 0 0
26
128 16
0 1 0 1 0 0 0 0 1 0 2 0 0 0 0 0 2 0 0 0 2 0 2 0 2 0 2 0 0 0 0 0 1 0 1 0 1 0 1 0 0 1 0 2 0 2 0 0 1 0 1 0 1 0 2 0 1 0 2 0 0 1 0 0 2 0 2 0 0 0 2 0 1 0 1 0 0 0 0 0 0 2 0 1 0 0 0 0 0 0 2 0 1 0 0 0 0 2 0 0 2 0 0 0 2 0 0 1 0 1 0 0 0 0 0 1 0 0 1 0 0 0 2 0 2 0 0 0
104
162 6
2 0 0 2 0 2 0 2 0 0 0 1 0 0 2 0 0 0 2 0 0 0 0 2 0 0 0 0 2 0 0 1 0 1 0 1 0 1 0 2 0 0 1 0 0 2 0 0 2 0 1 0 0 0 2 0 0 0 1 0 0 2 0 0 2 0 0 0 0 2 0 2 0 0 0 1 0 2 0 1 0 0 1 0 1 0 2 0 0 1 0 0 0 0 1 0 2 0 0 0 1 0 2 0 0 0 1 0 2 0 0 0 2 0 2 0 0 2 0 0 1 0 0 1 0 1 0 0 0 2 0 0 1 0 0 0 1 0 0 0 2 0 0 0 0 0 1 0 2 0 2 0 0 0 1 0 2 0 1 0 1 0
140
153 1
0 1 0 1 0 1 0 2 0 1 0 2 0 0 0 0 0 2 0 1 0 1 0 0 0 1 0 1 0 2 0 2 0 0 0 2 0 0 0 1 0 0 0 0 1 0 2 0 0 1 0 0 1 0 1 0 0 1 0 0 0 2 0 0 0 0 2 0 1 0 0 0 2 0 1 0 1 0 0 1 0 2 0 1 0 0 2 0 2 0 0 1 0 0 0 1 0 2 0 1 0 2 0 1 0 1 0 1 0 0 1 0 0 2 0 0 1 0 0 2 0 1 0 2 0 0 2 0 1 0 0 0 0 2 0 2 0 0 2 0 2 0 1 0 1 0 1 0 0 1 0 0 0
36
189 3
2 0 0 0 1 0 1 0 1 0 2 0 2 0 2 0 0 2 0 0 0 0 0 2 0 2 0 0 0 1 0 0 0 2 0 0 2 0 2 0 2 0 0 1 0 0 2 0 2 0 0 0 0 1 0 2 0 0 0 2 0 1 0 2 0 1 0 2 0 0 0 2 0 0 2 0 0 0 0 2 0 1 0 0 0 1 0 2 0 0 1 0 2 0 2 0 0 0 0 1 0 0 1 0 2 0 0 0 1 0 2 0 0 0 0 2 0 0 2 0 1 0 0 1 0 0 2 0 0 1 0 1 0 0 0 0 1 0 1 0 0 0 0 1 0 2 0 0 0 2 0 1 0 0 2 0 2 0 0 2 0 0 1 0 2 0 0 0 2 0 0 0 2 0 0 1 0 1 0 2 0 0 2 0 0 0 0 2 0
130
152 8
2 0 2 0 1 0 0 0 0 2 0 0 0 0 1 0 1 0 0 0 2 0 2 0 0 1 0 1 0 0 2 0 0 1 0 0 2 0 0 1 0 0 0 0 0 0 0 0 0 0 1 0 2 0 0 1 0 0 0 1 0 2 0 2 0 2 0 0 2 0 2 0 2 0 0 0 0 2 0 0 2 0 1 0 2 0 1 0 1 0 2 0 0 1 0 0 0 2 0 0 1 0 2 0 0 2 0 0 1 0 2 0 2 0 0 0 1 0 0 2 0 0 2 0 1 0 2 0 0 2 0 2 0 0 1 0 2 0 0 2 0 2 0 0 2 0 2 0 0 0 1 0
36
144 9
0 0 0 1 0 0 1 0 0 0 0 1 0 1 0 0 2 0 2 0 2 0 2 0 0 0 0 2 0 2 0 0 2 0 0 0 2 0 0 0 1 0 0 0 0 1 0 0 1 0 0 2 0 0 2 0 2 0 2 0 0 2 0 0 1 0 0 0 0 0 0 0 2 0 0 0 2 0 0 0 0 2 0 0 2 0 2 0 2 0 2 0 0 0 0 0 0 1 0 1 0 0 2 0 1 0 0 0 1 0 1 0 1 0 0 2 0 0 0 2 0 2 0 0 0 0 2 0 0 0 0 2 0 0 0 0 2 0 1 0 2 0 0 0
7
168 4
2 0 2 0 0 0 0 2 0 0 0 0 2 0 0 2 0 2 0 0 0 2 0 2 0 1 0 0 2 0 0 0 1 0 1 0 2 0 0 1 0 0 0 0 2 0 0 0 1 0 2 0 0 0 0 2 0 2 0 2 0 2 0 2 0 0 2 0 2 0 1 0 0 2 0 2 0 2 0 0 0 1 0 0 2 0 0 1 0 0 2 0 2 0 0 0 0 2 0 0 2 0 0 0 0 1 0 1 0 0 1 0 0 2 0 0 1 0 2 0 2 0 2 0 0 0 1 0 0 0 0 0 1 0 1 0 2 0 2 0 1 0 2 0 1 0 0 2 0 2 0 1 0 2 0 1 0 1 0 2 0 2 0 2 0 0 2 0
28
105 15
1 0 0 0 1 0 0 0 0 0 0 0 1 0 0 0 0 1 0 0 0 0 2 0 0 2 0 0 2 0 2 0 1 0 0 0 1 0 2 0 1 0 0 0 2 0 2 0 0 0 0 2 0 2 0 0 1 0 2 0 0 0 0 0 2 0 0 2 0 0 2 0 0 1 0 2 0 0 0 0 2 0 2 0 0 2 0 0 1 0 0 1 0 2 0 1 0 0 2 0 2 0 2 0 0
101
91 7
1 0 2 0 0 1 0 0 1 0 1 0 0 0 2 0 2 0 0 0 2 0 0 0 0 0 2 0 1 0 1 0 0 2 0 1 0 2 0 0 2 0 0 2 0 2 0 2 0 1 0 0 0 1 0 0 1 0 0 0 0 1 0 2 0 2 0 0 2 0 2 0 0 2 0 2 0 0 0 2 0 2 0 2 0 2 0 1 0 0 0
33
140 20
2 0 0 0 1 0 0 1 0 2 0 1 0 0 2 0 2 0 0 2 0 1 0 1 0 1 0 0 0 0 1 0 2 0 0 1 0 0 2 0 1 0 0 0 2 0 0 2 0 0 1 0 0 1 0 0 2 0 1 0 0 1 0 1 0 0 2 0 0 0 2 0 2 0 0 0 0 0 1 0 0 0 0 0 1 0 0 0 2 0 0 2 0 1 0 0 2 0 1 0 2 0 2 0 0 2 0 0 2 0 0 0 0 0 0 1 0 0 0 0 2 0 0 2 0 0 1 0 2 0 2 0 0 0 0 2 0 0 1 0
128
120 8
1 0 0 2 0 2 0 2 0 1 0 2 0 2 0 0 1 0 0 2 0 1 0 0 1 0 0 1 0 0 1 0 2 0 0 0 0 0 0 2 0 2 0 2 0 0 0 2 0 2 0 1 0 0 1 0 0 0 0 0 0 2 0 0 2 0 0 2 0 2 0 1 0 2 0 2 0 0 0 0 0 0 2 0 0 1 0 0 2 0 0 0 2 0 0 2 0 1 0 0 2 0 0 0 0 2 0 0 0 1 0 2 0 0 0 2 0 2 0 0
83
144 9
0 1 0 1 0 2 0 2 0 0 0 0 0 2 0 0 2 0 0 0 2 0 0 1 0 1 0 2 0 2 0 0 0 1 0 1 0 1 0 2 0 0 0 1 0 1 0 0 0 2 0 2 0 1 0 0 2 0 0 0 0 2 0 0 1 0 0 0 0 0 0 0 0 1 0 0 0 0 0 0 1 0 0 1 0 1 0 1 0 0 0 1 0 0 2 0 0 2 0 1 0 2 0 2 0 2 0 2 0 0 1 0 0 0 0 2 0 0 0 0 0 2 0 1 0 0 2 0 0 2 0 0 0 0 0 2 0 0 2 0 0 0 0 0
100
54 3
1 0 0 0 1 0 0 0 0 0 1 0 1 0 2 0 0 0 0 2 0 2 0 0 1 0 2 0 2 0 1 0 0 2 0 0 2 0 2 0 2 0 0 2 0 0 0 2 0 2 0 1 0 0
46
85 17
1 0 0 0 0 2 0 0 0 0 0 0 0 1 0 1 0 2 0 0 2 0 2 0 0 0 1 0 0 0 2 0 2 0 0 2 0 2 0 0 2 0 1 0 0 2 0 2 0 0 0 2 0 2 0 0 1 0 2 0 1 0 1 0 0 0 0 1 0 0 2 0 1 0 0 0 1 0 1 0 2 0 0 2 0
34
126 2
0 0 0 0 2 0 2 0 0 2 0 0 0 2 0 0 2 0 0 1 0 2 0 2 0 0 0 0 1 0 2 0 2 0 1 0 2 0 0 2 0 0 2 0 1 0 0 0 2 0 2 0 0 0 0 0 1 0 1 0 1 0 0 2 0 1 0 1 0 2 0 2 0 1 0 0 2 0 1 0 0 0 0 1 0 0 0 1 0 2 0 2 0 2 0 2 0 0 2 0 0 0 1 0 0 2 0 2 0 0 0 1 0 1 0 2 0 1 0 0 2 0 1 0 0 0
104
160 2
2 0 2 0 1 0 2 0 1 0 1 0 0 0 1 0 2 0 0 2 0 2 0 2 0 0 2 0 0 0 2 0 0 0 2 0 0 2 0 2 0 0 2 0 0 1 0 2 0 2 0 0 2 0 2 0 2 0 0 2 0 2 0 0 2 0 0 2 0 0 0 2 0 2 0 2 0 2 0 0 2 0 2 0 2 0 1 0 1 0 1 0 0 0 0 2 0 0 2 0 0 0 2 0 0 0 1 0 0 2 0 2 0 2 0 0 1 0 2 0 1 0 0 0 1 0 2 0 2 0 2 0 1 0 1 0 0 0 2 0 1 0 2 0 0 1 0 2 0 0 0 0 0 1 0 0 2 0 2 0
97
84 14
0 2 0 0 1 0 2 0 0 0 1 0 2 0 2 0 0 0 0 0 1 0 0 0 1 0 2 0 1 0 2 0 0 0 2 0 0 2 0 0 2 0 2 0 0 0 0 0 2 0 2 0 1 0 0 2 0 1 0 0 0 2 0 0 0 0 0 0 0 2 0 0 2 0 2 0 0 0 2 0 1 0 0 0
43
190 19
0 2 0 0 2 0 2 0 2 0 2 0 0 1 0 1 0 1 0 0 1 0 0 2 0 1 0 2 0 0 1 0 0 0 0 0 0 1 0 0 2 0 1 0 2 0 0 2 0 0 2 0 2 0 0 0 0 0 0 0 2 0 1 0 1 0 2 0 2 0 2 0 0 1 0 0 2 0 2 0 0 2 0 1 0 0 0 0 1 0 1 0 0 0 0 2 0 0 0 0 0 1 0 0 0 0 0 0 2 0 0 2 0 2 0 1 0 1 0 0 2 0 0 2 0 1 0 2 0 0 2 0 0 2 0 2 0 1 0 0 2 0 0 0 1 0 2 0 0 0 2 0 2 0 0 2 0 0 1 0 0 2 0 1 0 0 0 1 0 0 2 0 2 0 2 0 0 0 0 0 1 0 2 0 1 0 1 0 0 0
45
192 1
2 0 2 0 2 0 2 0 0 0 0 0 2 0 2 0 2 0 2 0 0 0 0 0 2 0 2 0 1 0 0 2 0 2 0 2 0 0 1 0 0 0 2 0 2 0 0 1 0 1 0 0 1 0 1 0 0 0 1 0 0 2 0 0 1 0 0 0 1 0 0 2 0 0 2 0 2 0 2 0 2 0 2 0 0 2 0 0 0 1 0 0 2 0 1 0 0 0 2 0 0 2 0 1 0 0 0 2 0 0 1 0 0 2 0 1 0 2 0 0 0 0 2 0 1 0 2 0 0 0 2 0 1 0 2 0 1 0 0 2 0 1 0 0 2 0 1 0 0 1 0 0 2 0 0 2 0 0 2 0 0 2 0 2 0 1 0 0 0 0 0 1 0 1 0 2 0 2 0 1 0 0 2 0 2 0 0 0 0 0 2 0
174
160 20
0 0 0 0 0 0 2 0 2 0 2 0 2 0 1 0 2 0 0 1 0 0 0 0 0 2 0 0 0 0 2 0 0 1 0 0 0 1 0 0 0 0 2 0 0 2 0 0 0 0 2 0 0 0 2 0 2 0 0 2 0 0 0 0 1 0 0 2 0 1 0 0 0 0 2 0 2 0 0 0 0 0 2 0 2 0 0 0 2 0 0 1 0 0 0 0 0 0 0 0 2 0 0 0 0 0 1 0 0 0 1 0 0 1 0 0 1 0 2 0 2 0 2 0 0 0 2 0 2 0 0 1 0 1 0 0 0 1 0 0 0 1 0 0 0 0 0 0 0 1 0 0 2 0 1 0 1 0 0 0
3
154 7
0 0 2 0 2 0 0 0 2 0 1 0 1 0 2 0 1 0 2 0 0 0 0 2 0 0 0 2 0 2 0 0 2 0 0 0 1 0 1 0 2 0 0 0 1 0 0 0 2 0 0 2 0 0 0 2 0 2 0 1 0 0 0 2 0 0 0 1 0 1 0 0 1 0 0 2 0 0 1 0 2 0 1 0 0 0 0 0 0 1 0 1 0 1 0 1 0 0 1 0 2 0 0 2 0 2 0 0 0 0 2 0 2 0 0 1 0 0 2 0 0 1 0 0 2 0 2 0 2 0 0 0 1 0 2 0 2 0 2 0 0 0 2 0 1 0 2 0 0 2 0 1 0 0
139
36 18
0 0 0 0 0 0 0 0 0 0 0 0 2 0 0 0 1 0 0 0 2 0 0 0 1 0 1 0 0 0 0 0 1 0 2 0
5
120 8
2 0 0 1 0 0 1 0 2 0 1 0 0 0 0 0 2 0 1 0 2 0 2 0 1 0 0 1 0 0 2 0 1 0 2 0 1 0 2 0 2 0 0 0 0 0 0 2 0 1 0 0 0 0 2 0 0 2 0 0 1 0 1 0 2 0 1 0 0 0 0 2 0 1 0 1 0 2 0 0 1 0 2 0 2 0 0 0 0 0 2 0 0 0 0 0 0 0 0 2 0 2 0 0 0 0 2 0 0 2 0 0 0 0 1 0 1 0 0 0
118
56 2
1 0 0 1 0 0 0 0 1 0 2 0 1 0 0 2 0 2 0 0 0 2 0 1 0 0 0 0 0 2 0 1 0 0 2 0 0 0 2 0 2 0 2 0 0 1 0 0 0 0 0 2 0 0 0 0
18
150 2
2 0 0 0 1 0 2 0 0 1 0 0 0 2 0 0 0 0 0 2 0 1 0 1 0 0 0 0 0 2 0 1 0 2 0 2 0 0 0 0 0 0 1 0 0 0 2 0 1 0 0 0 0 0 2 0 0 2 0 0 2 0 2 0 2 0 0 2 0 0 2 0 1 0 0 0 2 0 0 0 0 1 0 0 2 0 1 0 1 0 1 0 1 0 1 0 2 0 0 1 0 0 1 0 1 0 1 0 0 2 0 0 0 0 2 0 0 1 0 2 0 0 0 0 0 1 0 1 0 0 0 2 0 1 0 1 0 1 0 0 0 2 0 2 0 0 0 2 0 0
53
195 13
1 0 2 0 2 0 0 1 0 0 0 0 0 0 0 1 0 1 0 0 0 0 0 0 2 0 2 0 0 0 1 0 0 0 0 0 2 0 1 0 0 1 0 2 0 0 1 0 1 0 2 0 0 2 0 0 0 1 0 0 0 2 0 1 0 1 0 0 0 0 0 2 0 2 0 1 0 0 0 0 2 0 0 1 0 0 0 1 0 0 1 0 0 2 0 2 0 0 1 0 1 0 0 1 0 1 0 2 0 1 0 1 0 0 2 0 2 0 2 0 2 0 1 0 0 2 0 0 2 0 2 0 0 1 0 0 2 0 2 0 0 0 2 0 2 0 1 0 0 0 1 0 1 0 2 0 0 0 0 2 0 0 0 0 0 2 0 0 0 0 0 0 0 1 0 2 0 2 0 0 1 0 1 0 0 2 0 0 2 0 2 0 1 0 0
85
85 17
2 0 1 0 0 0 0 2 0 0 0 0 2 0 0 2 0 2 0 0 1 0 0 0 0 0 2 0 2 0 0 2 0 2 0 1 0 2 0 0 0 1 0 0 0 2 0 2 0 0 2 0 0 0 0 1 0 1 0 0 2 0 0 2 0 2 0 2 0 0 2 0 1 0 0 2 0 0 0 0 0 0 2 0 0
74
190 10
0 2 0 0 1 0 0 1 0 0 0 2 0 0 0 1 0 1 0 2 0 1 0 0 2 0 1 0 1 0 0 2 0 0 2 0 1 0 2 0 2 0 1 0 2 0 0 2 0 0 2 0 2 0 1 0 0 2 0 1 0 2 0 0 2 0 2 0 0 0 1 0 2 0 0 0 2 0 2 0 2 0 2 0 0 2 0 1 0 2 0 0 0 0 0 2 0 1 0 0 0 1 0 2 0 1 0 0 2 0 0 2 0 0 2 0 0 0 1 0 2 0 0 2 0 0 2 0 2 0 0 0 0 0 0 2 0 1 0 0 0 0 2 0 2 0 0 2 0 2 0 0 1 0 2 0 0 2 0 2 0 0 1 0 2 0 0 0 1 0 0 1 0 0 1 0 0 0 2 0 0 0 2 0 0 1 0 0 0 0
75
76 19
0 0 2 0 0 2 0 0 2 0 0 0 2 0 1 0 0 2 0 0 2 0 2 0 1 0 1 0 2 0 0 0 2 0 1 0 0 2 0 0 2 0 1 0 1 0 1 0 0 1 0 0 2 0 2 0 2 0 0 0 0 0 0 0 0 0 0 0 0 2 0 0 0 0 2 0
61
72 12
2 0 2 0 0 0 2 0 1 0 1 0 0 2 0 0 1 0 2 0 2 0 2 0 0 0 2 0 0 0 1 0 0 1 0 0 0 2 0 0 2 0 0 2 0 1 0 0 0 0 0 0 0 0 0 2 0 2 0 0 0 0 2 0 0 0 0 2 0 2 0 0
23
52 4
0 0 2 0 2 0 1 0 0 1 0 2 0 0 0 2 0 2 0 0 0 1 0 0 0 0 2 0 1 0 2 0 0 2 0 0 2 0 0 2 0 2 0 0 0 0 0 0 2 0 2 0
10
85 5
0 1 0 2 0 2 0 0 0 2 0 0 2 0 0 2 0 0 2 0 0 2 0 1 0 2 0 2 0 1 0 0 0 0 0 0 2 0 0 0 1 0 2 0 0 0 0 0 2 0 0 2 0 0 0 1 0 0 1 0 1 0 0 0 2 0 2 0 0 0 0 2 0 0 0 2 0 2 0 1 0 0 0 0 0
62
84 12
1 0 1 0 0 2 0 0 0 1 0 1 0 0 1 0 2 0 1 0 0 1 0 0 1 0 0 0 0 1 0 2 0 2 0 0 0 0 0 0 2 0 0 0 0 0 1 0 0 0 1 0 1 0 2 0 0 0 2 0 0 0 0 1 0 1 0 0 2 0 0 1 0 1 0 0 0 1 0 1 0 0 1 0
54
81 3
0 0 0 2 0 2 0 0 0 2 0 2 0 0 0 0 2 0 0 2 0 0 0 1 0 0 0 0 2 0 1 0 2 0 2 0 0 2 0 0 0 1 0 0 1 0 2 0 0 0 0 1 0 0 0 1 0 0 0 0 0 2 0 2 0 0 2 0 2 0 0 1 0 1 0 2 0 2 0 0 0
2
112 7
1 0 2 0 2 0 0 2 0 1 0 1 0 2 0 0 2 0 2 0 0 1 0 2 0 0 1 0 0 1 0 0 1 0 2 0 0 1 0 2 0 2 0 0 0 2 0 0 0 1 0 0 2 0 0 2 0 2 0 0 0 2 0 0 0 2 0 0 0 2 0 1 0 2 0 1 0 1 0 0 2 0 1 0 2 0 2 0 0 1 0 0 0 2 0 0 1 0 0 1 0 2 0 2 0 1 0 2 0 1 0 0
42
156 6
0 2 0 0 1 0 0 0 2 0 2 0 1 0 2 0 2 0 0 2 0 0 2 0 1 0 2 0 1 0 1 0 1 0 1 0 2 0 0 0 1 0 0 2 0 2 0 0 2 0 2 0 0 0 0 2 0 0 0 0 2 0 1 0 0 0 0 2 0 2 0 0 0 1 0 1 0 0 2 0 0 2 0 0 0 2 0 1 0 1 0 0 0 0 1 0 0 0 2 0 0 2 0 0 2 0 1 0 0 2 0 0 0 0 0 0 0 2 0 2 0 0 2 0 0 1 0 0 1 0 0 2 0 0 0 0 0 2 0 2 0 2 0 1 0 2 0 2 0 0 0 2 0 0 1 0
133
155 5
0 2 0 0 0 0 1 0 0 0 2 0 0 0 1 0 1 0 2 0 2 0 0 0 0 0 0 1 0 2 0 1 0 0 1 0 0 0 2 0 1 0 0 2 0 0 0 0 0 0 0 0 1 0 0 0 1 0 0 1 0 0 2 0 0 2 0 1 0 0 1 0 1 0 1 0 2 0 0 2 0 0 0 0 2 0 1 0 2 0 1 0 0 0 2 0 0 1 0 2 0 2 0 2 0 1 0 0 0 2 0 0 2 0 1 0 2 0 0 0 1 0 0 0 0 0 0 0 0 2 0 1 0 2 0 2 0 0 0 0 2 0 0 2 0 1 0 2 0 2 0 0 2 0 0
66
54 18
0 0 0 2 0 0 1 0 0 0 1 0 2 0 0 0 0 0 2 0 0 2 0 0 2 0 0 1 0 0 1 0 0 0 0 0 0 2 0 1 0 0 0 0 0 2 0 0 2 0 0 0 0 0
16
166 1
2 0 0 2 0 2 0 2 0 1 0 0 2 0 0 0 0 2 0 2 0 1 0 0 0 2 0 2 0 1 0 2 0 0 2 0 2 0 2 0 0 0 0 2 0 1 0 0 0 1 0 0 0 2 0 2 0 2 0 0 0 0 0 0 1 0 1 0 0 0 2 0 1 0 2 0 2 0 2 0 0 2 0 0 0 2 0 2 0 1 0 1 0 0 1 0 1 0 1 0 2 0 2 0 0 2 0 1 0 2 0 0 0 2 0 2 0 2 0 2 0 1 0 2 0 0 1 0 0 2 0 0 0 0 0 2 0 2 0 1 0 1 0 2 0 2 0 0 0 2 0 0 1 0 1 0 0 2 0 0 0 1 0 2 0 0
22
72 4
0 2 0 0 2 0 1 0 1 0 0 0 2 0 0 2 0 0 1 0 1 0 0 1 0 2 0 1 0 2 0 1 0 0 1 0 1 0 1 0 2 0 2 0 0 1 0 0 1 0 0 0 0 0 0 0 2 0 0 0 2 0 2 0 2 0 0 0 0 0 0 0
65
91 7
0 2 0 0 0 0 2 0 0 1 0 2 0 0 0 0 1 0 0 2 0 0 1 0 0 0 2 0 1 0 0 0 0 0 2 0 0 2 0 0 0 2 0 1 0 1 0 0 0 0 2 0 2 0 2 0 0 0 0 2 0 1 0 2 0 2 0 1 0 0 0 1 0 1 0 0 2 0 2 0 1 0 2 0 2 0 0 2 0 2 0
52
140 7
1 0 1 0 1 0 2 0 0 2 0 2 0 0 1 0 1 0 2 0 2 0 0 0 0 2 0 0 2 0 1 0 0 1 0 0 0 2 0 0 2 0 2 0 1 0 1 0 2 0 0 1 0 2 0 0 0 2 0 0 0 0 2 0 0 2 0 2 0 0 0 2 0 0 0 0 2 0 1 0 0 2 0 0 2 0 0 2 0 0 0 0 0 1 0 2 0 0 2 0 1 0 0 1 0 2 0 0 2 0 0 2 0 2 0 0 0 0 0 0 0 2 0 2 0 2 0 2 0 2 0 0 1 0 1 0 0 1 0 0
9
84 6
2 0 0 0 0 2 0 2 0 2 0 0 0 0 1 0 0 0 0 1 0 0 1 0 1 0 0 0 0 0 2 0 0 1 0 0 1 0 0 0 1 0 1 0 0 1 0 2 0 0 1 0 0 0 0 0 2 0 0 2 0 2 0 0 0 0 2 0 0 0 1 0 0 1 0 0 1 0 0 1 0 0 0 0
16
90 15
2 0 0 0 0 0 2 0 0 1 0 0 0 2 0 2 0 0 1 0 2 0 2 0 0 2 0 2 0 0 0 2 0 0 1 0 0 2 0 1 0 0 0 0 0 0 0 0 1 0 2 0 2 0 0 0 2 0 2 0 0 0 1 0 2 0 0 2 0 2 0 0 0 1 0 2 0 0 0 2 0 0 0 0 0 2 0 2 0 0
2
183 1
2 0 1 0 0 2 0 0 1 0 0 0 2 0 0 1 0 0 1 0 1 0 2 0 1 0 2 0 2 0 2 0 0 0 1 0 0 0 2 0 2 0 2 0 2 0 2 0 0 1 0 0 0 0 0 1 0 0 1 0 1 0 1 0 0 1 0 1 0 0 0 2 0 2 0 0 0 1 0 1 0 0 2 0 0 1 0 0 0 0 1 0 1 0 0 0 2 0 0 2 0 2 0 2 0 2 0 1 0 0 0 1 0 0 0 0 1 0 2 0 1 0 2 0 0 0 2 0 0 2 0 0 0 1 0 2 0 2 0 2 0 0 1 0 0 0 1 0 0 1 0 1 0 1 0 2 0 1 0 2 0 0 0 0 0 2 0 2 0 1 0 0 0 2 0 0 0 0 0 2 0 2 0
161
150 10
1 0 2 0 0 2 0 2 0 2 0 1 0 1 0 0 0 2 0 0 1 0 1 0 1 0 2 0 2 0 1 0 0 0 1 0 0 2 0 0 0 1 0 2 0 2 0 1 0 2 0 2 0 0 1 0 1 0 2 0 0 2 0 2 0 1 0 0 0 0 2 0 2 0 0 0 1 0 2 0 0 0 2 0 0 0 1 0 1 0 2 0 0 2 0 1 0 2 0 2 0 2 0 0 0 2 0 2 0 2 0 0 1 0 0 1 0 2 0 0 2 0 1 0 2 0 1 0 2 0 0 0 0 0 0 2 0 2 0 1 0 0 2 0 0 0 0 2 0 0
103
144 16
2 0 2 0 1 0 0 0 0 0 1 0 0 2 0 2 0 0 0 0 1 0 2 0 0 0 0 0 0 0 0 0 0 2 0 0 0 2 0 2 0 2 0 0 0 2 0 0 0 0 2 0 1 0 0 0 0 2 0 2 0 0 0 0 0 0 1 0 2 0 0 0 1 0 1 0 2 0 1 0 0 2 0 1 0 1 0 0 1 0 0 0 1 0 2 0 1 0 0 2 0 0 2 0 2 0 0 0 2 0 0 0 0 2 0 2 0 1 0 0 0 0 0 2 0 0 0 2 0 0 2 0 2 0 0 1 0 1 0 0 1 0 2 0
124
80 16
0 1 0 0 0 2 0 0 2 0 2 0 0 1 0 2 0 2 0 0 0 1 0 2 0 1 0 0 2 0 2 0 2 0 0 1 0 1 0 0 0 2 0 0 0 1 0 2 0 0 1 0 0 2 0 0 1 0 0 0 0 0 0 0 0 0 0 2 0 0 0 0 0 1 0 2 0 0 0 0
17
100 20
2 0 0 2 0 0 1 0 2 0 1 0 1 0 0 2 0 0 2 0 2 0 0 1 0 1 0 2 0 0 2 0 2 0 0 2 0 1 0 0 2 0 1 0 0 1 0 0 0 0 0 1 0 1 0 0 0 1 0 0 0 0 2 0 0 1 0 1 0 0 0 0 0 0 0 2 0 2 0 0 0 0 0 1 0 0 2 0 1 0 0 2 0 0 0 1 0 1 0 0
82
153 17
0 2 0 2 0 1 0 1 0 0 0 0 1 0 2 0 2 0 1 0 2 0 2 0 0 1 0 0 0 0 2 0 0 2 0 0 1 0 1 0 2 0 2 0 0 2 0 0 0 1 0 0 1 0 0 1 0 0 0 0 2 0 0 1 0 0 0 2 0 1 0 0 0 2 0 1 0 0 1 0 0 0 2 0 0 0 0 0 2 0 0 2 0 2 0 1 0 2 0 0 0 0 1 0 2 0 2 0 2 0 1 0 0 0 1 0 0 0 0 1 0 1 0 0 2 0 0 0 0 1 0 2 0 1 0 1 0 0 0 0 2 0 1 0 2 0 2 0 2 0 0 1 0
89
126 14
2 0 2 0 1 0 2 0 0 0 1 0 0 0 0 2 0 0 2 0 2 0 0 0 1 0 0 0 1 0 0 2 0 2 0 0 2 0 2 0 0 2 0 0 0 1 0 2 0 2 0 0 1 0 1 0 2 0 0 0 0 1 0 2 0 0 1 0 2 0 2 0 1 0 1 0 2 0 1 0 0 0 2 0 0 0 2 0 2 0 0 2 0 2 0 2 0 1 0 0 0 0 0 0 1 0 2 0 1 0 0 2 0 2 0 0 0 0 1 0 2 0 0 2 0 0
26
174 6
0 2 0 0 1 0 2 0 1 0 1 0 0 2 0 0 2 0 0 0 0 2 0 0 0 2 0 0 0 0 1 0 2 0 0 2 0 0 0 0 0 0 2 0 2 0 0 2 0 0 2 0 0 0 2 0 2 0 1 0 1 0 1 0 2 0 1 0 0 2 0 2 0 0 0 0 1 0 0 1 0 2 0 1 0 1 0 0 0 1 0 0 0 0 1 0 0 1 0 2 0 0 2 0 2 0 1 0 1 0 2 0 0 2 0 0 2 0 0 1 0 1 0 0 2 0 1 0 0 1 0 0 2 0 0 1 0 0 1 0 0 1 0 0 0 0 0 0 2 0 0 1 0 2 0 0 1 0 0 2 0 0 0 1 0 0 2 0 1 0 0 2 0 0
171
174 6
2 0 2 0 0 0 2 0 1 0 0 0 0 2 0 2 0 1 0 0 2 0 0 0 2 0 0 1 0 2 0 0 2 0 1 0 2 0 0 1 0 1 0 2 0 2 0 0 0 2 0 0 0 0 1 0 2 0 1 0 2 0 0 2 0 2 0 2 0 0 0 2 0 0 0 0 1 0 0 0 2 0 2 0 0 1 0 2 0 1 0 0 2 0 2 0 1 0 0 2 0 0 2 0 2 0 0 2 0 1 0 1 0 1 0 0 0 0 2 0 1 0 0 0 1 0 1 0 0 1 0 0 1 0 2 0 0 0 0 1 0 1 0 0 0 0 0 2 0 1 0 0 0 0 0 2 0 0 0 0 1 0 1 0 0 2 0 2 0 1 0 2 0 0
127
117 13
2 0 1 0 1 0 1 0 0 1 0 2 0 0 0 1 0 0 2 0 0 0 2 0 0 1 0 0 1 0 2 0 2 0 0 0 0 2 0 1 0 0 1 0 0 1 0 2 0 2 0 1 0 0 0 2 0 0 0 0 2 0 0 0 0 0 1 0 1 0 2 0 2 0 1 0 1 0 0 0 0 0 1 0 2 0 2 0 2 0 2 0 2 0 1 0 0 1 0 2 0 1 0 0 0 0 0 0 0 0 2 0 0 2 0 1 0
59
150 15
1 0 1 0 0 0 0 1 0 0 2 0 0 0 0 2 0 1 0 0 1 0 2 0 2 0 0 0 2 0 0 0 2 0 1 0 0 0 0 0 2 0 0 0 1 0 2 0 0 0 0 0 2 0 0 1 0 2 0 0 0 2 0 0 2 0 1 0 0 0 1 0 1 0 0 1 0 0 0 0 1 0 2 0 0 2 0 1 0 0 0 0 2 0 2 0 2 0 2 0 2 0 2 0 0 2 0 0 2 0 1 0 1 0 2 0 0 2 0 0 2 0 0 1 0 2 0 1 0 0 2 0 0 0 1 0 0 2 0 0 0 2 0 2 0 0 0 0 0 0
38
90 9
0 2 0 0 2 0 2 0 0 0 0 0 0 0 0 1 0 1 0 0 1 0 2 0 0 2 0 2 0 0 0 0 0 1 0 0 0 1 0 0 0 1 0 2 0 0 0 1 0 0 0 2 0 2 0 0 0 1 0 0 0 0 0 2 0 0 2 0 2 0 2 0 1 0 1 0 0 0 2 0 1 0 0 0 0 1 0 2 0 0
44
90 18
0 0 1 0 0 0 0 0 2 0 2 0 0 0 0 0 2 0 0 0 0 0 0 0 0 0 0 0 1 0 0 1 0 0 0 1 0 0 2 0 2 0 0 0 0 0 2 0 2 0 0 2 0 2 0 0 0 0 0 0 1 0 0 1 0 0 0 0 2 0 0 0 2 0 0 2 0 2 0 0 0 0 2 0 0 2 0 2 0 0
70
180 20
1 0 0 1 0 2 0 0 0 0 1 0 2 0 1 0 0 0 2 0 0 0 1 0 0 0 0 2 0 0 0 0 0 0 1 0 0 2 0 0 0 0 2 0 0 1 0 1 0 0 2 0 2 0 1 0 2 0 2 0 0 0 0 1 0 0 0 0 2 0 2 0 0 1 0 0 1 0 2 0 0 2 0 0 1 0 0 2 0 0 0 2 0 2 0 1 0 0 0 0 1 0 2 0 2 0 1 0 0 0 1 0 2 0 0 2 0 1 0 2 0 0 0 0 2 0 1 0 0 2 0 0 0 2 0 2 0 0 0 1 0 2 0 0 2 0 0 2 0 0 0 1 0 2 0 0 0 1 0 0 1 0 1 0 2 0 2 0 0 2 0 2 0 0 2 0 2 0 0 0
120
154 7
0 2 0 2 0 1 0 0 0 0 0 0 0 2 0 2 0 1 0 1 0 0 1 0 0 0 2 0 0 0 0 0 0 2 0 0 0 1 0 0 0 0 0 0 0 2 0 0 0 0 1 0 0 2 0 0 2 0 2 0 1 0 0 2 0 0 2 0 1 0 0 1 0 2 0 2 0 0 2 0 0 2 0 0 0 0 0 0 1 0 1 0 1 0 2 0 0 1 0 0 0 1 0 0 1 0 1 0 2 0 2 0 2 0 2 0 2 0 0 2 0 0 0 1 0 0 2 0 2 0 1 0 1 0 0 0 2 0 2 0 0 0 2 0 0 2 0 2 0 2 0 0 1 0
113
60 1
1 0 2 0 2 0 0 0 0 0 0 0 1 0 0 2 0 0 2 0 2 0 1 0 0 0 2 0 0 0 0 0 0 1 0 2 0 0 0 2 0 2 0 2 0 0 1 0 0 0 0 0 2 0 0 2 0 2 0 0
44
98 14
2 0 0 0 0 2 0 0 0 0 2 0 2 0 0 2 0 1 0 2 0 1 0 0 0 0 0 0 0 1 0 1 0 1 0 0 2 0 1 0 0 0 1 0 0 0 0 1 0 2 0 1 0 2 0 0 0 1 0 0 2 0 0 2 0 0 2 0 0 0 2 0 0 0 2 0 0 2 0 1 0 1 0 0 0 1 0 2 0 0 0 0 0 1 0 1 0 0
47
120 10
0 1 0 1 0 2 0 0 0 1 0 0 1 0 0 0 1 0 0 1 0 2 0 0 0 1 0 1 0 0 2 0 0 0 2 0 2 0 1 0 0 1 0 0 0 0 2 0 2 0 1 0 2 0 0 1 0 0 0 0 2 0 2 0 0 0 2 0 0 2 0 0 1 0 2 0 2 0 0 0 2 0 0 0 0 2 0 2 0 0 1 0 0 2 0 0 0 2 0 0 1 0 1 0 1 0 2 0 0 0 0 2 0 0 0 0 2 0 1 0
48
156 13
1 0 0 0 2 0 2 0 1 0 2 0 0 0 2 0 0 2 0 1 0 0 1 0 0 1 0 0 2 0 2 0 2 0 0 0 0 1 0 2 0 1 0 0 0 0 1 0 2 0 2 0 0 0 0 2 0 0 0 0 2 0 1 0 0 2 0 2 0 2 0 0 0 2 0 0 2 0 0 0 2 0 0 0 0 2 0 1 0 2 0 2 0 0 1 0 0 0 2 0 0 1 0 0 2 0 0 0 0 1 0 2 0 2 0 2 0 0 2 0 1 0 0 2 0 2 0 1 0 0 0 0 2 0 1 0 0 2 0 2 0 2 0 0 0 2 0 0 0 1 0 2 0 2 0 0
23
112 7
0 0 2 0 0 1 0 0 0 1 0 0 0 1 0 0 2 0 1 0 0 0 1 0 1 0 2 0 2 0 1 0 0 0 0 0 0 0 0 2 0 0 1 0 2 0 0 0 2 0 0 1 0 1 0 0 0 2 0 2 0 0 2 0 2 0 0 0 2 0 0 2 0 0 0 1 0 0 0 0 0 1 0 0 0 0 2 0 1 0 2 0 2 0 2 0 1 0 0 2 0 2 0 2 0 0 0 0 0 0 2 0
31
165 15
2 0 1 0 0 0 0 2 0 0 0 2 0 0 2 0 0 1 0 2 0 0 1 0 0 1 0 0 2 0 1 0 0 0 0 0 1 0 0 0 0 0 2 0 1 0 1 0 1 0 2 0 2 0 0 1 0 1 0 1 0 2 0 0 0 0 0 1 0 0 0 2 0 0 1 0 0 2 0 1 0 0 2 0 2 0 0 0 1 0 2 0 2 0 1 0 0 0 0 0 0 2 0 1 0 2 0 1 0 0 0 2 0 1 0 2 0 1 0 0 0 0 1 0 2 0 1 0 0 1 0 0 2 0 0 2 0 0 2 0 0 1 0 2 0 2 0 2 0 1 0 2 0 0 1 0 0 1 0 2 0 2 0 2 0
37
136 4
0 2 0 2 0 1 0 1 0 0 2 0 0 2 0 0 1 0 0 2 0 0 0 2 0 2 0 0 0 1 0 2 0 0 0 0 2 0 1 0 0 2 0 0 0 2 0 0 2 0 1 0 2 0 0 0 0 0 0 0 0 0 0 2 0 1 0 0 1 0 2 0 0 0 2 0 0 1 0 0 0 2 0 0 0 2 0 0 0 0 2 0 0 0 0 2 0 2 0 0 1 0 0 0 1 0 2 0 1 0 1 0 2 0 0 1 0 1 0 0 0 2 0 2 0 0 2 0 1 0 0 0 1 0 0 0
104
48 12
1 0 0 0 0 1 0 0 0 1 0 0 0 1 0 0 0 0 2 0 0 2 0 0 0 0 0 0 0 0 1 0 0 0 0 0 2 0 0 0 1 0 1 0 2 0 2 0
21
195 5
2 0 2 0 2 0 2 0 0 0 2 0 1 0 0 0 0 0 0 0 0 2 0 0 0 1 0 0 1 0 0 0 0 2 0 2 0 2 0 2 0 0 0 1 0 0 2 0 2 0 0 2 0 0 0 2 0 1 0 0 0 2 0 2 0 1 0 0 0 1 0 0 2 0 2 0 0 0 2 0 1 0 1 0 0 1 0 0 1 0 2 0 1 0 0 1 0 0 2 0 1 0 2 0 0 0 2 0 2 0 1 0 1 0 0 0 0 1 0 0 0 0 0 0 2 0 0 2 0 1 0 1 0 2 0 1 0 2 0 2 0 1 0 0 0 0 1 0 1 0 2 0 1 0 1 0 0 2 0 0 0 2 0 0 0 2 0 1 0 0 0 1 0 0 2 0 0 0 2 0 0 2 0 1 0 0 1 0 1 0 0 0 0 2 0
15
144 18
0 1 0 0 1 0 2 0 2 0 1 0 1 0 2 0 2 0 1 0 2 0 2 0 0 2 0 0 0 2 0 0 2 0 1 0 1 0 2 0 0 0 0 2 0 2 0 0 0 0 1 0 0 2 0 0 0 1 0 1 0 2 0 0 2 0 0 0 0 2 0 0 0 2 0 0 0 0 1 0 0 0 1 0 2 0 2 0 1 0 1 0 0 2 0 0 2 0 0 2 0 2 0 0 0 0 0 0 1 0 2 0 2 0 0 2 0 2 0 0 1 0 2 0 2 0 1 0 1 0 0 0 0 1 0 0 2 0 0 2 0 2 0 0
18
104 4
0 0 1 0 0 2 0 2 0 1 0 0 0 2 0 0 0 0 1 0 2 0 1 0 2 0 0 2 0 2 0 2 0 1 0 0 0 0 0 1 0 0 0 0 0 1 0 0 2 0 1 0 2 0 0 0 1 0 1 0 0 0 0 2 0 0 0 2 0 2 0 2 0 0 0 2 0 0 0 1 0 1 0 1 0 0 2 0 0 1 0 1 0 0 2 0 0 1 0 1 0 0 0 0
83
196 2
0 2 0 0 1 0 0 0 1 0 1 0 2 0 0 2 0 0 2 0 1 0 0 0 2 0 2 0 1 0 0 1 0 1 0 1 0 2 0 2 0 1 0 0 0 0 0 0 2 0 1 0 2 0 0 2 0 0 0 0 0 0 1 0 0 0 2 0 0 2 0 1 0 0 0 0 0 0 1 0 0 0 1 0 2 0 2 0 1 0 1 0 0 0 0 0 0 0 0 2 0 2 0 0 2 0 0 2 0 0 2 0 2 0 0 1 0 0 1 0 2 0 2 0 1 0 0 0 1 0 1 0 2 0 1 0 2 0 0 1 0 0 2 0 2 0 2 0 2 0 0 2 0 0 0 0 1 0 2 0 2 0 1 0 0 2 0 0 2 0 0 0 0 1 0 2 0 1 0 2 0 1 0 0 0 1 0 1 0 0 2 0 0 2 0 0
40
162 6
2 0 0 0 0 1 0 2 0 0 0 0 0 1 0 0 1 0 0 2 0 1 0 0 2 0 0 0 0 0 0 1 0 0 0 1 0 0 2 0 0 2 0 0 2 0 0 0 0 2 0 0 2 0 2 0 0 2 0 2 0 2 0 2 0 0 1 0 2 0 1 0 0 0 1 0 1 0 1 0 0 0 1 0 1 0 0 0 2 0 0 2 0 0 1 0 1 0 1 0 2 0 1 0 0 1 0 0 2 0 1 0 0 1 0 0 1 0 1 0 2 0 2 0 0 1 0 2 0 2 0 0 0 0 0 2 0 2 0 1 0 0 0 0 2 0 1 0 2 0 1 0 2 0 2 0 1 0 0 0 0 0
67
75 5
1 0 1 0 1 0 0 1 0 0 2 0 2 0 0 1 0 1 0 2 0 2 0 2 0 2 0 0 0 0 2 0 2 0 0 2 0 0 1 0 0 0 0 2 0 1 0 2 0 1 0 2 0 2 0 0 2 0 0 0 0 0 1 0 0 2 0 0 2 0 1 0 2 0 0
20
184 8
0 2 0 1 0 0 0 2 0 2 0 2 0 0 2 0 2 0 2 0 1 0 0 1 0 1 0 2 0 2 0 1 0 0 0 1 0 2 0 0 1 0 0 2 0 0 0 0 0 0 1 0 2 0 0 2 0 0 0 1 0 1 0 2 0 2 0 0 0 0 2 0 2 0 2 0 2 0 0 2 0 2 0 1 0 2 0 1 0 2 0 0 2 0 2 0 0 2 0 1 0 1 0 0 0 2 0 2 0 0 1 0 0 2 0 1 0 2 0 1 0 2 0 2 0 0 0 2 0 0 1 0 1 0 0 2 0 0 0 0 1 0 2 0 2 0 1 0 0 2 0 2 0 0 2 0 1 0 0 1 0 2 0 2 0 1 0 0 0 2 0 2 0 2 0 0 0 0 0 2 0 1 0 0
114
104 13
0 2 0 2 0 2 0 0 1 0 2 0 2 0 0 0 2 0 2 0 0 2 0 0 0 0 0 1 0 0 2 0 2 0 1 0 1 0 1 0 1 0 0 2 0 0 0 0 2 0 2 0 2 0 0 0 2 0 0 0 2 0 2 0 2 0 0 2 0 2 0 0 1 0 0 0 1 0 2 0 0 0 0 0 0 0 2 0 2 0 0 1 0 1 0 0 2 0 2 0 2 0 2 0
46
84 12
2 0 1 0 2 0 0 0 2 0 1 0 0 0 2 0 2 0 2 0 0 2 0 2 0 1 0 0 0 2 0 2 0 2 0 1 0 0 0 2 0 0 1 0 1 0 0 0 0 1 0 0 0 0 0 0 0 2 0 0 0 1 0 0 2 0 2 0 2 0 0 0 1 0 2 0 0 0 0 0 0 0 0 0
70
175 7
0 0 2 0 0 0 1 0 2 0 0 0 0 0 0 2 0 0 2 0 0 0 1 0 0 1 0 0 0 2 0 1 0 0 2 0 2 0 1 0 2 0 2 0 0 2 0 2 0 0 2 0 0 1 0 1 0 1 0 0 2 0 2 0 2 0 2 0 0 2 0 0 0 2 0 2 0 0 0 0 2 0 0 2 0 2 0 2 0 2 0 2 0 0 0 2 0 2 0 0 1 0 2 0 2 0 1 0 0 1 0 0 0 0 2 0 1 0 2 0 2 0 2 0 0 1 0 2 0 2 0 2 0 0 2 0 2 0 0 2 0 0 2 0 2 0 2 0 0 0 2 0 0 2 0 2 0 2 0 1 0 0 1 0 1 0 0 0 0 2 0 2 0 1 0
48
84 1
1 0 0 1 0 2 0 1 0 1 0 0 0 0 1 0 1 0 0 1 0 2 0 1 0 0 1 0 2 0 1 0 0 0 2 0 0 0 2 0 2 0 1 0 2 0 0 0 1 0 1 0 2 0 2 0 2 0 1 0 0 0 1 0 2 0 0 2 0 2 0 2 0 2 0 0 0 0 0 1 0 0 0 0
33
180 20
0 2 0 2 0 2 0 2 0 0 2 0 2 0 0 1 0 0 2 0 0 0 1 0 1 0 0 0 0 1 0 0 1 0 1 0 0 1 0 1 0 1 0 0 0 1 0 0 1 0 0 2 0 0 2 0 0 0 1 0 1 0 0 0 0 2 0 2 0 1 0 0 1 0 0 1 0 2 0 2 0 0 0 2 0 0 0 0 0 0 2 0 0 0 2 0 0 1 0 1 0 1 0 2 0 2 0 0 2 0 1 0 0 0 1 0 0 0 0 0 2 0 1 0 0 0 1 0 0 2 0 0 2 0 0 1 0 0 2 0 2 0 0 0 0 0 0 2 0 0 1 0 0 2 0 0 2 0 0 2 0 0 0 2 0 2 0 2 0 0 0 0 2 0 0 0 1 0 1 0
26
156 13
2 0 2 0 0 0 0 1 0 0 0 0 1 0 1 0 1 0 0 1 0 0 1 0 1 0 2 0 2 0 0 2 0 0 2 0 0 2 0 2 0 0 0 0 2 0 2 0 2 0 0 0 0 2 0 2 0 1 0 0 2 0 2 0 2 0 0 0 1 0 1 0 2 0 0 1 0 1 0 2 0 2 0 0 2 0 0 0 2 0 2 0 2 0 0 0 1 0 2 0 2 0 1 0 2 0 1 0 0 1 0 0 0 1 0 1 0 1 0 0 2 0 0 2 0 2 0 2 0 1 0 0 2 0 2 0 0 0 0 0 1 0 2 0 0 0 1 0 2 0 0 0 0 2 0 0
29
184 8
0 0 0 0 2 0 2 0 1 0 1 0 0 0 1 0 0 0 0 1 0 2 0 1 0 0 1 0 1 0 1 0 2 0 0 0 0 0 1 0 2 0 1 0 1 0 2 0 0 0 0 2 0 2 0 2 0 1 0 2 0 1 0 2 0 0 1 0 0 0 0 2 0 2 0 2 0 0 0 0 0 2 0 0 2 0 2 0 2 0 0 0 2 0 0 0 2 0 2 0 2 0 2 0 2 0 0 2 0 2 0 1 0 2 0 0 2 0 2 0 0 1 0 0 0 1 0 0 2 0 0 1 0 0 2 0 0 0 1 0 0 1 0 2 0 1 0 1 0 1 0 1 0 0 0 2 0 0 0 2 0 1 0 0 1 0 2 0 0 2 0 0 2 0 2 0 2 0 2 0 0 2 0 0
115
156 13
0 2 0 1 0 2 0 1 0 2 0 0 1 0 0 0 0 0 0 2 0 1 0 0 2 0 0 1 0 0 0 0 2 0 1 0 0 0 1 0 2 0 2 0 0 0 0 0 2 0 0 0 1 0 0 2 0 0 2 0 0 2 0 2 0 0 2 0 0 0 2 0 0 0 0 1 0 0 2 0 1 0 1 0 1 0 1 0 1 0 0 0 0 2 0 0 2 0 0 2 0 2 0 0 2 0 2 0 0 2 0 2 0 1 0 2 0 0 2 0 2 0 2 0 0 2 0 2 0 1 0 0 0 2 0 1 0 0 2 0 0 0 0 0 0 2 0 0 1 0 0 0 1 0 0 0
123
190 10
2 0 2 0 1 0 2 0 2 0 2 0 0 1 0 0 0 0 0 0 0 2 0 2 0 2 0 2 0 2 0 1 0 1 0 0 0 0 0 0 1 0 1 0 2 0 1 0 1 0 2 0 2 0 2 0 0 1 0 0 2 0 1 0 2 0 0 0 2 0 0 1 0 1 0 0 0 2 0 2 0 1 0 2 0 0 2 0 2 0 2 0 2 0 0 2 0 2 0 0 2 0 0 0 0 0 0 2 0 0 0 2 0 0 0 1 0 2 0 0 0 0 2 0 0 2 0 0 1 0 0 2 0 2 0 0 0 0 2 0 0 0 0 0 0 1 0 1 0 0 0 0 1 0 2 0 1 0 2 0 0 2 0 2 0 0 0 2 0 0 0 0 0 0 2 0 0 0 1 0 0 2 0 2 0 1 0 2 0 0
88
123 3
1 0 1 0 1 0 0 0 2 0 2 0 2 0 0 0 0 1 0 0 1 0 0 0 2 0 1 0 2 0 2 0 0 0 2 0 0 0 0 1 0 0 0 2 0 1 0 2 0 0 2 0 2 0 1 0 1 0 0 2 0 0 1 0 2 0 0 2 0 2 0 1 0 0 0 2 0 0 1 0 2 0 0 0 0 2 0 0 1 0 2 0 0 0 2 0 0 0 2 0 2 0 1 0 1 0 2 0 0 1 0 0 2 0 0 1 0 0 0 1 0 1 0
20
180 20
0 0 0 2 0 0 0 0 0 0 1 0 0 0 2 0 1 0 0 1 0 1 0 2 0 0 0 2 0 2 0 0 2 0 0 0 2 0 0 0 0 1 0 1 0 1 0 1 0 0 1 0 0 0 0 0 0 0 2 0 0 0 0 0 2 0 0 1 0 0 0 0 2 0 0 2 0 0 1 0 0 1 0 0 2 0 1 0 2 0 0 2 0 0 1 0 1 0 0 2 0 1 0 0 0 2 0 0 0 2 0 1 0 0 2 0 0 1 0 1 0 2 0 2 0 0 0 0 0 1 0 0 2 0 0 1 0 0 0 2 0 0 1 0 0 0 0 1 0 0 2 0 0 0 0 1 0 1 0 1 0 0 2 0 1 0 2 0 1 0 0 2 0 2 0 1 0 2 0 0
120
147 7
0 1 0 2 0 2 0 2 0 1 0 1 0 2 0 0 1 0 0 2 0 0 0 0 2 0 1 0 0 0 2 0 0 0 0 0 2 0 0 0 1 0 1 0 2 0 2 0 1 0 0 0 2 0 2 0 0 2 0 2 0 1 0 0 1 0 0 0 0 0 2 0 2 0 1 0 0 0 0 2 0 0 0 0 2 0 0 2 0 2 0 2 0 2 0 0 0 2 0 2 0 2 0 0 0 1 0 0 0 2 0 0 0 0 1 0 0 0 1 0 0 0 0 0 2 0 0 2 0 0 0 0 1 0 2 0 2 0 0 1 0 1 0 0 0 0 0
122
160 10
1 0 0 0 0 1 0 0 1 0 1 0 0 0 1 0 1 0 0 0 1 0 2 0 0 2 0 2 0 1 0 0 0 0 2 0 0 0 2 0 1 0 2 0 1 0 1 0 0 1 0 2 0 2 0 2 0 0 0 2 0 1 0 0 0 0 0 1 0 0 0 2 0 0 0 0 1 0 1 0 1 0 0 1 0 0 2 0 0 2 0 0 2 0 0 0 2 0 0 0 0 2 0 1 0 0 0 2 0 2 0 0 2 0 0 0 0 0 2 0 0 2 0 1 0 1 0 0 2 0 0 0 1 0 0 0 1 0 0 0 2 0 2 0 0 1 0 2 0 2 0 0 2 0 1 0 2 0 0 0
42
75 5
2 0 2 0 2 0 2 0 1 0 2 0 2 0 0 2 0 0 2 0 1 0 2 0 0 0 0 2 0 0 1 0 0 2 0 2 0 1 0 2 0 0 2 0 0 0 0 0 0 0 2 0 0 0 0 0 0 0 0 0 2 0 2 0 2 0 0 0 1 0 0 1 0 1 0
63
135 15
1 0 1 0 0 0 1 0 0 0 1 0 2 0 1 0 2 0 0 0 2 0 0 0 1 0 0 0 2 0 0 2 0 2 0 0 0 2 0 1 0 0 0 1 0 1 0 1 0 2 0 0 1 0 0 0 2 0 0 1 0 0 0 0 2 0 2 0 2 0 2 0 2 0 2 0 2 0 2 0 0 0 0 0 2 0 0 0 2 0 0 0 0 1 0 0 0 1 0 0 1 0 0 2 0 0 1 0 2 0 2 0 1 0 0 1 0 2 0 2 0 0 0 1 0 0 1 0 2 0 1 0 0 0 0
128
184 2
1 0 1 0 0 0 1 0 0 0 1 0 0 0 0 0 0 0 0 2 0 1 0 0 0 1 0 2 0 1 0 0 0 0 0 2 0 0 2 0 0 0 2 0 1 0 0 2 0 0 0 1 0 2 0 0 0 0 2 0 1 0 0 0 2 0 0 2 0 0 0 1 0 1 0 0 0 0 1 0 0 2 0 2 0 0 0 2 0 1 0 0 1 0 2 0 0 2 0 2 0 1 0 0 0 1 0 2 0 2 0 1 0 1 0 1 0 1 0 1 0 2 0 0 0 2 0 0 1 0 2 0 1 0 0 2 0 0 1 0 0 0 0 1 0 0 1 0 2 0 2 0 0 0 0 1 0 1 0 2 0 0 0 0 0 0 1 0 0 1 0 0 1 0 2 0 2 0 2 0 2 0 2 0
85
192 2
1 0 0 2 0 1 0 2 0 0 0 0 2 0 1 0 0 2 0 2 0 1 0 0 1 0 0 0 2 0 1 0 2 0 2 0 0 0 2 0 2 0 0 2 0 0 0 2 0 0 0 0 1 0 0 2 0 2 0 2 0 1 0 0 1 0 0 2 0 0 0 1 0 1 0 2 0 1 0 2 0 1 0 1 0 0 2 0 2 0 1 0 1 0 1 0 0 0 0 0 2 0 2 0 0 0 1 0 2 0 1 0 0 1 0 2 0 2 0 2 0 0 0 0 1 0 1 0 2 0 0 0 2 0 0 0 2 0 1 0 1 0 0 0 2 0 1 0 2 0 2 0 2 0 0 2 0 0 1 0 2 0 0 1 0 0 2 0 0 2 0 2 0 2 0 2 0 0 2 0 0 2 0 0 0 1 0 0 2 0 0 0
120
150 15
1 0 0 0 0 0 2 0 0 0 0 2 0 2 0 0 0 0 1 0 2 0 0 0 2 0 0 2 0 0 2 0 0 1 0 2 0 0 2 0 0 1 0 2 0 1 0 0 0 0 0 0 2 0 2 0 0 0 1 0 0 2 0 2 0 0 0 2 0 0 0 2 0 0 0 0 0 0 2 0 1 0 0 2 0 0 1 0 0 0 0 0 1 0 2 0 0 0 2 0 1 0 0 2 0 0 0 2 0 0 0 0 1 0 2 0 2 0 2 0 1 0 2 0 0 1 0 2 0 0 2 0 1 0 2 0 1 0 1 0 0 0 2 0 1 0 0 1 0 0
72
154 14
2 0 2 0 2 0 1 0 2 0 0 2 0 0 2 0 0 0 1 0 0 0 2 0 0 0 2 0 0 0 0 0 0 1 0 2 0 0 1 0 0 0 2 0 0 2 0 2 0 1 0 2 0 0 0 1 0 0 0 1 0 0 2 0 0 0 2 0 1 0 0 0 1 0 0 1 0 0 0 0 2 0 2 0 2 0 2 0 1 0 0 2 0 2 0 1 0 2 0 0 2 0 2 0 0 1 0 0 1 0 1 0 0 2 0 0 1 0 2 0 0 2 0 2 0 2 0 2 0 2 0 0 2 0 2 0 0 1 0 1 0 0 0 1 0 0 0 0 2 0 1 0 0 0
100
72 4
0 0 2 0 0 0 0 2 0 2 0 0 0 0 2 0 2 0 2 0 0 1 0 1 0 0 0 2 0 0 0 1 0 1 0 0 1 0 2 0 0 2 0 2 0 2 0 0 2 0 2 0 2 0 0 0 2 0 0 0 2 0 0 0 0 0 0 1 0 2 0 0
70
192 16
0 2 0 0 0 1 0 0 2 0 0 0 1 0 0 0 2 0 0 2 0 1 0 0 2 0 2 0 0 2 0 0 2 0 0 0 0 0 1 0 0 0 0 1 0 2 0 0 2 0 1 0 2 0 2 0 0 2 0 0 1 0 1 0 0 1 0 2 0 0 2 0 0 0 0 2 0 0 0 2 0 0 0 0 0 2 0 0 0 0 0 0 2 0 1 0 0 1 0 0 0 1 0 0 1 0 1 0 0 2 0 1 0 0 2 0 2 0 0 0 2 0 0 2 0 2 0 0 0 0 1 0 0 0 0 0 0 2 0 0 0 2 0 0 0 2 0 1 0 0 0 2 0 1 0 0 1 0 2 0 2 0 2 0 2 0 2 0 0 1 0 1 0 1 0 0 1 0 2 0 0 0 0 2 0 0 1 0 0 2 0 0
10
72 18
1 0 1 0 1 0 1 0 0 2 0 0 0 2 0 0 0 0 1 0 2 0 0 0 0 0 0 0 0 2 0 0 0 1 0 0 0 0 2 0 1 0 2 0 0 1 0 0 2 0 0 0 1 0 0 0 0 0 0 0 2 0 0 0 0 0 0 0 0 0 0 0
63
110 5
1 0 2 0 2 0 1 0 0 0 2 0 0 0 1 0 2 0 0 0 2 0 0 0 2 0 0 0 0 0 2 0 0 0 0 0 2 0 0 0 1 0 0 0 0 2 0 2 0 0 0 0 1 0 0 1 0 2 0 0 2 0 2 0 2 0 0 2 0 0 1 0 0 0 0 1 0 0 2 0 1 0 0 0 0 0 0 0 2 0 0 1 0 0 0 0 2 0 0 0 0 0 2 0 0 0 0 1 0 0
104
54 9
0 0 0 0 2 0 2 0 0 0 2 0 1 0 2 0 0 0 1 0 2 0 1 0 1 0 2 0 2 0 0 0 2 0 0 0 2 0 0 0 1 0 1 0 2 0 1 0 0 2 0 0 0 0
34
132 12
2 0 1 0 1 0 1 0 1 0 0 1 0 0 2 0 0 1 0 0 0 0 2 0 0 2 0 2 0 0 2 0 0 2 0 0 0 0 2 0 2 0 1 0 1 0 0 1 0 0 2 0 0 2 0 0 2 0 1 0 2 0 1 0 1 0 2 0 0 1 0 0 1 0 0 0 0 1 0 1 0 0 0 0 0 1 0 0 2 0 2 0 2 0 1 0 1 0 0 0 2 0 1 0 0 0 2 0 0 0 2 0 2 0 0 1 0 1 0 0 0 0 0 2 0 2 0 0 0 2 0 0
67
132 12
2 0 0 0 0 2 0 1 0 2 0 0 0 2 0 0 0 2 0 0 0 0 2 0 2 0 0 0 0 2 0 2 0 0 2 0 1 0 0 2 0 2 0 0 0 2 0 2 0 1 0 2 0 2 0 0 1 0 0 0 0 1 0 0 0 0 0 1 0 2 0 2 0 0 0 2 0 2 0 1 0 0 2 0 2 0 0 0 0 0 2 0 1 0 0 2 0 2 0 1 0 2 0 0 0 0 1 0 0 0 0 2 0 1 0 2 0 0 2 0 0 2 0 1 0 0 2 0 2 0 0 0
53
176 11
2 0 0 2 0 0 2 0 1 0 0 0 1 0 1 0 2 0 0 0 2 0 0 2 0 2 0 1 0 0 0 0 0 0 0 2 0 0 2 0 0 1 0 0 2 0 0 0 1 0 0 1 0 0 0 0 1 0 2 0 0 1 0 0 0 0 2 0 0 1 0 0 2 0 0 2 0 2 0 0 1 0 2 0 2 0 0 2 0 2 0 2 0 0 2 0 2 0 0 1 0 0 2 0 0 0 2 0 0 2 0 0 1 0 2 0 1 0 0 0 1 0 2 0 2 0 1 0 0 2 0 2 0 2 0 0 0 0 2 0 2 0 0 0 0 2 0 2 0 2 0 2 0 2 0 2 0 2 0 0 0 2 0 2 0 2 0 0 0 2 0 0 1 0 0 0
129
168 8
0 2 0 2 0 2 0 0 0 1 0 0 2 0 0 1 0 0 2 0 0 2 0 0 2 0 1 0 2 0 0 0 2 0 2 0 0 0 0 2 0 0 0 0 1 0 1 0 2 0 0 0 2 0 2 0 2 0 1 0 1 0 0 2 0 2 0 2 0 1 0 0 2 0 2 0 1 0 0 2 0 0 2 0 2 0 2 0 2 0 2 0 0 1 0 0 0 0 0 2 0 0 0 1 0 0 0 1 0 0 0 2 0 0 0 2 0 2 0 0 0 2 0 1 0 0 0 1 0 0 1 0 2 0 2 0 1 0 2 0 0 2 0 1 0 0 0 2 0 1 0 0 0 0 0 1 0 2 0 0 0 1 0 1 0 0 2 0
100
150 6
2 0 0 1 0 1 0 0 0 2 0 2 0 2 0 0 0 2 0 1 0 0 1 0 0 0 0 0 0 2 0 2 0 2 0 0 2 0 0 0 0 2 0 0 1 0 0 2 0 0 2 0 1 0 2 0 2 0 0 0 0 1 0 0 2 0 0 1 0 2 0 0 2 0 0 0 1 0 1 0 0 0 0 1 0 1 0 0 0 0 0 1 0 0 2 0 0 0 1 0 1 0 0 2 0 1 0 2 0 0 0 2 0 1 0 0 0 2 0 1 0 1 0 2 0 2 0 0 2 0 1 0 1 0 2 0 2 0 1 0 1 0 1 0 2 0 1 0 0 0
128
122 2
0 2 0 0 0 2 0 2 0 1 0 2 0 2 0 1 0 1 0 0 0 2 0 1 0 1 0 1 0 2 0 2 0 0 2 0 2 0 0 0 0 0 0 0 2 0 0 0 0 2 0 2 0 0 2 0 0 0 0 2 0 2 0 0 0 0 0 0 0 2 0 2 0 1 0 2 0 2 0 0 1 0 1 0 1 0 0 0 0 0 0 0 1 0 2 0 0 2 0 0 0 0 1 0 2 0 0 0 0 2 0 2 0 2 0 0 0 1 0 0 0 0
26
200 5
0 0 2 0 0 2 0 0 2 0 1 0 2 0 0 0 0 2 0 0 2 0 2 0 0 1 0 0 0 2 0 2 0 0 0 0 2 0 0 0 0 2 0 0 0 0 0 2 0 2 0 0 2 0 1 0 2 0 2 0 0 1 0 1 0 2 0 2 0 2 0 0 0 0 2 0 2 0 0 0 2 0 1 0 1 0 0 2 0 0 0 2 0 2 0 0 0 0 2 0 1 0 2 0 1 0 1 0 0 0 1 0 2 0 0 0 2 0 2 0 0 2 0 0 1 0 1 0 0 0 0 0 0 0 0 1 0 0 2 0 0 0 2 0 0 1 0 0 0 0 2 0 0 1 0 1 0 0 2 0 2 0 0 0 2 0 1 0 2 0 2 0 0 1 0 0 2 0 2 0 0 0 2 0 0 0 1 0 2 0 1 0 1 0 2 0 2 0 2 0
36
90 5
2 0 2 0 2 0 1 0 0 1 0 2 0 2 0 1 0 0 0 2 0 1 0 1 0 0 1 0 2 0 1 0 2 0 0 0 0 2 0 2 0 0 1 0 0 1 0 0 0 0 2 0 0 0 0 1 0 0 0 0 0 0 2 0 1 0 2 0 1 0 2 0 0 2 0 1 0 0 2 0 1 0 0 0 2 0 2 0 2 0
12
112 16
0 1 0 0 2 0 0 2 0 2 0 1 0 0 1 0 1 0 0 2 0 1 0 2 0 0 2 0 0 1 0 2 0 0 0 1 0 2 0 2 0 0 2 0 0 0 1 0 0 0 2 0 1 0 1 0 1 0 0 0 0 0 0 0 2 0 2 0 2 0 1 0 0 0 0 2 0 0 2 0 1 0 0 0 2 0 0 0 0 2 0 2 0 2 0 2 0 0 2 0 0 1 0 1 0 0 1 0 0 2 0 0
111
189 7
0 1 0 0 2 0 2 0 0 2 0 0 2 0 0 1 0 2 0 0 1 0 0 0 2 0 0 0 0 0 2 0 2 0 2 0 0 2 0 0 0 1 0 0 1 0 0 2 0 1 0 0 1 0 0 1 0 1 0 1 0 2 0 2 0 1 0 0 0 0 2 0 0 0 0 1 0 1 0 0 0 1 0 2 0 0 0 2 0 1 0 0 2 0 1 0 2 0 2 0 2 0 0 0 2 0 0 0 2 0 2 0 2 0 0 1 0 0 1 0 2 0 2 0 2 0 1 0 0 0 2 0 2 0 0 0 0 2 0 1 0 2 0 1 0 1 0 1 0 0 0 0 1 0 2 0 2 0 2 0 2 0 2 0 0 1 0 1 0 2 0 2 0 2 0 2 0 2 0 0 2 0 2 0 0 2 0 1 0
156
152 19
2 0 2 0 1 0 2 0 1 0 0 0 2 0 1 0 0 2 0 2 0 2 0 0 1 0 2 0 0 1 0 0 0 2 0 0 2 0 0 0 2 0 0 2 0 2 0 0 0 2 0 0 2 0 1 0 2 0 0 0 0 0 0 0 2 0 0 2 0 2 0 0 1 0 0 0 2 0 2 0 0 0 2 0 0 2 0 0 2 0 2 0 0 0 0 0 2 0 1 0 1 0 1 0 0 0 1 0 1 0 1 0 0 1 0 0 2 0 0 0 1 0 2 0 2 0 2 0 2 0 0 0 0 2 0 0 0 0 0 0 0 0 0 0 0 0 2 0 0 2 0 0
58
108 12
0 1 0 0 2 0 0 0 0 1 0 1 0 2 0 0 0 0 2 0 0 2 0 2 0 0 0 1 0 0 1 0 2 0 2 0 0 2 0 0 0 1 0 0 0 2 0 1 0 2 0 2 0 0 1 0 2 0 0 0 0 2 0 2 0 0 2 0 1 0 1 0 0 2 0 1 0 0 0 0 0 1 0 0 1 0 1 0 1 0 1 0 0 0 2 0 2 0 0 2 0 2 0 0 0 0 2 0
99
192 16
2 0 0 2 0 2 0 2 0 0 0 0 0 2 0 0 0 0 1 0 0 2 0 0 2 0 2 0 2 0 0 1 0 2 0 0 0 0 2 0 1 0 0 0 0 0 2 0 2 0 0 2 0 1 0 2 0 2 0 0 2 0 1 0 2 0 0 1 0 1 0 0 2 0 2 0 0 1 0 0 2 0 2 0 2 0 1 0 1 0 0 0 1 0 1 0 0 2 0 2 0 1 0 0 2 0 2 0 0 0 2 0 2 0 0 1 0 2 0 0 0 1 0 0 0 0 1 0 1 0 2 0 0 2 0 1 0 2 0 2 0 0 2 0 2 0 0 2 0 2 0 2 0 0 2 0 0 2 0 2 0 1 0 2 0 2 0 0 0 1 0 2 0 0 2 0 2 0 0 0 1 0 2 0 1 0 0 2 0 2 0 0
170
108 18
2 0 0 2 0 0 2 0 2 0 2 0 0 0 1 0 1 0 2 0 0 0 0 0 2 0 0 0 0 0 2 0 1 0 2 0 2 0 0 0 0 0 1 0 1 0 2 0 1 0 0 2 0 0 1 0 0 1 0 0 1 0 2 0 1 0 2 0 2 0 0 0 2 0 2 0 0 0 2 0 1 0 1 0 0 2 0 1 0 0 2 0 1 0 2 0 0 0 0 1 0 0 2 0 0 0 2 0
17
171 19
1 0 1 0 2 0 0 0 0 1 0 0 1 0 2 0 2 0 2 0 1 0 1 0 2 0 0 1 0 1 0 0 0 2 0 0 1 0 0 1 0 0 0 1 0 0 0 2 0 0 1 0 1 0 0 0 0 0 2 0 0 2 0 0 2 0 0 2 0 2 0 0 0 0 0 1 0 0 0 0 0 2 0 2 0 0 1 0 2 0 2 0 2 0 2 0 0 2 0 0 0 0 0 0 1 0 2 0 0 0 1 0 0 1 0 1 0 2 0 2 0 2 0 1 0 0 0 0 0 1 0 0 2 0 0 0 0 2 0 2 0 1 0 0 2 0 0 0 2 0 0 0 0 1 0 0 1 0 2 0 0 0 2 0 0 0 0 2 0 0 0
54
54 3
2 0 1 0 2 0 1 0 0 0 0 0 2 0 1 0 2 0 2 0 2 0 0 0 2 0 0 2 0 0 0 0 0 0 1 0 0 0 2 0 1 0 0 0 2 0 2 0 1 0 1 0 1 0
15
150 6
2 0 0 0 0 1 0 0 2 0 2 0 1 0 0 0 2 0 2 0 1 0 1 0 0 0 1 0 2 0 0 2 0 2 0 0 2 0 1 0 0 2 0 1 0 1 0 2 0 0 0 1 0 1 0 2 0 0 0 0 2 0 1 0 2 0 0 2 0 0 0 0 0 0 0 1 0 0 0 0 2 0 0 0 0 2 0 0 1 0 1 0 0 2 0 0 2 0 0 0 0 2 0 0 1 0 2 0 2 0 1 0 2 0 0 0 2 0 0 2 0 2 0 0 0 2 0 2 0 0 2 0 2 0 2 0 2 0 2 0 0 1 0 0 1 0 1 0 2 0
48
80 10
1 0 2 0 1 0 2 0 2 0 2 0 2 0 0 0 0 0 2 0 0 2 0 0 0 0 0 1 0 0 0 0 2 0 0 1 0 0 2 0 2 0 0 0 1 0 1 0 2 0 2 0 1 0 2 0 0 2 0 2 0 0 1 0 1 0 0 0 2 0 2 0 2 0 2 0 1 0 2 0
76
162 6
2 0 1 0 0 0 0 1 0 1 0 1 0 2 0 2 0 0 1 0 0 2 0 0 2 0 0 0 0 1 0 0 0 2 0 2 0 0 2 0 2 0 2 0 1 0 2 0 0 0 0 0 2 0 1 0 2 0 1 0 0 0 0 0 2 0 1 0 0 0 0 2 0 2 0 1 0 0 1 0 0 1 0 1 0 0 2 0 2 0 1 0 0 2 0 1 0 0 0 2 0 0 0 0 1 0 0 0 1 0 0 2 0 0 1 0 1 0 1 0 2 0 0 1 0 1 0 0 0 2 0 2 0 2 0 2 0 0 0 0 0 1 0 0 2 0 0 2 0 2 0 2 0 1 0 2 0 1 0 1 0 0
100
162 6
0 0 0 2 0 0 0 0 0 1 0 0 2 0 2 0 0 0 1 0 0 2 0 2 0 1 0 2 0 2 0 2 0 0 0 0 2 0 0 0 0 0 2 0 0 2 0 2 0 2 0 0 1 0 0 0 0 0 2 0 2 0 0 1 0 0 0 0 2 0 0 2 0 1 0 1 0 0 1 0 0 0 0 2 0 2 0 0 0 2 0 2 0 1 0 2 0 0 0 2 0 0 0 1 0 0 0 0 0 0 1 0 0 0 2 0 0 1 0 2 0 1 0 1 0 0 1 0 2 0 1 0 0 1 0 2 0 0 0 1 0 1 0 1 0 0 0 0 2 0 1 0 0 2 0 2 0 1 0 2 0 0
23
85 5
2 0 0 2 0 2 0 0 2 0 2 0 0 1 0 0 0 0 2 0 2 0 2 0 0 2 0 1 0 2 0 1 0 0 1 0 2 0 0 0 0 0 0 2 0 0 0 0 0 1 0 1 0 1 0 2 0 0 0 1 0 1 0 2 0 2 0 0 0 1 0 0 0 2 0 0 0 2 0 0 2 0 0 0 0
84
168 12
0 0 0 2 0 0 0 2 0 2 0 2 0 0 0 0 0 2 0 1 0 1 0 2 0 0 2 0 1 0 0 0 0 2 0 2 0 2 0 2 0 0 2 0 0 2 0 0 2 0 0 2 0 2 0 0 1 0 0 2 0 1 0 0 0 2 0 0 0 0 2 0 0 2 0 0 0 0 0 2 0 2 0 0 0 1 0 0 2 0 0 1 0 0 2 0 0 0 0 0 2 0 0 2 0 0 1 0 2 0 0 0 0 0 2 0 0 2 0 1 0 1 0 2 0 0 0 0 2 0 2 0 0 2 0 0 0 0 2 0 2 0 0 2 0 0 1 0 0 0 1 0 2 0 1 0 2 0 1 0 1 0 2 0 0 0 0 0
51
144 12
0 2 0 0 2 0 0 0 0 2 0 0 0 1 0 0 1 0 0 0 1 0 2 0 2 0 0 1 0 1 0 0 2 0 0 0 0 1 0 0 1 0 2 0 0 0 0 0 1 0 1 0 2 0 0 1 0 2 0 0 2 0 2 0 0 0 2 0 0 0 2 0 0 0 2 0 2 0 0 2 0 2 0 0 2 0 2 0 0 2 0 2 0 2 0 0 0 0 2 0 2 0 0 2 0 0 0 0 0 2 0 2 0 1 0 1 0 0 1 0 0 0 2 0 0 0 0 0 0 0 0 0 0 2 0 0 0 1 0 1 0 0 0 0
117
185 1
0 0 2 0 2 0 1 0 1 0 1 0 0 1 0 0 2 0 0 0 0 0 0 0 2 0 1 0 1 0 2 0 2 0 1 0 2 0 0 1 0 2 0 0 0 2 0 2 0 0 1 0 2 0 2 0 0 2 0 0 2 0 2 0 2 0 2 0 1 0 2 0 0 1 0 2 0 0 1 0 0 2 0 0 1 0 0 2 0 2 0 0 2 0 2 0 0 2 0 2 0 0 2 0 0 2 0 0 0 2 0 1 0 2 0 1 0 0 2 0 0 0 2 0 0 0 1 0 0 1 0 0 2 0 0 0 2 0 2 0 0 2 0 2 0 0 1 0 0 1 0 0 2 0 1 0 0 0 0 1 0 0 2 0 0 2 0 2 0 0 2 0 0 2 0 0 2 0 0 1 0 1 0 2 0
70
110 5
1 0 1 0 1 0 0 0 1 0 1 0 2 0 0 2 0 1 0 2 0 0 0 0 2 0 0 0 2 0 2 0 0 2 0 2 0 0 2 0 2 0 0 0 2 0 0 0 0 1 0 0 0 0 0 1 0 1 0 2 0 0 2 0 0 0 2 0 0 2 0 0 2 0 0 1 0 2 0 1 0 1 0 2 0 0 0 0 0 1 0 0 2 0 0 0 0 2 0 2 0 2 0 2 0 0 0 0 0 0
94
156 6
1 0 2 0 2 0 1 0 0 2 0 0 2 0 0 0 0 2 0 2 0 2 0 0 0 0 0 1 0 0 2 0 0 2 0 0 1 0 0 1 0 1 0 0 0 0 0 2 0 2 0 0 2 0 2 0 2 0 1 0 0 0 0 0 1 0 2 0 1 0 2 0 1 0 2 0 0 0 0 0 2 0 1 0 1 0 1 0 0 1 0 0 2 0 0 0 2 0 0 0 0 0 0 0 2 0 0 1 0 2 0 1 0 2 0 0 0 1 0 0 0 0 1 0 2 0 0 0 0 0 0 0 0 0 2 0 0 2 0 1 0 1 0 2 0 1 0 2 0 0 2 0 0 2 0 0
117
166 1
2 0 0 0 0 2 0 2 0 1 0 0 2 0 2 0 2 0 2 0 2 0 2 0 2 0 0 2 0 1 0 0 2 0 1 0 2 0 0 2 0 2 0 0 1 0 0 2 0 0 0 0 1 0 2 0 2 0 2 0 0 2 0 2 0 2 0 2 0 0 0 0 0 0 2 0 0 1 0 0 2 0 1 0 0 2 0 0 1 0 0 2 0 0 0 1 0 2 0 2 0 1 0 0 0 1 0 2 0 2 0 1 0 0 0 1 0 1 0 1 0 0 2 0 0 2 0 0 2 0 2 0 0 0 0 2 0 0 2 0 2 0 2 0 0 0 2 0 2 0 2 0 2 0 2 0 1 0 2 0 2 0 2 0 1 0
18
182 14
0 0 0 2 0 2 0 1 0 2 0 0 0 0 2 0 1 0 0 2 0 1 0 1 0 0 2 0 0 2 0 1 0 0 2 0 2 0 0 0 0 2 0 2 0 0 1 0 1 0 1 0 0 1 0 0 1 0 1 0 1 0 0 1 0 1 0 2 0 0 2 0 1 0 0 1 0 0 2 0 0 1 0 0 0 1 0 1 0 1 0 1 0 0 2 0 2 0 0 2 0 0 1 0 2 0 0 0 0 0 1 0 1 0 2 0 0 2 0 1 0 2 0 2 0 2 0 2 0 0 0 0 2 0 0 2 0 0 0 2 0 1 0 0 0 0 0 0 2 0 1 0 0 1 0 0 2 0 2 0 1 0 2 0 0 0 1 0 0 0 2 0 0 0 1 0 0 2 0 2 0 0
95
144 16
2 0 2 0 0 1 0 2 0 2 0 0 2 0 0 2 0 0 0 0 2 0 0 2 0 0 0 2 0 0 2 0 1 0 0 0 0 0 0 2 0 1 0 2 0 2 0 0 1 0 0 1 0 0 0 2 0 2 0 1 0 2 0 2 0 0 2 0 2 0 1 0 2 0 0 2 0 1 0 2 0 1 0 0 0 2 0 2 0 0 2 0 2 0 1 0 0 0 0 2 0 0 2 0 0 2 0 0 0 1 0 2 0 2 0 1 0 0 0 0 1 0 0 2 0 0 0 0 0 2 0 0 0 0 0 2 0 2 0 2 0 0 1 0
132
175 5
1 0 0 1 0 0 0 2 0 1 0 1 0 2 0 2 0 2 0 1 0 2 0 0 2 0 2 0 2 0 1 0 1 0 0 0 1 0 2 0 1 0 1 0 2 0 0 0 0 2 0 2 0 0 0 2 0 2 0 0 0 0 0 0 2 0 2 0 2 0 1 0 1 0 0 2 0 1 0 2 0 0 0 0 2 0 1 0 2 0 0 1 0 0 1 0 2 0 1 0 2 0 1 0 0 0 2 0 1 0 1 0 1 0 2 0 0 0 2 0 0 1 0 1 0 0 1 0 1 0 0 2 0 2 0 0 1 0 2 0 0 0 1 0 0 0 0 2 0 0 0 0 1 0 0 2 0 1 0 0 0 0 1 0 0 2 0 1 0 2 0 0 1 0 0
158
126 9
2 0 2 0 1 0 2 0 0 2 0 0 0 0 2 0 2 0 2 0 1 0 0 1 0 0 2 0 0 1 0 0 0 1 0 1 0 0 1 0 2 0 0 0 0 1 0 1 0 0 2 0 0 2 0 0 2 0 2 0 0 1 0 1 0 0 2 0 0 0 0 0 2 0 2 0 0 2 0 1 0 2 0 0 2 0 0 1 0 1 0 2 0 2 0 0 0 0 0 2 0 1 0 0 2 0 2 0 2 0 0 0 1 0 2 0 0 0 2 0 2 0 1 0 2 0
84
156 13
0 0 0 1 0 0 0 2 0 0 2 0 0 1 0 1 0 0 2 0 0 0 2 0 0 0 0 2 0 2 0 2 0 0 1 0 0 0 0 0 1 0 0 2 0 0 0 0 1 0 2 0 2 0 1 0 2 0 1 0 0 2 0 2 0 2 0 2 0 2 0 0 1 0 0 2 0 1 0 2 0 0 1 0 1 0 0 0 0 0 1 0 1 0 0 0 0 0 2 0 2 0 0 2 0 0 0 0 2 0 1 0 0 1 0 0 2 0 2 0 0 2 0 0 0 0 2 0 0 0 1 0 1 0 1 0 2 0 0 0 2 0 0 0 1 0 0 0 2 0 2 0 2 0 0 0
39
180 12
1 0 0 1 0 2 0 0 2 0 1 0 1 0 0 2 0 1 0 1 0 2 0 2 0 0 0 0 2 0 0 0 2 0 0 2 0 0 2 0 2 0 0 2 0 0 0 2 0 2 0 0 2 0 2 0 2 0 0 0 1 0 2 0 0 2 0 2 0 0 0 2 0 0 0 0 0 1 0 0 1 0 0 0 0 0 0 2 0 0 0 2 0 0 2 0 2 0 2 0 2 0 0 1 0 2 0 2 0 2 0 2 0 2 0 0 0 0 2 0 0 0 1 0 2 0 0 0 2 0 2 0 1 0 0 1 0 2 0 2 0 1 0 1 0 0 2 0 0 0 1 0 0 2 0 0 0 1 0 0 1 0 1 0 0 0 0 0 2 0 0 2 0 2 0 1 0 0 2 0
129
180 20
0 0 1 0 2 0 2 0 0 0 1 0 0 0 0 0 2 0 0 2 0 2 0 2 0 0 0 0 1 0 0 0 0 0 2 0 0 1 0 0 2 0 1 0 0 1 0 0 2 0 2 0 2 0 0 0 0 1 0 1 0 2 0 1 0 0 0 1 0 2 0 0 0 0 2 0 0 2 0 2 0 2 0 2 0 2 0 2 0 0 0 1 0 0 2 0 0 0 0 0 0 0 2 0 2 0 2 0 0 0 2 0 2 0 2 0 0 2 0 0 0 0 0 0 0 0 2 0 2 0 0 2 0 0 0 2 0 0 0 0 1 0 0 0 2 0 2 0 0 2 0 2 0 2 0 0 0 2 0 0 1 0 0 2 0 2 0 0 0 2 0 1 0 0 2 0 0 0 1 0
78
180 9
0 2 0 0 2 0 0 2 0 1 0 0 0 1 0 2 0 1 0 0 0 1 0 0 1 0 0 0 0 0 0 0 2 0 0 2 0 0 0 0 1 0 2 0 2 0 0 1 0 1 0 2 0 0 0 0 2 0 2 0 0 2 0 0 2 0 0 1 0 0 0 0 0 0 2 0 1 0 0 0 1 0 0 0 0 0 2 0 0 0 0 1 0 0 0 2 0 0 0 0 2 0 0 0 1 0 0 2 0 2 0 2 0 1 0 2 0 2 0 0 0 0 0 2 0 0 0 0 0 0 0 0 0 1 0 1 0 0 0 0 0 0 2 0 0 2 0 0 0 0 1 0 1 0 1 0 2 0 1 0 2 0 0 0 0 0 1 0 2 0 0 2 0 0 2 0 2 0 1 0
6
57 19
2 0 0 2 0 0 0 0 0 2 0 0 2 0 0 2 0 0 0 0 0 2 0 0 1 0 0 0 0 0 0 0 0 0 2 0 0 2 0 2 0 0 2 0 0 0 1 0 0 0 0 0 2 0 2 0 0
29
135 5
0 1 0 1 0 2 0 0 2 0 1 0 0 2 0 0 0 2 0 2 0 0 2 0 1 0 0 2 0 0 1 0 2 0 2 0 1 0 0 0 1 0 2 0 0 1 0 0 0 1 0 0 0 0 2 0 0 2 0 2 0 0 1 0 0 0 1 0 0 2 0 0 0 2 0 1 0 0 2 0 0 2 0 0 1 0 2 0 1 0 0 0 2 0 2 0 0 0 0 0 1 0 0 1 0 0 0 0 0 1 0 0 2 0 2 0 2 0 2 0 1 0 1 0 2 0 1 0 0 2 0 1 0 0 0
95
146 2
0 0 0 1 0 2 0 1 0 1 0 2 0 0 2 0 0 2 0 2 0 1 0 0 0 0 2 0 0 0 2 0 0 2 0 0 0 1 0 2 0 1 0 2 0 1 0 1 0 2 0 0 2 0 2 0 1 0 0 0 2 0 2 0 0 2 0 0 0 1 0 2 0 2 0 0 0 0 2 0 2 0 1 0 1 0 2 0 2 0 2 0 1 0 0 2 0 0 2 0 0 1 0 0 0 0 1 0 0 2 0 0 1 0 2 0 1 0 0 0 0 0 1 0 0 0 0 0 0 0 1 0 2 0 1 0 2 0 0 2 0 0 2 0 0 0
18
60 15
2 0 2 0 2 0 1 0 1 0 0 0 1 0 0 0 0 2 0 0 0 1 0 0 2 0 1 0 0 2 0 0 2 0 2 0 1 0 1 0 1 0 1 0 2 0 0 0 0 2 0 0 2 0 0 0 2 0 0 0
59
108 18
2 0 2 0 1 0 1 0 2 0 2 0 0 0 0 1 0 0 0 0 1 0 0 0 0 0 0 1 0 0 2 0 0 0 0 0 0 1 0 1 0 0 0 2 0 0 0 0 2 0 0 1 0 0 2 0 2 0 1 0 0 0 2 0 1 0 1 0 1 0 2 0 0 0 2 0 2 0 0 2 0 1 0 0 2 0 2 0 0 0 2 0 1 0 2 0 0 1 0 1 0 0 2 0 0 0 0 0
64
132 12
1 0 0 0 1 0 0 0 0 0 0 0 2 0 0 0 1 0 2 0 0 0 2 0 0 2 0 2 0 0 2 0 0 1 0 2 0 2 0 1 0 0 0 0 2 0 0 0 2 0 1 0 2 0 0 2 0 0 1 0 1 0 2 0 1 0 0 0 2 0 0 0 1 0 2 0 0 2 0 0 1 0 2 0 0 0 0 0 2 0 0 2 0 0 0 0 2 0 0 2 0 2 0 0 2 0 2 0 2 0 0 0 2 0 0 0 2 0 0 2 0 1 0 1 0 2 0 0 1 0 2 0
39
76 19
2 0 0 0 0 0 0 0 0 2 0 0 0 0 1 0 1 0 0 0 1 0 0 0 1 0 2 0 2 0 0 0 0 0 1 0 1 0 2 0 1 0 1 0 1 0 0 0 0 0 0 0 0 2 0 0 2 0 1 0 2 0 0 0 0 2 0 0 2 0 0 0 1 0 2 0
16
108 12
0 0 2 0 0 0 1 0 0 2 0 0 0 0 2 0 0 0 0 2 0 2 0 1 0 0 0 1 0 1 0 1 0 0 0 0 0 0 2 0 2 0 1 0 0 1 0 1 0 1 0 2 0 0 0 0 2 0 0 2 0 0 0 0 2 0 0 0 0 1 0 0 0 0 0 0 2 0 2 0 0 0 2 0 2 0 1 0 2 0 0 1 0 0 1 0 2 0 0 2 0 1 0 0 1 0 2 0
2
104 4
1 0 1 0 1 0 0 1 0 2 0 0 0 1 0 2 0 2 0 0 1 0 2 0 0 0 2 0 1 0 0 0 2 0 2 0 2 0 1 0 2 0 0 2 0 2 0 1 0 0 1 0 2 0 0 0 1 0 2 0 0 0 0 1 0 1 0 0 0 2 0 2 0 1 0 0 0 0 2 0 2 0 0 1 0 2 0 2 0 0 2 0 2 0 0 0 0 2 0 2 0 2 0 0
104
160 16
0 2 0 0 1 0 0 0 0 0 0 2 0 1 0 0 2 0 0 0 1 0 2 0 1 0 0 0 0 0 1 0 2 0 2 0 0 0 1 0 0 0 2 0 0 0 1 0 2 0 0 0 0 1 0 1 0 1 0 0 2 0 0 2 0 0 2 0 0 0 0 0 2 0 2 0 2 0 0 0 1 0 0 2 0 2 0 2 0 0 0 1 0 2 0 2 0 2 0 0 0 0 2 0 2 0 2 0 0 0 1 0 1 0 2 0 2 0 2 0 2 0 1 0 1 0 0 0 0 0 0 1 0 0 0 1 0 0 2 0 0 1 0 0 2 0 2 0 1 0 0 1 0 0 2 0 0 0 0 0
113
72 12
0 0 2 0 2 0 2 0 1 0 0 0 0 2 0 1 0 0 2 0 2 0 0 0 1 0 0 0 1 0 2 0 0 0 0 0 2 0 1 0 2 0 0 2 0 0 0 0 0 0 2 0 0 0 1 0 1 0 0 0 2 0 0 0 1 0 0 1 0 0 2 0
62
108 12
0 2 0 1 0 0 2 0 0 0 0 2 0 1 0 2 0 0 2 0 2 0 0 0 0 1 0 1 0 1 0 2 0 2 0 0 1 0 1 0 0 2 0 2 0 2 0 2 0 0 1 0 2 0 2 0 0 2 0 0 0 1 0 0 2 0 0 2 0 0 2 0 0 0 0 2 0 0 0 0 0 1 0 1 0 2 0 2 0 0 1 0 1 0 0 0 0 1 0 0 0 0 0 0 1 0 2 0
43
184 8
0 0 0 2 0 0 2 0 0 1 0 1 0 0 1 0 1 0 0 0 0 0 0 0 0 0 2 0 2 0 1 0 0 2 0 0 1 0 2 0 0 2 0 0 0 0 1 0 2 0 2 0 2 0 2 0 0 1 0 0 2 0 2 0 2 0 0 2 0 2 0 2 0 0 2 0 1 0 0 0 0 1 0 2 0 1 0 2 0 0 1 0 0 1 0 2 0 1 0 0 0 0 1 0 0 0 0 2 0 1 0 2 0 2 0 2 0 2 0 0 0 2 0 0 2 0 0 2 0 0 2 0 0 1 0 1 0 0 0 2 0 0 0 0 1 0 0 1 0 0 0 2 0 0 2 0 1 0 2 0 0 2 0 0 1 0 2 0 1 0 0 1 0 1 0 0 2 0 2 0 2 0 0 0
108
180 15
0 1 0 2 0 0 0 0 2 0 1 0 0 0 1 0 1 0 2 0 0 2 0 0 2 0 0 1 0 0 0 1 0 0 2 0 2 0 0 0 2 0 2 0 2 0 2 0 0 0 0 1 0 1 0 2 0 2 0 0 0 0 0 2 0 2 0 2 0 0 1 0 0 1 0 0 0 2 0 0 2 0 1 0 1 0 1 0 0 0 0 0 0 0 0 0 0 2 0 1 0 0 0 2 0 0 2 0 2 0 0 2 0 1 0 2 0 0 0 0 2 0 0 2 0 2 0 0 1 0 0 0 0 2 0 0 2 0 0 2 0 1 0 0 2 0 2 0 0 2 0 0 1 0 1 0 0 0 0 2 0 2 0 0 2 0 0 0 1 0 0 2 0 1 0 0 0 0 0 0
2
170 5
0 2 0 2 0 0 0 0 0 2 0 2 0 2 0 2 0 1 0 2 0 1 0 1 0 0 1 0 0 0 0 1 0 0 0 0 0 0 2 0 2 0 2 0 1 0 2 0 0 2 0 2 0 2 0 0 2 0 2 0 1 0 0 2 0 0 2 0 1 0 2 0 0 0 2 0 1 0 0 0 1 0 1 0 0 0 0 2 0 2 0 1 0 0 2 0 0 2 0 2 0 0 0 1 0 1 0 0 1 0 2 0 2 0 2 0 0 0 0 0 0 2 0 2 0 2 0 1 0 1 0 2 0 0 0 0 0 0 2 0 2 0 0 0 1 0 1 0 1 0 0 1 0 2 0 0 2 0 2 0 0 0 2 0 0 2 0 2 0 0
112
144 16
2 0 1 0 1 0 0 0 0 2 0 2 0 2 0 0 0 0 2 0 2 0 2 0 1 0 0 1 0 2 0 1 0 2 0 0 0 2 0 0 0 2 0 1 0 0 1 0 1 0 2 0 1 0 1 0 2 0 0 2 0 1 0 0 1 0 0 1 0 2 0 0 0 0 0 0 2 0 0 1 0 0 2 0 0 0 2 0 0 0 0 0 1 0 1 0 2 0 0 1 0 1 0 1 0 0 2 0 2 0 2 0 2 0 1 0 0 0 0 2 0 1 0 2 0 0 0 0 1 0 0 0 1 0 0 0 0 0 2 0 2 0 0 0
22
192 16
1 0 2 0 2 0 1 0 0 2 0 0 2 0 0 1 0 1 0 1 0 2 0 0 1 0 2 0 0 0 2 0 1 0 1 0 0 0 2 0 1 0 0 0 1 0 0 0 1 0 2 0 1 0 0 0 2 0 1 0 0 0 1 0 0 0 0 2 0 2 0 0 1 0 1 0 0 1 0 0 1 0 2 0 0 0 0 2 0 0 0 0 0 1 0 0 1 0 0 1 0 0 2 0 0 2 0 0 1 0 0 0 0 0 2 0 0 0 2 0 2 0 2 0 1 0 2 0 0 0 2 0 0 2 0 2 0 1 0 2 0 1 0 0 2 0 0 2 0 0 0 1 0 1 0 0 0 0 0 2 0 2 0 0 2 0 0 0 0 1 0 2 0 2 0 0 0 0 2 0 0 2 0 1 0 0 2 0 1 0 2 0
112
142 1
0 0 2 0 1 0 2 0 0 0 0 1 0 0 2 0 1 0 2 0 1 0 1 0 0 2 0 1 0 0 2 0 0 0 2 0 0 2 0 0 2 0 0 1 0 0 0 0 0 1 0 0 0 1 0 0 2 0 0 2 0 0 1 0 0 2 0 0 1 0 2 0 2 0 2 0 2 0 0 0 0 0 0 2 0 0 1 0 1 0 0 0 0 1 0 1 0 0 0 2 0 2 0 2 0 2 0 2 0 1 0 2 0 2 0 2 0 0 0 0 2 0 1 0 1 0 2 0 1 0 0 0 1 0 2 0 2 0 1 0 1 0
129
104 8
0 0 0 0 2 0 2 0 2 0 2 0 0 2 0 0 0 0 2 0 0 0 0 0 0 0 1 0 0 0 0 0 1 0 0 0 2 0 0 2 0 0 2 0 0 0 1 0 1 0 2 0 2 0 0 2 0 2 0 0 0 0 1 0 0 0 0 0 2 0 2 0 1 0 0 2 0 0 0 2 0 0 1 0 1 0 2 0 2 0 0 0 2 0 0 0 0 0 2 0 1 0 0 0
56
144 18
0 2 0 2 0 2 0 0 2 0 1 0 0 0 1 0 0 0 2 0 1 0 0 0 2 0 1 0 1 0 0 0 0 1 0 1 0 0 0 0 2 0 2 0 2 0 0 0 2 0 2 0 0 1 0 0 0 0 0 0 2 0 1 0 0 2 0 2 0 2 0 0 2 0 0 2 0 0 2 0 2 0 1 0 2 0 1 0 0 0 2 0 0 0 1 0 1 0 2 0 0 2 0 0 2 0 0 1 0 0 1 0 0 2 0 0 0 0 0 0 0 2 0 1 0 2 0 0 1 0 0 1 0 2 0 0 0 1 0 0 0 1 0 0
68
64 1
2 0 0 2 0 0 2 0 2 0 2 0 0 2 0 1 0 0 0 0 0 2 0 0 0 2 0 2 0 2 0 0 0 2 0 0 2 0 1 0 0 0 0 2 0 0 1 0 1 0 1 0 0 2 0 2 0 2 0 0 2 0 1 0
49
51 3
0 2 0 1 0 0 1 0 2 0 0 2 0 2 0 1 0 2 0 0 2 0 2 0 2 0 0 1 0 0 2 0 0 0 0 1 0 2 0 1 0 2 0 2 0 2 0 2 0 2 0
16
170 17
0 2 0 2 0 0 1 0 0 0 1 0 0 0 0 1 0 1 0 0 0 1 0 2 0 2 0 0 2 0 0 1 0 2 0 2 0 0 1 0 0 0 0 0 0 1 0 2 0 0 0 2 0 1 0 2 0 0 1 0 2 0 0 0 0 0 0 2 0 0 0 0 1 0 1 0 2 0 0 0 2 0 2 0 0 0 0 0 0 0 2 0 1 0 0 0 1 0 0 0 2 0 2 0 1 0 2 0 1 0 2 0 0 0 2 0 1 0 0 0 1 0 1 0 1 0 0 2 0 0 2 0 0 1 0 1 0 0 2 0 2 0 0 2 0 1 0 0 2 0 0 2 0 1 0 2 0 1 0 0 0 0 2 0 0 2 0 2 0 0
34
105 15
0 2 0 2 0 0 0 2 0 0 2 0 0 0 2 0 1 0 0 1 0 2 0 2 0 1 0 0 2 0 0 2 0 0 0 0 2 0 0 0 0 0 2 0 2 0 0 0 0 0 2 0 2 0 1 0 0 0 0 0 0 2 0 0 0 0 1 0 0 0 2 0 0 1 0 0 0 2 0 1 0 0 0 0 1 0 0 0 1 0 0 1 0 0 1 0 2 0 1 0 0 1 0 2 0
99
65 13
2 0 2 0 0 2 0 2 0 0 1 0 2 0 0 1 0 0 0 0 2 0 0 0 0 1 0 1 0 0 2 0 0 0 0 2 0 2 0 0 2 0 1 0 0 2 0 1 0 0 0 1 0 2 0 0 2 0 1 0 0 0 1 0 0
50
48 6
0 0 2 0 2 0 1 0 0 0 0 0 0 2 0 0 0 0 0 1 0 1 0 0 0 0 2 0 2 0 1 0 2 0 1 0 1 0 1 0 0 1 0 2 0 0 0 0
16
153 3
0 2 0 0 2 0 2 0 2 0 2 0 2 0 2 0 0 0 2 0 2 0 1 0 0 2 0 0 0 1 0 2 0 1 0 2 0 0 0 0 2 0 0 2 0 0 1 0 2 0 0 0 0 2 0 1 0 2 0 0 1 0 2 0 0 0 1 0 0 2 0 1 0 2 0 0 2 0 0 0 2 0 2 0 2 0 1 0 0 0 0 0 0 0 0 0 1 0 1 0 1 0 0 2 0 1 0 0 2 0 2 0 2 0 2 0 2 0 0 0 0 1 0 1 0 0 0 2 0 0 1 0 0 2 0 1 0 0 2 0 1 0 2 0 0 1 0 1 0 2 0 2 0
146
60 20
0 2 0 2 0 0 1 0 0 2 0 0 2 0 0 0 2 0 0 2 0 2 0 0 1 0 0 0 0 0 0 0 0 2 0 0 0 0 0 1 0 0 2 0 0 0 0 0 2 0 0 0 0 0 0 0 0 1 0 0
23
195 13
0 2 0 1 0 2 0 2 0 2 0 0 0 0 0 2 0 0 2 0 0 2 0 2 0 2 0 2 0 0 1 0 1 0 0 0 0 0 0 2 0 2 0 0 0 1 0 0 0 0 0 2 0 1 0 0 0 0 1 0 0 2 0 2 0 0 2 0 2 0 2 0 0 2 0 0 0 0 0 0 2 0 2 0 2 0 2 0 0 0 0 2 0 2 0 1 0 0 2 0 2 0 2 0 0 0 2 0 2 0 2 0 0 2 0 2 0 1 0 0 2 0 0 2 0 2 0 0 2 0 0 2 0 2 0 0 2 0 1 0 0 2 0 0 2 0 2 0 0 0 2 0 0 0 0 0 0 0 1 0 0 0 1 0 0 2 0 0 1 0 2 0 2 0 0 2 0 2 0 0 0 1 0 2 0 1 0 0 0 0 0 0 0 0 0
173
108 12
0 2 0 2 0 2 0 1 0 1 0 0 1 0 0 2 0 0 2 0 2 0 0 0 1 0 0 2 0 2 0 0 2 0 1 0 1 0 1 0 2 0 0 2 0 1 0 0 0 0 0 1 0 0 1 0 0 0 2 0 2 0 0 2 0 0 2 0 2 0 0 0 0 1 0 1 0 0 0 2 0 0 1 0 2 0 1 0 0 0 2 0 1 0 0 0 0 1 0 0 0 2 0 0 0 1 0 0
40
137 1
0 1 0 2 0 0 2 0 1 0 0 0 0 2 0 0 2 0 2 0 2 0 2 0 1 0 0 0 0 0 0 0 1 0 0 0 0 0 2 0 0 1 0 0 1 0 0 2 0 0 0 1 0 2 0 0 2 0 2 0 2 0 2 0 0 1 0 0 0 0 1 0 2 0 0 0 1 0 0 0 0 0 2 0 2 0 1 0 0 2 0 0 2 0 1 0 0 0 0 2 0 0 2 0 0 2 0 0 2 0 0 1 0 0 2 0 2 0 0 1 0 2 0 0 2 0 0 1 0 1 0 1 0 2 0 0 0
110
162 9
1 0 2 0 2 0 0 0 0 0 0 0 2 0 0 0 2 0 2 0 0 1 0 2 0 2 0 0 2 0 2 0 0 0 1 0 2 0 2 0 2 0 2 0 0 2 0 0 2 0 1 0 0 0 2 0 0 1 0 2 0 2 0 1 0 2 0 2 0 1 0 0 0 1 0 2 0 2 0 1 0 0 0 0 0 0 2 0 1 0 2 0 0 2 0 0 2 0 1 0 1 0 2 0 0 0 0 0 0 2 0 1 0 2 0 0 2 0 0 2 0 0 0 1 0 0 1 0 2 0 0 0 2 0 2 0 0 1 0 1 0 1 0 0 0 0 0 2 0 0 0 2 0 2 0 0 0 0 0 2 0 0
8
105 15
1 0 2 0 2 0 0 1 0 1 0 2 0 0 2 0 0 0 0 0 0 0 1 0 1 0 0 0 2 0 2 0 0 0 0 0 2 0 0 2 0 0 0 2 0 2 0 2 0 1 0 2 0 0 0 0 0 1 0 0 2 0 0 2 0 0 2 0 0 0 0 2 0 0 0 0 0 1 0 0 1 0 0 0 1 0 0 0 1 0 0 1 0 1 0 0 1 0 0 2 0 2 0 2 0
46
192 8
1 0 2 0 2 0 2 0 0 0 2 0 1 0 2 0 0 2 0 0 1 0 1 0 0 1 0 2 0 0 0 2 0 1 0 2 0 2 0 0 0 1 0 0 2 0 0 0 0 0 2 0 1 0 2 0 2 0 0 1 0 2 0 1 0 0 2 0 0 0 0 0 0 2 0 2 0 2 0 0 2 0 2 0 1 0 1 0 2 0 2 0 1 0 0 0 0 2 0 1 0 2 0 0 1 0 2 0 0 2 0 0 0 1 0 0 0 1 0 0 0 0 2 0 0 1 0 0 0 0 0 2 0 0 0 0 0 2 0 0 0 0 0 0 1 0 2 0 0 1 0 1 0 0 0 1 0 0 0 0 0 0 2 0 1 0 2 0 2 0 0 2 0 1 0 1 0 2 0 1 0 2 0 2 0 2 0 0 1 0 1 0
81
85 5
2 0 0 0 2 0 2 0 0 0 0 1 0 2 0 1 0 2 0 0 0 1 0 2 0 0 0 1 0 1 0 0 1 0 1 0 1 0 2 0 0 1 0 0 2 0 2 0 0 0 0 0 0 2 0 1 0 0 2 0 1 0 0 2 0 2 0 0 1 0 1 0 0 2 0 0 0 0 0 2 0 0 2 0 0
33
180 15
0 0 1 0 2 0 0 0 1 0 0 0 1 0 0 2 0 1 0 2 0 1 0 0 2 0 0 0 1 0 0 0 0 2 0 0 2 0 1 0 0 0 1 0 0 0 0 0 0 2 0 1 0 0 1 0 2 0 2 0 0 2 0 2 0 2 0 1 0 1 0 0 0 2 0 1 0 1 0 0 2 0 1 0 1 0 1 0 2 0 0 2 0 1 0 0 2 0 1 0 1 0 1 0 2 0 0 0 1 0 2 0 2 0 0 1 0 2 0 0 0 0 1 0 2 0 2 0 0 1 0 0 2 0 0 0 0 0 0 0 2 0 0 0 1 0 1 0 2 0 2 0 1 0 2 0 2 0 1 0 2 0 1 0 0 1 0 0 1 0 0 0 2 0 0 1 0 2 0 0
66
168 14
0 2 0 0 0 2 0 1 0 2 0 0 2 0 2 0 2 0 0 0 1 0 0 0 2 0 1 0 2 0 2 0 0 1 0 0 1 0 1 0 1 0 1 0 0 1 0 0 0 0 1 0 2 0 1 0 0 0 0 0 1 0 0 0 2 0 2 0 0 2 0 0 0 2 0 0 1 0 2 0 2 0 0 0 0 1 0 1 0 0 0 1 0 0 2 0 2 0 2 0 0 2 0 0 1 0 2 0 2 0 0 2 0 0 0 2 0 1 0 0 0 0 0 0 0 1 0 1 0 0 0 0 1 0 0 0 1 0 2 0 0 0 0 0 0 1 0 2 0 2 0 0 2 0 0 0 2 0 0 2 0 2 0 2 0 1 0 0
138
110 11
0 2 0 0 2 0 0 1 0 0 0 1 0 0 2 0 0 1 0 0 2 0 1 0 0 2 0 0 2 0 0 1 0 2 0 0 2 0 0 0 0 0 1 0 2 0 0 1 0 0 0 2 0 2 0 0 2 0 0 0 2 0 2 0 2 0 0 2 0 0 2 0 0 0 0 1 0 1 0 0 1 0 1 0 2 0 0 0 0 0 0 2 0 0 0 0 2 0 0 0 0 2 0 1 0 0 1 0 1 0
28
100 20
0 2 0 2 0 0 2 0 0 0 0 1 0 2 0 1 0 0 0 0 1 0 2 0 0 1 0 1 0 0 1 0 0 2 0 1 0 1 0 0 2 0 2 0 0 0 1 0 0 0 0 0 1 0 0 0 0 2 0 0 1 0 0 0 0 2 0 2 0 0 2 0 2 0 0 1 0 0 1 0 0 2 0 2 0 2 0 0 1 0 0 2 0 1 0 0 2 0 1 0
81
175 5
0 1 0 0 2 0 0 2 0 2 0 1 0 1 0 1 0 0 1 0 1 0 2 0 2 0 2 0 2 0 2 0 0 0 0 0 0 1 0 1 0 2 0 1 0 0 0 0 0 0 0 0 0 2 0 1 0 0 0 2 0 0 1 0 0 1 0 2 0 0 1 0 2 0 2 0 0 2 0 0 2 0 1 0 0 2 0 1 0 0 0 2 0 0 2 0 1 0 0 2 0 0 0 0 0 2 0 0 2 0 2 0 1 0 0 0 0 0 0 0 0 2 0 1 0 0 0 2 0 1 0 0 1 0 1 0 0 0 0 0 2 0 0 0 0 0 2 0 2 0 0 2 0 0 0 0 2 0 0 1 0 0 1 0 1 0 1 0 2 0 0 0 0 1 0
70
108 18
1 0 0 0 2 0 1 0 2 0 0 0 0 0 2 0 0 0 0 0 0 1 0 0 0 0 2 0 0 0 2 0 0 2 0 0 0 2 0 2 0 0 0 2 0 1 0 0 2 0 0 2 0 0 1 0 0 0 1 0 1 0 0 0 1 0 0 2 0 2 0 0 0 2 0 1 0 0 1 0 1 0 1 0 2 0 2 0 0 0 2 0 1 0 2 0 0 1 0 0 2 0 1 0 0 1 0 0
105
108 18
1 0 2 0 1 0 0 0 2 0 0 0 1 0 2 0 1 0 1 0 1 0 2 0 1 0 1 0 2 0 2 0 2 0 2 0 2 0 0 1 0 0 2 0 0 2 0 0 0 1 0 0 2 0 1 0 1 0 1 0 0 0 1 0 0 0 1 0 0 2 0 0 0 0 1 0 1 0 2 0 0 1 0 0 0 2 0 2 0 0 1 0 0 0 0 0 2 0 1 0 0 0 0 0 0 0 0 0
91
152 8
0 0 1 0 0 0 2 0 0 2 0 1 0 2 0 0 0 2 0 0 2 0 2 0 0 0 0 1 0 0 0 2 0 0 1 0 1 0 1 0 0 1 0 0 2 0 1 0 2 0 0 0 2 0 2 0 0 2 0 0 2 0 1 0 0 1 0 0 0 0 0 2 0 2 0 0 2 0 0 0 1 0 0 2 0 0 2 0 0 2 0 2 0 2 0 0 1 0 1 0 0 1 0 0 2 0 2 0 2 0 2 0 2 0 2 0 0 1 0 0 2 0 0 2 0 2 0 1 0 1 0 1 0 0 2 0 2 0 0 2 0 1 0 0 2 0 0 0 1 0 2 0
36
112 1
1 0 0 2 0 0 2 0 2 0 2 0 2 0 2 0 2 0 2 0 0 2 0 0 0 1 0 1 0 2 0 0 0 2 0 1 0 2 0 2 0 0 0 1 0 2 0 1 0 0 0 2 0 2 0 0 2 0 2 0 0 2 0 0 2 0 0 1 0 1 0 2 0 0 2 0 1 0 0 2 0 2 0 2 0 1 0 2 0 0 2 0 1 0 1 0 2 0 2 0 0 0 0 2 0 2 0 0 0 1 0 0
32
173 1
2 0 2 0 1 0 0 0 1 0 1 0 0 1 0 2 0 0 0 0 2 0 0 0 0 2 0 2 0 0 2 0 2 0 1 0 2 0 2 0 0 2 0 1 0 2 0 2 0 2 0 1 0 2 0 0 0 0 2 0 0 0 0 0 0 1 0 0 0 0 2 0 1 0 0 0 1 0 0 2 0 2 0 2 0 0 1 0 2 0 2 0 1 0 0 1 0 1 0 1 0 0 2 0 2 0 2 0 2 0 1 0 0 1 0 1 0 0 1 0 0 0 2 0 2 0 2 0 0 1 0 2 0 2 0 2 0 1 0 2 0 2 0 2 0 1 0 0 2 0 0 0 2 0 2 0 0 2 0 0 0 0 2 0 2 0 0 1 0 2 0 2 0
144
96 6
0 0 0 2 0 1 0 1 0 2 0 0 0 2 0 0 0 2 0 0 1 0 2 0 1 0 2 0 1 0 0 0 2 0 0 1 0 0 1 0 2 0 2 0 1 0 0 0 2 0 0 1 0 2 0 0 2 0 2 0 0 0 1 0 0 1 0 2 0 1 0 1 0 1 0 0 0 0 2 0 0 0 0 2 0 1 0 2 0 2 0 0 1 0 0 0
66
96 12
0 2 0 2 0 1 0 0 2 0 0 0 2 0 0 0 2 0 1 0 1 0 2 0 0 0 1 0 1 0 2 0 2 0 1 0 0 0 0 0 0 0 1 0 2 0 0 0 2 0 0 0 0 0 1 0 2 0 2 0 2 0 2 0 0 0 1 0 2 0 0 0 0 0 2 0 0 2 0 0 2 0 1 0 0 0 1 0 0 0 0 0 0 2 0 0
2
154 7
0 1 0 0 0 2 0 0 0 0 0 0 0 0 0 1 0 0 0 1 0 0 0 0 1 0 2 0 2 0 0 2 0 1 0 0 0 1 0 0 2 0 2 0 2 0 0 1 0 2 0 0 0 2 0 1 0 1 0 0 2 0 2 0 0 0 0 0 1 0 1 0 1 0 0 2 0 0 0 2 0 2 0 2 0 2 0 0 2 0 0 2 0 0 0 1 0 2 0 2 0 0 2 0 1 0 1 0 2 0 0 1 0 2 0 0 0 0 0 2 0 0 0 0 2 0 0 1 0 2 0 0 0 2 0 2 0 0 2 0 1 0 0 0 0 0 0 1 0 2 0 0 0 0
9
81 3
2 0 0 2 0 0 1 0 1 0 1 0 2 0 0 1 0 1 0 1 0 0 0 2 0 0 0 0 2 0 0 1 0 1 0 2 0 0 1 0 1 0 0 0 2 0 0 1 0 2 0 2 0 0 1 0 0 0 2 0 1 0 0 2 0 1 0 2 0 1 0 0 2 0 0 2 0 0 1 0 0
52
196 4
2 0 0 1 0 0 2 0 0 0 0 0 1 0 0 2 0 1 0 0 0 0 0 2 0 2 0 0 1 0 0 1 0 1 0 0 0 2 0 1 0 1 0 0 0 0 0 0 0 0 0 0 2 0 2 0 1 0 2 0 2 0 1 0 1 0 0 0 0 2 0 0 0 2 0 0 2 0 1 0 2 0 0 1 0 0 1 0 0 0 0 2 0 2 0 0 1 0 2 0 0 2 0 2 0 2 0 0 1 0 2 0 2 0 1 0 0 1 0 1 0 2 0 1 0 2 0 0 2 0 0 1 0 1 0 2 0 1 0 0 0 1 0 1 0 2 0 2 0 0 1 0 0 2 0 2 0 0 0 2 0 2 0 0 0 1 0 2 0 0 0 2 0 2 0 0 1 0 2 0 2 0 0 0 0 2 0 2 0 2 0 0 0 1 0 0
57
63 9
0 2 0 0 0 1 0 0 0 0 0 0 0 0 2 0 0 2 0 0 0 2 0 0 0 0 0 0 1 0 2 0 2 0 0 0 0 0 0 0 0 0 0 1 0 1 0 2 0 0 2 0 2 0 2 0 2 0 0 0 0 1 0
1
121 11
0 0 2 0 1 0 0 0 2 0 0 2 0 2 0 1 0 0 2 0 0 0 0 0 2 0 0 1 0 2 0 1 0 1 0 2 0 2 0 0 1 0 2 0 0 0 1 0 0 1 0 2 0 2 0 2 0 0 0 1 0 1 0 1 0 0 2 0 1 0 2 0 2 0 0 2 0 1 0 2 0 1 0 1 0 0 0 0 2 0 1 0 0 2 0 1 0 0 0 2 0 1 0 0 2 0 0 0 0 0 0 2 0 2 0 0 1 0 1 0 0
119
96 16
0 2 0 2 0 0 0 2 0 0 2 0 2 0 0 0 1 0 0 0 1 0 1 0 1 0 1 0 2 0 0 2 0 2 0 0 1 0 1 0 2 0 0 0 2 0 1 0 1 0 0 2 0 0 1 0 0 2 0 0 1 0 2 0 0 0 1 0 0 1 0 0 0 1 0 1 0 0 2 0 1 0 0 0 2 0 2 0 2 0 2 0 0 2 0 0
76
132 12
2 0 1 0 1 0 0 2 0 0 0 0 0 1 0 2 0 0 2 0 0 0 1 0 0 0 1 0 1 0 2 0 0 2 0 2 0 1 0 1 0 2 0 0 0 2 0 1 0 2 0 1 0 2 0 0 1 0 0 0 0 2 0 1 0 0 0 0 2 0 0 0 0 2 0 0 0 0 2 0 2 0 2 0 2 0 1 0 1 0 2 0 2 0 1 0 0 1 0 2 0 0 1 0 2 0 1 0 1 0 0 0 2 0 0 1 0 1 0 0 0 0 2 0 2 0 0 0 0 1 0 0
72
60 10
0 0 0 1 0 0 0 2 0 0 0 0 0 1 0 2 0 0 0 0 1 0 2 0 2 0 0 0 2 0 2 0 1 0 1 0 0 1 0 0 0 0 0 0 0 1 0 0 0 2 0 0 1 0 1 0 0 1 0 0
3
130 13
0 2 0 2 0 2 0 0 0 0 0 0 0 0 0 2 0 1 0 0 2 0 2 0 0 2 0 2 0 0 1 0 1 0 2 0 2 0 1 0 0 1 0 2 0 0 2 0 2 0 0 1 0 2 0 1 0 0 2 0 0 1 0 1 0 2 0 0 1 0 2 0 0 0 0 2 0 1 0 0 0 2 0 0 2 0 2 0 0 0 1 0 2 0 0 1 0 1 0 0 0 0 1 0 2 0 2 0 0 0 0 0 0 0 0 2 0 0 0 0 1 0 0 0 0 0 1 0 1 0
8
140 7
2 0 0 0 1 0 0 0 2 0 0 2 0 1 0 0 0 0 0 0 0 0 1 0 0 0 2 0 2 0 2 0 2 0 1 0 0 2 0 0 0 0 0 2 0 1 0 0 0 1 0 0 0 1 0 2 0 0 1 0 0 0 2 0 0 0 2 0 1 0 0 1 0 1 0 2 0 1 0 0 1 0 0 0 2 0 0 0 0 0 0 2 0 0 0 0 0 1 0 0 0 0 2 0 0 1 0 2 0 2 0 0 1 0 0 1 0 2 0 0 0 0 2 0 1 0 2 0 2 0 0 2 0 2 0 1 0 2 0 0
5
168 3
0 0 2 0 0 1 0 0 0 2 0 2 0 0 2 0 2 0 0 0 2 0 1 0 2 0 2 0 1 0 2 0 0 1 0 2 0 0 1 0 2 0 1 0 0 2 0 0 0 2 0 0 1 0 1 0 0 2 0 2 0 0 1 0 1 0 0 1 0 0 0 0 1 0 2 0 0 2 0 0 2 0 0 0 1 0 0 0 0 2 0 2 0 0 2 0 2 0 1 0 0 1 0 0 0 2 0 0 0 2 0 0 2 0 0 2 0 2 0 0 0 0 2 0 1 0 1 0 0 2 0 0 0 1 0 0 1 0 1 0 2 0 0 1 0 2 0 0 1 0 1 0 0 2 0 2 0 2 0 1 0 1 0 0 0 2 0 0
14
152 19
2 0 0 0 1 0 1 0 0 1 0 2 0 2 0 0 1 0 0 1 0 0 2 0 0 1 0 0 0 2 0 0 2 0 0 2 0 0 0 0 2 0 0 0 0 2 0 0 0 2 0 0 2 0 2 0 2 0 0 2 0 0 0 0 2 0 0 0 0 0 0 0 1 0 1 0 2 0 1 0 0 1 0 2 0 0 0 0 0 0 2 0 0 0 2 0 0 2 0 1 0 0 2 0 2 0 0 0 1 0 1 0 2 0 0 2 0 0 1 0 2 0 0 0 2 0 2 0 2 0 0 0 1 0 0 0 2 0 2 0 0 2 0 0 1 0 0 0 2 0 0 0
48
56 4
2 0 2 0 0 2 0 1 0 1 0 1 0 0 0 0 2 0 1 0 2 0 0 0 2 0 0 0 1 0 2 0 0 2 0 1 0 1 0 2 0 0 2 0 0 0 1 0 2 0 0 1 0 0 2 0
16
175 5
1 0 0 2 0 2 0 0 0 0 2 0 0 2 0 1 0 1 0 2 0 1 0 0 1 0 1 0 0 1 0 0 1 0 0 2 0 2 0 0 0 0 1 0 1 0 2 0 0 0 0 0 2 0 1 0 2 0 0 2 0 1 0 0 0 0 1 0 0 0 0 0 0 2 0 2 0 2 0 0 0 2 0 2 0 0 0 2 0 0 0 0 2 0 0 0 2 0 2 0 1 0 2 0 0 2 0 2 0 2 0 2 0 2 0 0 2 0 0 1 0 2 0 0 0 0 1 0 0 2 0 2 0 2 0 0 2 0 2 0 0 1 0 2 0 0 0 1 0 1 0 2 0 2 0 2 0 2 0 0 1 0 1 0 2 0 0 0 1 0 0 1 0 0 0
145
90 6
2 0 2 0 0 0 0 2 0 0 2 0 2 0 0 0 0 2 0 0 0 2 0 1 0 2 0 2 0 0 0 2 0 0 1 0 1 0 2 0 2 0 2 0 0 2 0 0 1 0 1 0 0 2 0 0 1 0 0 0 1 0 2 0 0 0 2 0 2 0 0 1 0 2 0 0 0 1 0 1 0 0 1 0 0 0 1 0 0 0
82
144 16
0 1 0 0 0 1 0 0 0 2 0 1 0 0 2 0 1 0 1 0 0 0 0 0 0 1 0 2 0 2 0 0 1 0 1 0 2 0 0 0 0 2 0 0 0 1 0 2 0 0 1 0 0 0 1 0 2 0 0 1 0 2 0 0 1 0 0 1 0 1 0 0 2 0 0 1 0 0 0 0 0 2 0 2 0 2 0 1 0 0 2 0 1 0 0 2 0 0 0 2 0 1 0 1 0 1 0 0 2 0 2 0 0 0 0 0 0 2 0 1 0 0 1 0 2 0 0 0 0 0 0 0 2 0 0 0 2 0 2 0 0 1 0 0
131
88 2
1 0 2 0 0 0 2 0 1 0 2 0 2 0 0 0 0 0 0 1 0 0 0 0 2 0 2 0 2 0 0 1 0 0 2 0 1 0 2 0 0 0 2 0 0 2 0 0 2 0 0 0 2 0 2 0 2 0 2 0 1 0 0 1 0 1 0 2 0 0 0 2 0 0 0 0 2 0 0 2 0 2 0 0 0 2 0 0
84
158 1
1 0 2 0 2 0 0 1 0 1 0 2 0 2 0 0 0 1 0 0 2 0 1 0 0 2 0 1 0 0 0 0 1 0 0 2 0 0 2 0 0 2 0 0 0 2 0 2 0 2 0 0 2 0 2 0 0 1 0 0 0 0 2 0 0 2 0 1 0 0 0 1 0 0 2 0 0 2 0 0 2 0 2 0 1 0 0 2 0 0 2 0 0 0 0 1 0 1 0 1 0 0 2 0 0 2 0 0 2 0 1 0 0 1 0 0 2 0 0 1 0 2 0 2 0 1 0 0 2 0 2 0 0 0 2 0 1 0 0 2 0 0 2 0 0 0 0 1 0 0 1 0 0 2 0 1 0 0
150
144 12
1 0 1 0 0 2 0 2 0 0 0 0 0 1 0 0 1 0 2 0 2 0 2 0 2 0 0 2 0 1 0 1 0 2 0 0 2 0 0 0 0 2 0 0 2 0 0 0 2 0 0 1 0 0 1 0 1 0 2 0 0 0 0 2 0 2 0 0 0 1 0 0 1 0 0 2 0 2 0 0 0 1 0 0 0 0 0 2 0 2 0 0 0 2 0 0 2 0 2 0 1 0 2 0 1 0 2 0 1 0 0 2 0 1 0 2 0 1 0 0 1 0 0 0 2 0 0 0 1 0 2 0 1 0 0 0 2 0 0 0 0 2 0 0
63
49 7
1 0 1 0 2 0 0 0 1 0 0 2 0 0 2 0 1 0 0 2 0 0 0 0 0 0 1 0 2 0 0 0 0 2 0 1 0 0 0 1 0 0 2 0 2 0 0 1 0
39
54 9
0 1 0 0 2 0 2 0 0 2 0 0 0 0 2 0 0 0 2 0 0 0 2 0 1 0 1 0 0 0 0 0 2 0 0 0 0 0 1 0 1 0 0 0 0 2 0 0 2 0 0 1 0 0
23
133 19
2 0 0 2 0 2 0 2 0 0 0 0 2 0 0 0 0 1 0 0 0 2 0 0 2 0 0 0 1 0 1 0 0 0 0 1 0 2 0 2 0 0 2 0 2 0 2 0 0 0 2 0 2 0 2 0 0 1 0 2 0 1 0 2 0 2 0 0 0 0 1 0 0 2 0 2 0 1 0 2 0 1 0 0 1 0 1 0 0 2 0 2 0 1 0 2 0 0 1 0 2 0 2 0 0 1 0 2 0 2 0 0 2 0 0 0 2 0 0 0 2 0 1 0 2 0 0 2 0 0 2 0 0
64
76 4
2 0 2 0 2 0 1 0 1 0 1 0 2 0 1 0 0 2 0 1 0 0 0 1 0 1 0 0 2 0 0 0 1 0 1 0 2 0 0 1 0 0 2 0 0 2 0 1 0 1 0 2 0 2 0 1 0 2 0 0 1 0 0 1 0 2 0 2 0 1 0 1 0 0 2 0
31
180 9
2 0 0 0 0 2 0 0 2 0 2 0 1 0 0 2 0 1 0 0 0 1 0 0 1 0 2 0 1 0 0 2 0 0 2 0 0 1 0 0 0 1 0 2 0 1 0 2 0 2 0 0 2 0 2 0 1 0 2 0 1 0 0 2 0 2 0 1 0 0 0 0 0 2 0 0 2 0 2 0 2 0 1 0 0 2 0 0 0 0 2 0 1 0 1 0 2 0 2 0 0 0 0 0 2 0 1 0 2 0 2 0 0 0 1 0 2 0 1 0 1 0 2 0 1 0 1 0 1 0 0 0 0 0 0 0 0 0 1 0 2 0 2 0 1 0 1 0 1 0 0 0 2 0 0 0 0 0 2 0 2 0 0 1 0 1 0 2 0 2 0 0 0 0 1 0 2 0 0 0
131
126 9
0 0 2 0 1 0 0 0 0 1 0 1 0 0 2 0 0 0 1 0 2 0 1 0 0 0 0 0 1 0 2 0 0 0 2 0 0 2 0 0 0 0 2 0 0 0 0 2 0 0 0 0 1 0 2 0 1 0 0 2 0 1 0 2 0 2 0 2 0 0 0 0 2 0 1 0 0 1 0 2 0 0 0 0 1 0 0 1 0 0 0 0 2 0 2 0 0 0 0 0 2 0 0 0 0 0 2 0 0 1 0 0 0 0 1 0 1 0 1 0 2 0 0 0 0 0
10
57 19
1 0 0 2 0 0 2 0 0 0 2 0 0 1 0 2 0 0 2 0 0 2 0 0 0 1 0 1 0 0 1 0 0 1 0 0 1 0 0 2 0 0 2 0 0 0 2 0 2 0 0 0 1 0 0 2 0
4
80 8
2 0 0 2 0 0 1 0 2 0 2 0 2 0 1 0 0 0 2 0 0 0 1 0 2 0 0 0 1 0 0 1 0 0 1 0 0 0 2 0 1 0 2 0 0 0 0 0 2 0 2 0 0 0 1 0 1 0 0 0 0 2 0 0 2 0 2 0 1 0 2 0 0 1 0 2 0 1 0 0
30
60 6
0 0 0 0 0 0 2 0 1 0 2 0 2 0 0 2 0 0 0 0 2 0 0 0 0 0 0 0 2 0 2 0 2 0 2 0 0 0 1 0 0 2 0 0 0 2 0 1 0 0 2 0 1 0 2 0 2 0 1 0
30
120 15
1 0 0 0 1 0 0 0 2 0 0 2 0 1 0 0 2 0 1 0 2 0 2 0 1 0 2 0 0 0 1 0 0 2 0 0 2 0 2 0 0 0 0 1 0 0 2 0 2 0 2 0 1 0 1 0 2 0 2 0 1 0 2 0 1 0 2 0 0 0 0 0 0 2 0 1 0 0 0 0 2 0 0 0 0 1 0 0 2 0 0 1 0 0 2 0 1 0 2 0 0 0 2 0 2 0 1 0 0 0 2 0 1 0 2 0 0 0 2 0
98
80 16
1 0 0 2 0 2 0 1 0 0 0 0 1 0 0 0 0 0 2 0 2 0 0 2 0 1 0 1 0 0 2 0 0 2 0 1 0 1 0 0 1 0 2 0 0 0 0 0 0 0 2 0 0 0 0 0 2 0 0 0 2 0 0 2 0 2 0 0 2 0 0 2 0 2 0 0 0 0 0 0
70
174 1
0 1 0 1 0 2 0 1 0 0 2 0 2 0 0 0 2 0 2 0 0 2 0 0 0 2 0 0 0 1 0 2 0 0 2 0 2 0 0 2 0 2 0 0 2 0 0 1 0 1 0 0 0 1 0 0 0 2 0 2 0 0 2 0 2 0 1 0 0 1 0 0 0 1 0 2 0 0 2 0 2 0 1 0 0 0 2 0 2 0 2 0 1 0 1 0 1 0 0 0 0 0 0 2 0 0 0 0 0 0 0 2 0 2 0 1 0 0 0 2 0 0 2 0 0 2 0 0 2 0 2 0 0 2 0 2 0 0 2 0 1 0 2 0 1 0 2 0 0 1 0 0 0 2 0 2 0 0 2 0 2 0 1 0 0 0 0 0 1 0 1 0 1 0
60
130 13
0 2 0 1 0 0 1 0 2 0 0 0 2 0 0 0 2 0 0 0 2 0 1 0 0 0 2 0 2 0 0 0 0 1 0 0 0 1 0 0 2 0 2 0 1 0 1 0 2 0 1 0 0 0 2 0 2 0 1 0 0 1 0 1 0 0 0 2 0 0 2 0 0 2 0 0 0 0 1 0 0 1 0 1 0 0 2 0 0 0 1 0 0 2 0 2 0 0 0 0 2 0 1 0 2 0 0 0 1 0 0 1 0 2 0 0 0 1 0 0 1 0 0 1 0 2 0 2 0 0
115
169 13
2 0 1 0 0 0 2 0 1 0 2 0 0 1 0 0 1 0 0 2 0 2 0 2 0 0 0 0 2 0 0 1 0 0 0 0 0 0 0 1 0 2 0 2 0 2 0 2 0 2 0 0 0 2 0 0 0 0 2 0 1 0 0 0 0 0 1 0 0 2 0 2 0 2 0 1 0 0 0 0 0 2 0 0 0 2 0 0 1 0 0 1 0 2 0 2 0 2 0 1 0 2 0 0 0 0 1 0 0 0 2 0 1 0 2 0 0 2 0 0 1 0 1 0 0 2 0 2 0 0 2 0 0 1 0 1 0 0 2 0 0 2 0 0 2 0 0 1 0 1 0 0 2 0 1 0 1 0 0 0 0 2 0 2 0 0 0 1 0
133
132 12
2 0 0 0 2 0 2 0 0 1 0 0 0 1 0 1 0 0 1 0 1 0 0 2 0 1 0 1 0 0 2 0 0 0 0 0 1 0 2 0 2 0 2 0 2 0 0 2 0 2 0 0 0 1 0 0 1 0 2 0 1 0 2 0 2 0 0 1 0 2 0 1 0 2 0 2 0 2 0 0 0 1 0 0 1 0 2 0 0 2 0 0 2 0 0 0 1 0 0 2 0 1 0 0 0 1 0 0 0 0 1 0 2 0 2 0 2 0 2 0 0 0 0 1 0 0 0 1 0 2 0 0
91
70 14
1 0 0 0 0 0 2 0 1 0 0 0 0 0 0 1 0 2 0 0 0 0 0 2 0 2 0 0 1 0 0 0 2 0 0 1 0 2 0 0 2 0 2 0 0 2 0 0 1 0 1 0 2 0 0 1 0 0 2 0 2 0 0 0 0 2 0 2 0 0
28
100 10
2 0 2 0 0 2 0 0 0 0 2 0 0 0 0 0 0 2 0 0 0 0 2 0 0 1 0 2 0 0 1 0 2 0 0 1 0 2 0 0 0 2 0 1 0 1 0 2 0 0 0 1 0 1 0 1 0 0 0 0 1 0 0 0 2 0 1 0 1 0 0 2 0 0 2 0 0 0 0 0 0 0 2 0 2 0 0 2 0 0 2 0 2 0 0 1 0 2 0 0
88
65 13
2 0 0 0 0 0 0 0 2 0 1 0 2 0 0 1 0 1 0 0 1 0 0 1 0 1 0 0 2 0 0 0 0 2 0 0 0 2 0 0 2 0 0 0 0 2 0 0 0 0 0 2 0 0 0 0 1 0 0 0 2 0 2 0 0
63
125 5
2 0 0 0 1 0 1 0 2 0 0 0 0 0 2 0 0 1 0 0 2 0 2 0 0 2 0 0 0 0 2 0 0 0 0 2 0 2 0 0 2 0 2 0 0 2 0 2 0 0 0 2 0 0 2 0 2 0 1 0 2 0 2 0 0 0 2 0 2 0 2 0 0 2 0 0 1 0 2 0 1 0 0 0 0 2 0 2 0 0 1 0 2 0 2 0 0 2 0 0 2 0 0 2 0 0 2 0 2 0 2 0 0 2 0 1 0 0 0 2 0 0 0 1 0
77
91 7
0 0 2 0 0 0 2 0 2 0 1 0 0 2 0 0 2 0 1 0 2 0 1 0 1 0 0 0 0 2 0 1 0 2 0 0 2 0 0 1 0 2 0 1 0 0 1 0 0 0 0 0 1 0 1 0 2 0 1 0 0 1 0 0 0 0 2 0 0 0 1 0 0 0 0 2 0 0 2 0 1 0 2 0 1 0 0 0 2 0 0
60
100 20
0 2 0 2 0 2 0 2 0 0 1 0 2 0 0 1 0 0 0 0 2 0 2 0 0 1 0 1 0 0 2 0 1 0 0 2 0 0 0 0 0 0 2 0 0 2 0 0 0 0 0 1 0 2 0 0 2 0 0 0 0 1 0 1 0 0 0 2 0 0 0 0 2 0 0 0 2 0 0 0 2 0 0 1 0 2 0 0 0 0 0 0 0 0 0 0 0 1 0 0
26
105 15
0 1 0 2 0 0 0 0 2 0 2 0 2 0 2 0 0 1 0 1 0 0 0 0 1 0 0 0 2 0 0 0 2 0 0 2 0 0 1 0 2 0 0 2 0 0 0 1 0 2 0 0 0 0 0 0 0 0 2 0 1 0 0 0 1 0 0 1 0 0 1 0 0 1 0 0 0 0 0 0 1 0 0 0 2 0 0 0 0 1 0 2 0 2 0 0 0 0 0 1 0 0 1 0 0
48
96 8
1 0 0 0 0 0 2 0 0 1 0 0 2 0 2 0 2 0 0 0 0 1 0 0 0 2 0 1 0 2 0 2 0 0 2 0 0 1 0 0 0 2 0 1 0 2 0 0 0 2 0 2 0 2 0 1 0 1 0 0 1 0 1 0 0 2 0 0 1 0 1 0 2 0 0 2 0 2 0 0 0 2 0 0 0 0 2 0 0 1 0 2 0 2 0 0
23
153 17
0 0 2 0 2 0 1 0 0 0 0 0 1 0 1 0 1 0 2 0 0 0 0 0 0 2 0 2 0 2 0 2 0 2 0 0 0 2 0 2 0 2 0 2 0 1 0 1 0 0 0 0 2 0 2 0 2 0 2 0 1 0 0 2 0 2 0 2 0 0 2 0 2 0 2 0 0 0 0 2 0 1 0 0 2 0 1 0 2 0 1 0 2 0 0 0 0 1 0 2 0 0 0 1 0 1 0 0 0 1 0 0 2 0 2 0 0 2 0 1 0 2 0 1 0 0 2 0 2 0 2 0 0 0 0 2 0 2 0 0 2 0 2 0 0 2 0 2 0 2 0 1 0
74
75 3
0 1 0 0 1 0 1 0 2 0 2 0 2 0 1 0 0 1 0 0 1 0 0 0 0 1 0 1 0 1 0 1 0 1 0 0 0 2 0 1 0 2 0 1 0 2 0 2 0 0 1 0 2 0 0 0 1 0 2 0 1 0 2 0 2 0 1 0 0 2 0 0 0 2 0
37
120 6
2 0 2 0 2 0 1 0 0 2 0 2 0 0 1 0 0 0 1 0 0 0 0 0 2 0 1 0 2 0 1 0 1 0 2 0 1 0 2 0 0 2 0 0 0 0 1 0 1 0 0 2 0 1 0 2 0 2 0 0 0 0 0 1 0 0 1 0 0 2 0 0 0 0 0 0 2 0 1 0 1 0 0 2 0 0 2 0 0 2 0 0 2 0 2 0 2 0 1 0 2 0 0 2 0 1 0 1 0 1 0 0 0 2 0 0 1 0 0 0
37
108 18
1 0 1 0 0 0 0 2 0 2 0 0 0 2 0 2 0 0 0 0 2 0 0 0 2 0 1 0 0 0 1 0 0 0 2 0 2 0 1 0 2 0 0 0 0 2 0 0 2 0 0 0 2 0 2 0 0 2 0 0 2 0 1 0 2 0 2 0 0 1 0 0 2 0 2 0 0 0 1 0 1 0 2 0 2 0 2 0 2 0 2 0 0 0 1 0 1 0 2 0 2 0 0 2 0 1 0 0
58
80 16
0 2 0 0 0 0 0 0 1 0 1 0 2 0 0 2 0 2 0 0 2 0 2 0 0 0 0 0 2 0 0 1 0 1 0 0 1 0 0 0 0 0 0 2 0 0 2 0 1 0 2 0 2 0 0 0 1 0 2 0 1 0 2 0 0 0 1 0 2 0 1 0 2 0 0 0 0 2 0 0
37
91 13
2 0 2 0 0 2 0 2 0 2 0 2 0 0 1 0 0 0 2 0 0 0 1 0 2 0 2 0 0 0 2 0 0 2 0 2 0 1 0 2 0 0 0 0 2 0 2 0 0 0 1 0 1 0 0 0 0 1 0 1 0 0 0 1 0 0 0 0 0 0 0 0 2 0 0 0 0 0 0 2 0 1 0 0 0 0 2 0 1 0 0
63
116 2
0 0 2 0 0 0 0 0 2 0 2 0 2 0 2 0 0 0 1 0 2 0 2 0 0 2 0 2 0 2 0 0 2 0 0 1 0 1 0 0 2 0 0 2 0 0 1 0 2 0 2 0 1 0 2 0 2 0 1 0 0 0 1 0 0 0 0 2 0 0 0 0 2 0 0 0 1 0 2 0 0 0 2 0 0 0 0 2 0 2 0 1 0 1 0 2 0 0 2 0 2 0 0 1 0 2 0 2 0 2 0 0 0 0 0 0
77
72 18
2 0 0 0 1 0 1 0 0 1 0 0 2 0 2 0 0 0 0 0 0 0 2 0 2 0 2 0 0 0 2 0 1 0 2 0 2 0 2 0 2 0 2 0 2 0 1 0 1 0 1 0 0 2 0 0 0 0 1 0 1 0 2 0 1 0 0 0 2 0 0 0
23
125 5
2 0 2 0 1 0 1 0 2 0 1 0 1 0 0 0 1 0 2 0 1 0 1 0 0 2 0 0 2 0 0 2 0 2 0 1 0 1 0 0 0 1 0 0 0 0 2 0 0 0 0 0 2 0 0 0 0 0 2 0 2 0 2 0 2 0 2 0 2 0 2 0 2 0 0 2 0 0 2 0 2 0 1 0 1 0 0 0 2 0 0 0 2 0 0 2 0 0 2 0 0 1 0 0 0 0 2 0 2 0 0 2 0 0 1 0 2 0 1 0 0 0 0 2 0
99
134 2
1 0 1 0 2 0 0 0 2 0 2 0 0 0 2 0 1 0 0 2 0 2 0 0 1 0 2 0 2 0 2 0 0 0 0 0 0 2 0 1 0 0 1 0 0 2 0 0 2 0 2 0 0 2 0 1 0 1 0 2 0 2 0 0 1 0 0 0 1 0 1 0 2 0 1 0 2 0 2 0 2 0 2 0 0 0 0 1 0 0 2 0 2 0 2 0 0 2 0 2 0 1 0 2 0 1 0 0 1 0 2 0 2 0 2 0 0 2 0 1 0 0 2 0 2 0 1 0 0 2 0 1 0 0
8
180 20
0 1 0 0 0 0 2 0 0 0 1 0 1 0 1 0 0 0 0 2 0 2 0 0 0 0 0 0 2 0 1 0 2 0 2 0 2 0 0 1 0 0 1 0 0 1 0 1 0 0 0 0 1 0 1 0 0 1 0 0 0 0 0 2 0 1 0 2 0 1 0 0 0 0 0 0 1 0 1 0 0 2 0 0 2 0 0 1 0 0 0 0 0 0 2 0 1 0 0 2 0 0 0 1 0 0 0 0 0 2 0 0 0 2 0 1 0 0 0 2 0 0 2 0 1 0 2 0 0 0 2 0 0 0 0 1 0 0 0 1 0 2 0 0 2 0 0 2 0 2 0 2 0 0 2 0 1 0 0 0 2 0 2 0 2 0 0 2 0 1 0 0 1 0 2 0 0 2 0 0
39
117 13
2 0 0 1 0 1 0 0 0 0 1 0 2 0 2 0 1 0 0 0 0 0 0 0 1 0 0 2 0 0 0 1 0 0 0 0 1 0 2 0 0 0 2 0 0 0 0 2 0 0 2 0 0 0 0 2 0 0 0 0 0 0 0 0 1 0 2 0 1 0 1 0 2 0 0 2 0 0 2 0 0 0 2 0 0 0 0 1 0 0 0 0 0 0 2 0 0 0 0 1 0 1 0 2 0 2 0 0 2 0 0 2 0 2 0 0 0
76
70 2
0 2 0 0 2 0 0 2 0 2 0 1 0 2 0 2 0 0 0 1 0 2 0 0 0 0 0 1 0 1 0 0 2 0 0 2 0 0 0 2 0 0 1 0 2 0 2 0 0 1 0 0 2 0 1 0 1 0 0 2 0 0 0 2 0 2 0 0 0 0
16
90 18
1 0 0 2 0 2 0 2 0 0 0 1 0 2 0 2 0 2 0 0 0 2 0 2 0 2 0 0 1 0 1 0 0 0 0 1 0 1 0 0 2 0 2 0 0 1 0 2 0 0 0 1 0 0 0 2 0 1 0 0 2 0 0 1 0 0 0 1 0 0 0 0 1 0 0 2 0 2 0 0 0 2 0 2 0 2 0 0 0 0
27
85 17
1 0 0 1 0 0 2 0 1 0 2 0 0 1 0 0 2 0 0 0 1 0 0 0 0 0 0 2 0 0 0 0 0 1 0 0 0 0 0 0 0 0 0 2 0 0 2 0 0 0 0 0 2 0 0 0 1 0 0 0 0 0 2 0 0 1 0 0 2 0 0 0 2 0 0 0 0 0 2 0 0 1 0 0 0
40
65 13
2 0 2 0 0 1 0 0 0 0 0 1 0 0 0 2 0 0 2 0 0 2 0 0 0 0 1 0 2 0 2 0 0 2 0 0 0 2 0 0 0 0 2 0 0 0 1 0 0 0 2 0 1 0 0 1 0 1 0 0 0 1 0 2 0
53
171 19
0 2 0 2 0 2 0 0 0 1 0 2 0 2 0 0 2 0 1 0 1 0 1 0 1 0 0 1 0 2 0 0 0 0 0 0 1 0 0 2 0 1 0 1 0 0 0 0 1 0 2 0 1 0 2 0 2 0 2 0 2 0 0 1 0 2 0 0 0 1 0 0 1 0 2 0 0 0 0 2 0 2 0 0 2 0 1 0 0 0 2 0 0 0 2 0 2 0 0 2 0 0 1 0 0 1 0 0 2 0 1 0 0 2 0 0 0 2 0 0 0 2 0 1 0 0 0 0 1 0 2 0 2 0 0 2 0 0 0 0 2 0 1 0 0 2 0 0 1 0 1 0 0 1 0 0 0 2 0 1 0 0 0 0 0 0 2 0 1 0 0
153
180 20
0 0 1 0 2 0 1 0 0 0 1 0 1 0 0 0 1 0 1 0 0 2 0 0 1 0 0 2 0 2 0 0 0 1 0 0 1 0 2 0 2 0 0 0 0 2 0 1 0 0 0 1 0 0 2 0 1 0 0 0 1 0 0 2 0 1 0 1 0 0 1 0 2 0 1 0 0 0 1 0 0 0 1 0 1 0 1 0 0 0 2 0 1 0 2 0 0 2 0 2 0 0 2 0 2 0 1 0 1 0 2 0 2 0 2 0 0 2 0 0 2 0 1 0 0 0 0 1 0 0 1 0 2 0 0 0 0 2 0 1 0 2 0 0 2 0 2 0 0 2 0 0 0 0 0 0 0 0 0 0 2 0 0 2 0 0 0 0 0 2 0 0 1 0 0 2 0 0 0 0
123
187 1
0 2 0 0 0 0 0 0 1 0 0 0 0 1 0 0 0 2 0 1 0 0 2 0 1 0 2 0 0 2 0 2 0 1 0 0 1 0 1 0 2 0 1 0 0 1 0 1 0 1 0 0 1 0 0 2 0 0 1 0 0 1 0 1 0 1 0 0 0 2 0 0 1 0 0 2 0 1 0 1 0 2 0 1 0 0 1 0 2 0 2 0 2 0 0 1 0 1 0 2 0 0 0 1 0 1 0 1 0 2 0 2 0 1 0 0 1 0 0 0 0 0 0 0 0 0 2 0 0 1 0 0 1 0 2 0 2 0 1 0 0 1 0 0 2 0 1 0 2 0 0 1 0 0 1 0 0 1 0 0 2 0 0 0 2 0 0 1 0 2 0 1 0 2 0 2 0 1 0 0 2 0 1 0 0 0 0
163
55 11
0 2 0 2 0 1 0 1 0 0 2 0 0 0 0 0 0 1 0 0 0 2 0 0 0 1 0 0 0 0 2 0 1 0 0 1 0 1 0 0 2 0 0 0 0 2 0 1 0 0 2 0 2 0 0
36
192 16
0 0 0 2 0 0 0 1 0 2 0 0 1 0 1 0 1 0 0 1 0 0 0 0 0 2 0 2 0 1 0 0 2 0 0 0 1 0 1 0 2 0 0 1 0 1 0 0 0 1 0 0 1 0 2 0 2 0 1 0 0 2 0 0 1 0 1 0 1 0 0 0 1 0 1 0 2 0 2 0 2 0 1 0 0 0 2 0 1 0 1 0 2 0 0 0 2 0 2 0 0 2 0 0 2 0 0 0 0 1 0 1 0 0 2 0 0 0 0 0 1 0 2 0 0 1 0 2 0 1 0 0 0 1 0 0 1 0 2 0 2 0 2 0 2 0 0 0 0 1 0 2 0 2 0 0 2 0 0 0 1 0 0 0 0 1 0 0 2 0 2 0 0 0 0 2 0 1 0 0 0 0 0 1 0 2 0 0 0 2 0 0
100
57 3
0 0 2 0 0 2 0 2 0 0 2 0 0 1 0 2 0 1 0 2 0 0 0 2 0 0 1 0 0 0 0 1 0 1 0 2 0 0 0 2 0 0 0 1 0 2 0 0 2 0 1 0 1 0 0 0 0
36
112 2
2 0 0 2 0 1 0 0 2 0 2 0 2 0 1 0 1 0 2 0 1 0 2 0 0 0 1 0 2 0 1 0 1 0 2 0 0 2 0 0 2 0 0 1 0 2 0 1 0 0 0 2 0 0 2 0 1 0 2 0 1 0 0 0 2 0 1 0 0 2 0 2 0 0 2 0 0 0 0 0 0 1 0 1 0 2 0 0 1 0 1 0 0 1 0 0 0 2 0 0 2 0 2 0 0 1 0 2 0 2 0 0
11
160 16
0 1 0 1 0 0 1 0 0 0 0 0 0 2 0 1 0 0 0 0 0 1 0 0 0 2 0 0 2 0 2 0 0 0 0 0 1 0 0 0 0 0 0 2 0 0 0 0 0 0 2 0 2 0 1 0 0 1 0 0 1 0 0 0 2 0 2 0 1 0 0 2 0 0 1 0 2 0 1 0 0 2 0 2 0 0 2 0 2 0 0 2 0 0 2 0 2 0 2 0 2 0 0 0 1 0 0 0 1 0 1 0 2 0 2 0 0 2 0 0 1 0 1 0 2 0 0 2 0 0 1 0 0 1 0 1 0 1 0 0 0 2 0 0 1 0 1 0 0 0 2 0 0 2 0 2 0 0 0 0
61
187 17
1 0 0 1 0 2 0 0 2 0 0 0 2 0 2 0 0 2 0 2 0 0 0 1 0 2 0 2 0 0 2 0 0 0 0 0 2 0 0 2 0 0 0 0 0 0 0 0 0 1 0 0 2 0 0 1 0 2 0 0 1 0 1 0 0 0 2 0 1 0 1 0 2 0 1 0 0 0 2 0 0 2 0 2 0 0 1 0 0 0 2 0 0 2 0 2 0 2 0 2 0 0 1 0 2 0 2 0 2 0 0 1 0 2 0 0 0 0 0 0 0 1 0 0 2 0 1 0 2 0 2 0 1 0 0 1 0 2 0 1 0 1 0 2 0 1 0 0 0 0 2 0 2 0 0 0 1 0 2 0 2 0 2 0 0 2 0 0 1 0 0 0 1 0 2 0 1 0 0 2 0 0 0 0 2 0 0
72
60 5
0 2 0 2 0 1 0 2 0 2 0 0 0 0 2 0 0 0 2 0 0 0 2 0 1 0 0 1 0 1 0 2 0 0 0 0 0 1 0 0 0 0 2 0 2 0 0 0 1 0 2 0 1 0 1 0 0 0 1 0
52
70 7
0 0 2 0 0 1 0 1 0 0 2 0 0 0 2 0 1 0 1 0 0 2 0 2 0 0 2 0 0 0 2 0 1 0 0 2 0 2 0 0 0 0 0 2 0 0 2 0 1 0 1 0 0 1 0 1 0 0 1 0 2 0 0 2 0 1 0 0 0 0
14
100 10
0 2 0 1 0 0 1 0 2 0 1 0 0 2 0 2 0 2 0 0 2 0 0 0 0 1 0 0 2 0 1 0 0 1 0 0 2 0 2 0 2 0 2 0 0 1 0 1 0 0 1 0 1 0 0 2 0 1 0 0 2 0 1 0 0 2 0 0 0 0 0 0 2 0 0 0 0 2 0 0 0 0 0 1 0 2 0 2 0 0 1 0 0 0 0 2 0 1 0 0
12
102 17
0 0 0 0 2 0 0 2 0 1 0 0 0 0 1 0 1 0 2 0 0 2 0 0 0 0 1 0 1 0 0 1 0 2 0 0 2 0 1 0 0 0 1 0 1 0 0 0 0 2 0 2 0 0 2 0 1 0 0 0 0 2 0 0 0 0 1 0 0 2 0 0 2 0 1 0 1 0 2 0 0 2 0 0 0 0 2 0 1 0 0 0 0 1 0 0 0 2 0 2 0 0
56
74 1
2 0 0 0 0 2 0 0 0 2 0 1 0 2 0 0 0 0 2 0 2 0 2 0 2 0 2 0 2 0 0 2 0 1 0 1 0 2 0 0 0 0 0 0 2 0 1 0 1 0 0 0 0 1 0 0 2 0 2 0 0 1 0 0 0 0 1 0 1 0 0 2 0 0
63
192 12
0 0 1 0 2 0 0 0 2 0 0 0 2 0 0 0 1 0 0 2 0 1 0 0 0 1 0 0 0 1 0 0 0 1 0 1 0 2 0 0 2 0 0 0 0 1 0 0 2 0 2 0 1 0 2 0 1 0 2 0 1 0 1 0 1 0 1 0 0 1 0 1 0 0 1 0 2 0 2 0 2 0 0 2 0 0 2 0 0 0 1 0 1 0 1 0 0 0 0 1 0 0 2 0 0 0 2 0 0 1 0 0 0 0 1 0 2 0 0 0 2 0 1 0 0 1 0 0 1 0 0 2 0 0 0 0 2 0 0 2 0 1 0 0 1 0 0 2 0 1 0 0 1 0 0 1 0 2 0 0 0 0 0 2 0 1 0 1 0 2 0 0 2 0 0 0 0 2 0 1 0 1 0 2 0 2 0 2 0 0 2 0
188
76 1
0 1 0 0 0 0 2 0 0 0 2 0 0 2 0 0 0 1 0 2 0 2 0 0 1 0 2 0 0 2 0 0 0 1 0 1 0 0 1 0 0 0 1 0 1 0 0 0 2 0 1 0 1 0 2 0 0 0 1 0 0 2 0 2 0 0 2 0 1 0 2 0 1 0 0 0
42
133 7
0 1 0 0 1 0 0 1 0 2 0 0 1 0 2 0 2 0 0 0 2 0 0 0 1 0 1 0 0 2 0 1 0 1 0 2 0 0 1 0 1 0 0 1 0 1 0 0 2 0 2 0 0 2 0 0 0 2 0 2 0 2 0 2 0 0 1 0 2 0 2 0 2 0 0 0 0 1 0 1 0 0 2 0 1 0 0 0 0 0 0 1 0 2 0 2 0 2 0 1 0 0 2 0 2 0 0 1 0 0 0 0 0 0 0 2 0 0 0 2 0 0 2 0 0 1 0 1 0 0 2 0 0
119
75 15
2 0 2 0 0 2 0 2 0 0 0 0 1 0 0 0 2 0 2 0 2 0 1 0 0 0 0 0 0 0 1 0 1 0 0 1 0 0 1 0 2 0 0 0 0 2 0 2 0 0 2 0 0 2 0 2 0 1 0 0 0 1 0 0 0 0 0 1 0 0 2 0 2 0 0
60
100 20
1 0 0 2 0 1 0 0 2 0 0 2 0 0 0 1 0 0 2 0 2 0 0 2 0 0 2 0 1 0 2 0 1 0 0 0 0 1 0 0 0 2 0 0 0 2 0 0 0 0 1 0 1 0 0 2 0 0 0 0 2 0 0 0 0 0 0 0 0 0 1 0 0 1 0 0 2 0 1 0 0 2 0 0 0 1 0 0 2 0 1 0 2 0 0 2 0 2 0 0
99
90 15
2 0 1 0 2 0 0 2 0 0 0 0 2 0 0 0 2 0 2 0 0 2 0 0 2 0 2 0 2 0 0 0 0 2 0 0 0 2 0 2 0 0 2 0 1 0 2 0 0 1 0 2 0 0 2 0 0 2 0 0 0 2 0 0 0 0 0 2 0 2 0 0 2 0 0 0 0 0 1 0 1 0 0 0 0 1 0 1 0 0
26
153 17
0 0 2 0 1 0 0 2 0 0 0 1 0 2 0 0 1 0 0 2 0 0 0 0 0 0 0 0 2 0 0 2 0 1 0 0 0 0 2 0 2 0 0 0 0 2 0 2 0 0 0 0 0 0 0 0 1 0 1 0 2 0 0 2 0 2 0 0 0 1 0 0 0 1 0 0 1 0 2 0 0 0 0 0 2 0 1 0 1 0 1 0 0 1 0 0 0 2 0 2 0 1 0 2 0 0 2 0 0 2 0 0 0 0 1 0 0 0 0 0 2 0 0 1 0 0 2 0 0 1 0 0 1 0 0 2 0 2 0 0 0 2 0 0 1 0 0 0 2 0 1 0 0
55
108 6
1 0 0 2 0 0 0 0 2 0 1 0 0 0 1 0 0 0 1 0 2 0 0 2 0 0 2 0 0 2 0 0 0 2 0 0 0 0 1 0 2 0 0 2 0 0 0 0 2 0 1 0 0 0 0 0 1 0 1 0 2 0 2 0 2 0 0 2 0 1 0 0 0 0 0 2 0 0 0 2 0 1 0 2 0 0 2 0 2 0 2 0 0 2 0 0 0 2 0 1 0 1 0 0 0 0 2 0
105
75 15
0 0 1 0 0 0 0 1 0 0 2 0 0 0 0 0 0 0 1 0 1 0 0 2 0 0 2 0 2 0 0 0 1 0 0 0 0 2 0 0 2 0 2 0 0 1 0 1 0 0 0 2 0 1 0 0 0 2 0 0 2 0 0 0 0 0 2 0 2 0 0 0 0 1 0
37
126 6
2 0 2 0 2 0 2 0 1 0 0 2 0 0 0 1 0 2 0 2 0 1 0 0 1 0 1 0 2 0 0 1 0 0 0 2 0 0 1 0 2 0 2 0 0 2 0 0 2 0 0 2 0 0 0 0 0 1 0 0 0 0 0 1 0 0 0 2 0 1 0 0 0 0 0 0 2 0 0 1 0 0 2 0 2 0 0 0 2 0 2 0 1 0 2 0 2 0 2 0 0 0 1 0 0 1 0 1 0 0 2 0 2 0 1 0 0 2 0 1 0 2 0 2 0 0
109
104 13
2 0 2 0 2 0 2 0 2 0 1 0 2 0 0 0 1 0 1 0 1 0 2 0 2 0 0 2 0 2 0 0 2 0 2 0 2 0 0 0 0 0 1 0 2 0 0 0 1 0 0 2 0 2 0 0 2 0 0 1 0 1 0 0 1 0 2 0 2 0 0 0 2 0 1 0 0 0 2 0 2 0 0 0 1 0 0 0 2 0 2 0 0 2 0 0 2 0 2 0 2 0 0 0
16
150 10
0 0 0 2 0 2 0 2 0 2 0 0 2 0 0 2 0 0 0 1 0 2 0 1 0 2 0 0 0 0 0 1 0 0 1 0 0 0 1 0 2 0 2 0 0 0 2 0 0 2 0 2 0 1 0 2 0 2 0 0 0 0 2 0 0 0 1 0 0 2 0 2 0 0 0 1 0 2 0 0 1 0 1 0 0 2 0 0 0 0 0 2 0 0 0 1 0 0 0 0 2 0 0 1 0 0 1 0 1 0 1 0 0 1 0 1 0 2 0 0 0 0 1 0 2 0 2 0 0 2 0 0 2 0 0 1 0 2 0 2 0 2 0 2 0 0 1 0 1 0
71
133 19
0 1 0 2 0 1 0 0 1 0 2 0 0 0 1 0 1 0 2 0 0 1 0 0 1 0 2 0 2 0 2 0 0 2 0 2 0 0 0 2 0 0 2 0 1 0 2 0 0 0 0 0 2 0 0 0 2 0 0 0 2 0 0 0 2 0 0 0 1 0 1 0 1 0 1 0 0 0 2 0 1 0 0 0 2 0 1 0 0 2 0 2 0 2 0 0 0 0 2 0 0 0 1 0 0 1 0 2 0 0 2 0 0 0 0 0 1 0 0 0 0 0 1 0 2 0 0 0 1 0 2 0 0
33
138 3
2 0 2 0 2 0 2 0 0 0 2 0 2 0 2 0 1 0 0 2 0 2 0 1 0 0 0 2 0 1 0 1 0 0 0 1 0 1 0 0 2 0 2 0 2 0 0 1 0 2 0 0 2 0 0 0 1 0 0 2 0 0 0 2 0 2 0 0 1 0 0 0 1 0 2 0 0 2 0 0 2 0 1 0 2 0 1 0 2 0 0 0 2 0 1 0 0 2 0 2 0 2 0 2 0 0 0 2 0 2 0 2 0 1 0 0 2 0 2 0 1 0 2 0 1 0 0 1 0 1 0 0 0 2 0 1 0 0
76
52 13
0 1 0 0 1 0 0 0 2 0 0 0 0 1 0 0 0 1 0 0 0 0 2 0 2 0 0 0 1 0 2 0 0 2 0 0 2 0 0 0 1 0 2 0 0 0 2 0 2 0 0 0
46
60 10
1 0 2 0 1 0 0 2 0 2 0 0 2 0 0 0 1 0 1 0 2 0 2 0 1 0 0 0 0 0 1 0 0 0 1 0 2 0 0 0 1 0 0 0 2 0 0 0 2 0 1 0 1 0 0 0 2 0 0 0
47
70 10
2 0 0 0 2 0 0 0 0 1 0 1 0 0 1 0 0 2 0 1 0 1 0 0 0 0 1 0 0 0 0 1 0 2 0 1 0 1 0 0 2 0 0 0 0 0 2 0 0 0 0 0 1 0 0 0 0 2 0 1 0 0 0 2 0 2 0 0 1 0
63
152 2
0 1 0 0 2 0 0 1 0 2 0 2 0 0 2 0 2 0 2 0 1 0 0 2 0 2 0 2 0 0 2 0 0 2 0 2 0 0 1 0 0 0 1 0 1 0 1 0 0 0 0 2 0 1 0 2 0 1 0 2 0 2 0 0 0 1 0 1 0 1 0 0 0 2 0 0 0 0 0 0 1 0 2 0 2 0 2 0 0 1 0 1 0 1 0 0 0 1 0 0 2 0 1 0 0 1 0 2 0 2 0 1 0 2 0 0 2 0 0 2 0 0 0 0 0 1 0 2 0 0 2 0 0 2 0 2 0 0 0 0 0 0 1 0 0 0 2 0 2 0 0 0
62
91 13
1 0 2 0 0 2 0 2 0 1 0 2 0 0 1 0 0 0 1 0 0 0 0 0 0 2 0 0 0 0 1 0 1 0 0 2 0 2 0 0 2 0 0 2 0 1 0 1 0 1 0 0 2 0 2 0 0 2 0 2 0 1 0 0 2 0 1 0 0 0 2 0 1 0 2 0 0 1 0 0 2 0 0 0 0 0 1 0 0 0 0
30
112 14
2 0 0 0 2 0 0 0 1 0 0 0 2 0 2 0 2 0 2 0 2 0 0 0 0 2 0 0 0 1 0 0 2 0 0 2 0 0 2 0 2 0 2 0 1 0 1 0 1 0 1 0 1 0 1 0 2 0 2 0 0 2 0 0 0 1 0 1 0 0 2 0 2 0 2 0 1 0 2 0 1 0 2 0 0 0 2 0 2 0 1 0 0 2 0 0 0 1 0 0 2 0 0 0 0 2 0 1 0 0 0 0
86
128 1
0 2 0 2 0 1 0 0 0 0 2 0 0 0 2 0 2 0 0 2 0 2 0 0 0 2 0 2 0 2 0 1 0 2 0 0 0 1 0 0 1 0 1 0 1 0 2 0 2 0 1 0 0 2 0 0 1 0 2 0 2 0 0 0 2 0 2 0 2 0 0 2 0 2 0 0 2 0 0 0 0 0 0 2 0 0 0 1 0 1 0 1 0 0 0 2 0 2 0 0 2 0 2 0 2 0 0 1 0 0 0 2 0 0 2 0 2 0 2 0 2 0 2 0 2 0 1 0
128
192 3
0 1 0 2 0 2 0 0 0 2 0 2 0 2 0 0 0 0 2 0 0 1 0 1 0 0 0 1 0 0 1 0 2 0 0 1 0 2 0 0 0 0 1 0 2 0 0 0 2 0 0 0 0 1 0 2 0 0 0 2 0 1 0 0 0 0 0 0 1 0 2 0 2 0 2 0 0 0 0 1 0 2 0 0 2 0 0 2 0 0 0 0 0 0 0 0 0 2 0 2 0 2 0 2 0 2 0 1 0 1 0 0 1 0 2 0 0 0 0 1 0 1 0 2 0 1 0 0 1 0 1 0 2 0 0 0 0 0 2 0 0 0 2 0 2 0 0 2 0 2 0 2 0 2 0 1 0 0 1 0 2 0 0 2 0 2 0 1 0 0 1 0 0 2 0 2 0 0 0 0 2 0 0 2 0 2 0 0 0 0 0 0
74
104 8
2 0 1 0 2 0 0 2 0 0 0 2 0 2 0 0 1 0 2 0 2 0 1 0 0 0 1 0 2 0 2 0 0 2 0 2 0 0 0 0 0 0 1 0 1 0 1 0 1 0 2 0 0 1 0 0 1 0 0 1 0 0 0 1 0 1 0 2 0 0 1 0 2 0 1 0 2 0 1 0 2 0 2 0 1 0 1 0 2 0 0 2 0 0 2 0 0 1 0 0 2 0 1 0
89
52 4
2 0 2 0 2 0 0 0 0 2 0 0 0 1 0 0 1 0 0 1 0 0 2 0 0 0 0 1 0 2 0 0 0 0 0 0 0 1 0 1 0 0 0 0 1 0 1 0 2 0 0 0
24
126 14
2 0 1 0 2 0 1 0 0 0 1 0 0 0 0 1 0 0 2 0 1 0 2 0 2 0 0 1 0 0 2 0 0 1 0 0 1 0 2 0 1 0 1 0 0 2 0 2 0 1 0 0 0 0 2 0 2 0 1 0 0 2 0 1 0 0 1 0 0 0 0 0 0 2 0 0 0 2 0 2 0 0 2 0 0 0 0 2 0 0 0 1 0 1 0 0 0 0 0 1 0 2 0 1 0 0 0 0 2 0 0 2 0 0 0 0 0 1 0 1 0 0 0 0 1 0
53
190 19
1 0 0 2 0 2 0 1 0 0 0 1 0 1 0 1 0 1 0 0 1 0 2 0 2 0 0 0 1 0 1 0 2 0 2 0 0 1 0 0 0 2 0 0 2 0 2 0 2 0 0 2 0 1 0 0 0 2 0 0 2 0 2 0 0 2 0 2 0 0 2 0 0 2 0 2 0 0 0 0 0 0 2 0 2 0 1 0 2 0 0 1 0 2 0 1 0 2 0 0 0 0 0 2 0 0 1 0 0 0 0 1 0 0 2 0 1 0 1 0 0 0 0 2 0 2 0 0 0 0 0 0 0 2 0 0 1 0 2 0 0 0 2 0 0 2 0 2 0 0 0 2 0 1 0 2 0 2 0 0 1 0 2 0 2 0 2 0 0 0 1 0 0 0 0 2 0 2 0 0 2 0 0 1 0 1 0 1 0 0
135
85 5
0 0 2 0 0 1 0 2 0 0 1 0 2 0 1 0 0 0 1 0 0 0 1 0 2 0 0 1 0 0 2 0 0 0 0 2 0 0 0 0 2 0 2 0 0 1 0 0 2 0 0 2 0 0 2 0 2 0 1 0 1 0 2 0 0 1 0 0 0 1 0 0 0 1 0 0 2 0 1 0 0 1 0 0 0
32
132 11
2 0 0 1 0 0 0 2 0 0 1 0 2 0 2 0 0 0 1 0 0 0 0 0 1 0 0 0 1 0 1 0 0 1 0 0 2 0 0 1 0 2 0 1 0 1 0 0 2 0 0 0 2 0 0 2 0 1 0 0 2 0 2 0 0 1 0 2 0 0 0 0 0 1 0 1 0 0 2 0 2 0 0 0 2 0 0 0 0 0 2 0 1 0 0 0 1 0 1 0 0 0 1 0 1 0 2 0 0 0 2 0 1 0 2 0 0 2 0 0 0 0 1 0 0 2 0 0 2 0 2 0
103
126 14
0 0 2 0 1 0 2 0 0 2 0 1 0 1 0 2 0 0 2 0 0 2 0 2 0 0 0 2 0 0 0 1 0 2 0 0 0 0 1 0 2 0 2 0 0 2 0 1 0 0 2 0 0 0 0 1 0 0 1 0 0 1 0 0 2 0 0 0 0 2 0 0 0 0 0 0 1 0 1 0 0 0 0 0 0 0 2 0 0 0 0 2 0 2 0 1 0 2 0 2 0 2 0 0 0 1 0 0 1 0 1 0 1 0 2 0 0 0 2 0 0 0 2 0 0 0
118
77 7
2 0 0 2 0 0 0 0 0 0 0 1 0 0 1 0 0 0 2 0 0 0 1 0 2 0 2 0 0 2 0 1 0 2 0 0 2 0 0 0 0 0 2 0 2 0 1 0 0 0 0 2 0 0 0 0 2 0 2 0 1 0 1 0 0 0 1 0 2 0 1 0 1 0 2 0 0
16
64 16
0 2 0 0 2 0 1 0 2 0 2 0 2 0 0 0 0 2 0 0 0 2 0 0 1 0 0 0 1 0 0 0 0 2 0 0 0 0 0 0 2 0 0 0 0 0 1 0 1 0 1 0 0 2 0 0 1 0 0 0 2 0 2 0
53
90 18
0 0 2 0 0 2 0 2 0 0 1 0 0 0 0 2 0 2 0 0 2 0 0 0 0 2 0 0 2 0 2 0 2 0 0 2 0 1 0 0 0 1 0 2 0 2 0 2 0 0 1 0 1 0 0 0 0 0 1 0 0 0 0 0 0 0 0 1 0 0 2 0 1 0 0 1 0 2 0 0 0 2 0 2 0 1 0 2 0 0
28
192 3
1 0 2 0 0 2 0 0 0 0 2 0 1 0 2 0 1 0 1 0 0 0 2 0 0 0 1 0 0 2 0 1 0 0 2 0 2 0 1 0 1 0 0 2 0 2 0 0 0 0 2 0 0 0 0 0 0 2 0 0 2 0 2 0 0 2 0 0 2 0 2 0 2 0 0 0 2 0 0 1 0 0 0 1 0 2 0 0 0 0 1 0 0 0 0 0 0 0 0 2 0 1 0 0 0 0 0 0 2 0 2 0 0 0 2 0 0 2 0 0 0 1 0 0 0 1 0 0 0 1 0 1 0 1 0 2 0 2 0 1 0 1 0 0 2 0 1 0 2 0 2 0 0 1 0 0 2 0 0 2 0 0 0 1 0 2 0 2 0 1 0 0 0 0 1 0 0 2 0 2 0 2 0 0 2 0 2 0 2 0 0 0
84
121 11
1 0 1 0 2 0 0 0 2 0 0 2 0 2 0 0 2 0 2 0 0 0 0 2 0 2 0 2 0 0 2 0 0 2 0 0 0 0 1 0 0 0 1 0 1 0 0 1 0 2 0 2 0 2 0 0 0 0 0 0 0 0 2 0 0 0 2 0 1 0 0 2 0 2 0 0 0 2 0 0 2 0 0 2 0 2 0 0 0 2 0 0 2 0 2 0 2 0 0 0 0 1 0 1 0 1 0 0 1 0 2 0 2 0 2 0 2 0 0 0 0
114
88 4
2 0 0 1 0 0 2 0 2 0 2 0 0 1 0 0 2 0 0 2 0 0 2 0 2 0 1 0 1 0 0 0 0 1 0 0 1 0 0 2 0 1 0 0 1 0 0 0 0 1 0 2 0 0 0 2 0 2 0 0 0 2 0 1 0 0 0 0 2 0 2 0 1 0 0 0 2 0 0 2 0 0 0 0 2 0 2 0
33
57 19
0 0 0 0 2 0 2 0 0 0 0 0 2 0 0 2 0 0 2 0 0 1 0 0 2 0 0 2 0 0 1 0 0 0 0 0 0 1 0 0 2 0 1 0 0 1 0 0 0 0 0 2 0 0 0 1 0
30
136 17
1 0 0 2 0 0 2 0 0 1 0 0 0 0 0 0 0 2 0 0 1 0 0 0 0 1 0 0 0 0 0 0 0 2 0 0 1 0 2 0 1 0 0 1 0 1 0 0 0 2 0 1 0 2 0 0 0 0 0 0 0 2 0 0 2 0 0 2 0 0 2 0 2 0 2 0 1 0 0 0 1 0 2 0 1 0 0 0 0 0 2 0 2 0 2 0 0 0 0 2 0 1 0 0 1 0 0 2 0 2 0 0 2 0 0 2 0 0 0 0 1 0 1 0 2 0 1 0 2 0 0 1 0 1 0 0
37
117 13
0 1 0 0 0 1 0 1 0 1 0 2 0 0 1 0 2 0 2 0 2 0 1 0 0 0 0 0 2 0 0 0 2 0 1 0 2 0 2 0 2 0 1 0 0 0 1 0 2 0 0 1 0 0 1 0 0 2 0 0 2 0 0 1 0 2 0 0 2 0 0 0 0 1 0 2 0 1 0 2 0 0 1 0 0 1 0 0 2 0 2 0 0 1 0 2 0 2 0 0 0 0 0 1 0 0 0 0 2 0 0 0 2 0 1 0 0
107
100 20
0 0 2 0 0 1 0 1 0 0 0 1 0 0 0 0 2 0 2 0 0 1 0 2 0 1 0 0 1 0 2 0 0 2 0 2 0 2 0 0 0 2 0 1 0 0 2 0 1 0 0 2 0 2 0 1 0 1 0 0 0 0 0 2 0 0 2 0 2 0 2 0 0 2 0 2 0 0 0 0 0 0 2 0 0 0 1 0 0 0 2 0 0 2 0 0 1 0 2 0
8
144 18
1 0 2 0 0 2 0 0 2 0 0 1 0 0 1 0 2 0 1 0 0 1 0 0 1 0 0 1 0 0 2 0 0 2 0 2 0 1 0 0 2 0 2 0 0 0 0 0 2 0 0 2 0 0 1 0 2 0 0 2 0 2 0 0 1 0 0 2 0 1 0 0 0 1 0 2 0 0 0 0 0 0 1 0 0 1 0 0 1 0 0 0 1 0 1 0 2 0 0 0 1 0 0 0 0 1 0 1 0 2 0 0 0 0 0 2 0 2 0 0 2 0 0 0 0 2 0 0 2 0 0 2 0 2 0 0 0 0 0 0 2 0 0 0
3
85 1
0 0 2 0 0 2 0 1 0 2 0 0 2 0 0 2 0 0 0 0 1 0 2 0 2 0 0 0 0 0 2 0 2 0 0 1 0 1 0 2 0 2 0 0 0 2 0 1 0 0 2 0 0 0 0 2 0 1 0 0 0 0 1 0 0 2 0 0 0 0 1 0 0 0 2 0 0 1 0 2 0 1 0 2 0
48
105 5
2 0 2 0 0 0 2 0 0 0 0 0 2 0 2 0 0 2 0 0 0 1 0 1 0 0 0 2 0 0 2 0 0 2 0 2 0 1 0 1 0 0 0 2 0 0 0 2 0 1 0 1 0 0 0 0 0 0 1 0 1 0 0 2 0 0 0 2 0 1 0 0 1 0 2 0 1 0 2 0 2 0 0 0 2 0 1 0 2 0 0 0 1 0 2 0 2 0 2 0 2 0 0 1 0
1
52 13
0 1 0 0 1 0 2 0 2 0 0 0 2 0 2 0 0 1 0 0 2 0 1 0 2 0 2 0 2 0 2 0 2 0 0 0 2 0 1 0 2 0 0 0 2 0 2 0 2 0 0 0
49
180 5
2 0 2 0 0 2 0 1 0 0 1 0 2 0 1 0 0 2 0 2 0 0 0 1 0 0 0 1 0 1 0 0 0 2 0 0 0 2 0 1 0 2 0 1 0 0 0 0 0 0 0 0 0 0 0 0 0 0 1 0 2 0 0 0 0 2 0 0 1 0 0 0 0 2 0 0 0 2 0 2 0 0 1 0 2 0 1 0 2 0 1 0 2 0 0 1 0 0 1 0 0 0 0 0 0 0 0 0 2 0 0 0 0 2 0 1 0 0 0 0 0 2 0 2 0 0 2 0 2 0 2 0 1 0 0 1 0 2 0 1 0 0 0 0 2 0 0 1 0 0 0 1 0 1 0 2 0 0 1 0 0 0 1 0 1 0 2 0 0 0 0 2 0 0 1 0 2 0 2 0
114
144 18
0 0 2 0 1 0 1 0 0 1 0 1 0 2 0 0 1 0 1 0 0 0 0 0 0 0 0 2 0 0 2 0 1 0 0 2 0 0 0 0 0 1 0 2 0 0 0 0 2 0 1 0 1 0 1 0 1 0 0 0 1 0 0 0 1 0 2 0 0 1 0 0 1 0 1 0 2 0 2 0 1 0 2 0 0 1 0 0 0 0 2 0 0 1 0 0 2 0 0 0 0 0 0 0 1 0 0 2 0 1 0 0 2 0 1 0 2 0 0 0 2 0 1 0 0 0 2 0 1 0 1 0 2 0 0 0 2 0 0 2 0 0 2 0
97
196 4
2 0 1 0 0 1 0 2 0 0 1 0 1 0 0 2 0 1 0 2 0 1 0 0 2 0 2 0 2 0 0 2 0 0 0 2 0 0 0 1 0 0 0 1 0 2 0 0 0 0 2 0 0 2 0 2 0 1 0 0 2 0 0 2 0 0 1 0 2 0 2 0 2 0 2 0 1 0 0 0 0 0 0 0 1 0 0 0 2 0 2 0 0 1 0 0 2 0 0 2 0 1 0 0 1 0 2 0 1 0 0 0 0 0 0 2 0 0 0 0 2 0 1 0 1 0 0 0 0 1 0 0 0 0 2 0 0 2 0 2 0 2 0 0 0 0 0 1 0 0 2 0 2 0 0 1 0 0 1 0 0 2 0 2 0 0 2 0 0 0 1 0 0 0 2 0 2 0 2 0 1 0 1 0 0 0 1 0 0 0 2 0 0 0 0 0
25
96 4
2 0 1 0 0 2 0 0 0 2 0 0 2 0 0 2 0 1 0 2 0 1 0 0 0 0 0 1 0 2 0 0 1 0 2 0 0 1 0 2 0 2 0 0 2 0 2 0 0 2 0 1 0 0 2 0 2 0 0 0 1 0 2 0 2 0 0 1 0 0 0 0 0 2 0 1 0 2 0 0 0 0 0 0 0 0 1 0 2 0 0 2 0 0 1 0
47
84 12
2 0 0 2 0 2 0 0 0 2 0 2 0 0 2 0 0 2 0 1 0 1 0 0 0 0 2 0 2 0 1 0 0 0 0 0 0 0 0 1 0 0 0 2 0 0 0 0 0 0 0 0 2 0 1 0 2 0 2 0 0 2 0 0 2 0 2 0 0 0 1 0 0 0 0 0 0 1 0 1 0 0 2 0
21
140 20
2 0 1 0 0 1 0 0 0 0 0 0 1 0 0 0 0 2 0 0 0 0 2 0 0 0 0 0 1 0 2 0 0 2 0 2 0 0 0 0 2 0 0 0 0 0 2 0 0 2 0 2 0 1 0 0 0 1 0 0 2 0 0 0 0 1 0 2 0 0 0 0 1 0 2 0 0 1 0 0 2 0 0 0 2 0 2 0 0 0 0 0 2 0 1 0 2 0 1 0 1 0 1 0 0 1 0 0 0 1 0 0 1 0 0 1 0 1 0 2 0 2 0 0 1 0 1 0 2 0 1 0 0 0 0 2 0 2 0 0
132
72 2
1 0 1 0 1 0 2 0 0 1 0 1 0 2 0 0 0 2 0 0 2 0 0 0 1 0 2 0 0 1 0 1 0 0 1 0 2 0 2 0 0 2 0 0 1 0 1 0 0 0 1 0 2 0 0 2 0 0 0 2 0 2 0 0 0 2 0 2 0 2 0 0
24
150 15
0 2 0 2 0 1 0 0 2 0 0 0 1 0 1 0 0 0 2 0 0 0 0 2 0 0 2 0 2 0 0 2 0 0 2 0 2 0 0 0 0 0 0 2 0 1 0 1 0 0 2 0 0 1 0 0 2 0 2 0 1 0 2 0 1 0 0 1 0 0 2 0 1 0 0 0 1 0 0 0 0 2 0 0 2 0 0 0 2 0 1 0 2 0 0 2 0 0 0 0 0 2 0 0 0 0 2 0 2 0 2 0 0 1 0 1 0 2 0 0 0 2 0 1 0 2 0 1 0 0 0 0 1 0 2 0 1 0 0 0 2 0 1 0 0 0 2 0 0 0
11
72 9
2 0 0 2 0 0 2 0 2 0 0 1 0 0 2 0 2 0 0 0 0 1 0 0 2 0 1 0 2 0 2 0 0 0 1 0 2 0 1 0 0 1 0 2 0 2 0 0 1 0 1 0 2 0 1 0 2 0 1 0 0 2 0 0 0 0 1 0 1 0 2 0
61
100 20
0 1 0 2 0 1 0 1 0 0 2 0 2 0 0 0 2 0 0 0 0 2 0 0 0 2 0 0 0 0 0 1 0 2 0 0 0 0 0 0 1 0 2 0 0 0 2 0 0 0 2 0 2 0 0 1 0 0 2 0 2 0 2 0 0 1 0 1 0 0 1 0 1 0 0 1 0 1 0 0 2 0 2 0 0 0 2 0 2 0 2 0 2 0 0 1 0 0 0 0
98
80 20
1 0 0 0 2 0 1 0 1 0 0 0 2 0 1 0 0 2 0 0 1 0 0 0 0 0 1 0 0 0 2 0 1 0 2 0 2 0 2 0 2 0 0 0 2 0 2 0 1 0 1 0 0 2 0 0 1 0 0 0 2 0 0 0 0 2 0 0 0 0 1 0 0 2 0 0 2 0 1 0
67
112 16
1 0 2 0 2 0 0 1 0 0 2 0 0 0 0 2 0 1 0 0 0 1 0 0 0 1 0 0 2 0 1 0 0 0 0 0 0 1 0 1 0 0 2 0 0 2 0 0 0 0 2 0 2 0 1 0 0 1 0 1 0 0 0 0 0 0 1 0 2 0 2 0 2 0 2 0 0 0 0 0 2 0 1 0 2 0 1 0 2 0 0 2 0 2 0 0 0 0 1 0 2 0 1 0 0 1 0 1 0 1 0 0
5
130 13
2 0 2 0 0 2 0 0 0 0 2 0 2 0 2 0 0 0 0 0 0 1 0 0 2 0 0 0 0 0 2 0 2 0 1 0 2 0 1 0 0 0 1 0 2 0 2 0 2 0 1 0 0 2 0 0 2 0 0 0 0 0 0 2 0 2 0 2 0 0 2 0 0 0 1 0 2 0 2 0 1 0 0 1 0 1 0 0 0 0 2 0 0 2 0 1 0 0 0 0 2 0 0 0 1 0 0 2 0 0 2 0 0 2 0 0 2 0 0 0 2 0 2 0 2 0 0 1 0 0
117
65 13
1 0 2 0 0 0 2 0 1 0 2 0 0 2 0 2 0 2 0 0 0 0 0 0 0 0 1 0 0 0 0 0 0 1 0 2 0 0 2 0 0 0 0 0 0 0 0 2 0 0 2 0 0 0 0 2 0 2 0 0 0 2 0 0 0
14
88 8
2 0 1 0 0 2 0 0 2 0 0 2 0 0 1 0 2 0 2 0 2 0 0 2 0 0 2 0 2 0 0 2 0 0 1 0 1 0 2 0 1 0 0 0 0 1 0 2 0 0 0 2 0 1 0 0 2 0 1 0 2 0 2 0 0 0 2 0 1 0 2 0 2 0 0 0 0 0 0 0 1 0 0 1 0 1 0 0
1
108 12
1 0 1 0 1 0 0 0 0 0 2 0 1 0 1 0 2 0 2 0 0 2 0 1 0 1 0 2 0 1 0 1 0 0 2 0 2 0 0 0 2 0 1 0 0 0 1 0 1 0 0 0 1 0 1 0 2 0 1 0 2 0 0 2 0 2 0 2 0 2 0 0 0 2 0 0 1 0 2 0 0 0 0 0 1 0 2 0 1 0 0 0 1 0 0 0 0 1 0 0 0 0 0 2 0 2 0 0
64
63 7
0 0 2 0 0 0 1 0 0 0 2 0 0 1 0 0 2 0 0 2 0 1 0 1 0 0 0 2 0 0 2 0 0 2 0 0 1 0 2 0 2 0 2 0 0 0 2 0 2 0 2 0 2 0 0 0 2 0 0 0 0 1 0
19
78 13
0 2 0 2 0 0 2 0 0 0 2 0 0 2 0 1 0 0 1 0 2 0 0 0 2 0 2 0 1 0 0 1 0 0 1 0 2 0 0 0 2 0 2 0 0 2 0 0 2 0 1 0 1 0 2 0 1 0 1 0 2 0 0 0 0 0 1 0 1 0 2 0 1 0 2 0 2 0
8
64 16
2 0 0 0 2 0 0 0 1 0 0 0 2 0 0 0 2 0 0 0 0 0 0 0 2 0 0 0 0 0 2 0 2 0 0 0 2 0 0 0 2 0 1 0 2 0 0 0 1 0 0 0 2 0 1 0 0 2 0 0 2 0 0 0
21
72 18
0 2 0 0 2 0 0 0 1 0 1 0 1 0 0 0 0 2 0 0 2 0 1 0 2 0 2 0 2 0 0 0 0 1 0 0 2 0 2 0 0 2 0 0 1 0 2 0 2 0 0 0 2 0 0 0 2 0 0 0 2 0 2 0 0 0 0 0 1 0 0 0
71
66 11
0 0 1 0 2 0 0 0 0 1 0 0 0 0 1 0 0 0 2 0 2 0 2 0 2 0 0 2 0 0 2 0 2 0 1 0 2 0 0 0 0 0 1 0 1 0 0 0 0 0 2 0 2 0 2 0 0 1 0 0 2 0 2 0 2 0
44
54 18
1 0 0 0 1 0 2 0 0 0 1 0 2 0 0 0 1 0 0 0 0 0 2 0 1 0 0 0 0 0 2 0 0 0 2 0 0 0 0 2 0 0 2 0 0 2 0 0 0 0 0 1 0 0
49
180 10
0 0 2 0 2 0 0 0 1 0 1 0 2 0 0 0 2 0 1 0 1 0 0 1 0 0 2 0 0 0 1 0 2 0 1 0 0 1 0 0 1 0 0 2 0 2 0 0 2 0 2 0 0 0 2 0 2 0 2 0 2 0 1 0 1 0 2 0 1 0 0 0 2 0 0 0 0 0 1 0 0 2 0 0 2 0 0 2 0 0 0 1 0 0 2 0 2 0 1 0 1 0 0 2 0 0 2 0 1 0 2 0 2 0 2 0 0 0 0 1 0 0 0 2 0 0 1 0 2 0 0 2 0 0 0 2 0 2 0 0 0 1 0 0 2 0 1 0 2 0 2 0 1 0 0 0 1 0 1 0 2 0 0 0 2 0 1 0 0 1 0 2 0 2 0 0 0 2 0 0
147
108 9
2 0 0 2 0 2 0 2 0 0 2 0 2 0 1 0 2 0 0 0 2 0 0 0 0 2 0 2 0 0 1 0 2 0 2 0 2 0 1 0 1 0 0 0 0 0 2 0 2 0 0 2 0 0 1 0 0 0 1 0 1 0 0 0 0 2 0 0 2 0 0 0 0 0 1 0 0 0 2 0 0 2 0 0 0 2 0 0 0 0 0 2 0 2 0 0 0 0 2 0 2 0 0 1 0 1 0 0
104
130 5
0 1 0 0 2 0 1 0 0 0 0 2 0 2 0 1 0 0 0 1 0 0 0 0 0 0 2 0 0 2 0 0 2 0 1 0 0 2 0 0 2 0 1 0 0 0 0 2 0 0 0 0 0 0 0 1 0 2 0 0 0 0 1 0 0 0 0 1 0 1 0 1 0 1 0 0 2 0 0 2 0 1 0 2 0 2 0 0 2 0 0 0 1 0 0 2 0 0 1 0 1 0 0 0 2 0 0 0 2 0 2 0 0 2 0 0 2 0 2 0 0 0 0 2 0 0 1 0 0 0
11
144 18
2 0 2 0 2 0 2 0 0 2 0 0 0 0 0 0 0 0 1 0 1 0 0 0 0 0 0 0 0 2 0 0 2 0 1 0 0 0 2 0 0 2 0 0 0 2 0 0 1 0 2 0 0 2 0 0 2 0 0 2 0 1 0 0 1 0 2 0 0 0 2 0 2 0 2 0 1 0 1 0 2 0 0 1 0 0 2 0 2 0 0 1 0 1 0 0 0 0 0 2 0 0 0 0 2 0 2 0 2 0 2 0 0 1 0 0 1 0 2 0 0 0 0 0 1 0 2 0 0 0 2 0 1 0 1 0 1 0 0 1 0 1 0 0
61
54 9
2 0 1 0 2 0 2 0 2 0 2 0 0 0 0 0 2 0 2 0 0 0 1 0 2 0 2 0 0 0 2 0 1 0 0 0 1 0 2 0 1 0 1 0 0 0 0 0 1 0 2 0 0 0
11
68 17
0 2 0 0 0 2 0 0 0 0 2 0 2 0 2 0 0 0 1 0 1 0 1 0 1 0 2 0 0 0 0 0 0 0 2 0 2 0 0 0 1 0 1 0 2 0 2 0 2 0 0 0 1 0 0 0 0 0 0 0 0 0 0 0 2 0 1 0
41
40 20
0 0 0 0 0 0 0 0 2 0 0 0 2 0 0 0 1 0 2 0 0 0 2 0 0 0 2 0 0 0 1 0 2 0 1 0 2 0 1 0
38
180 18
0 2 0 0 0 1 0 1 0 0 1 0 2 0 0 1 0 1 0 0 1 0 0 1 0 1 0 2 0 0 2 0 0 2 0 2 0 2 0 0 0 0 2 0 2 0 0 2 0 0 1 0 0 0 2 0 0 1 0 0 2 0 0 0 0 0 0 1 0 0 0 1 0 0 1 0 0 2 0 0 2 0 0 0 2 0 1 0 1 0 0 1 0 1 0 0 1 0 0 0 1 0 1 0 0 0 0 1 0 0 2 0 0 1 0 0 1 0 1 0 0 2 0 2 0 1 0 1 0 0 1 0 2 0 2 0 2 0 0 0 0 0 2 0 2 0 0 0 0 0 1 0 0 0 1 0 1 0 1 0 0 1 0 1 0 2 0 0 1 0 0 1 0 0 2 0 2 0 2 0
101
80 16
1 0 0 2 0 1 0 0 1 0 2 0 0 2 0 0 1 0 2 0 1 0 0 2 0 2 0 2 0 0 1 0 2 0 0 2 0 0 2 0 0 0 2 0 0 1 0 1 0 0 1 0 2 0 0 0 1 0 0 0 0 0 0 0 0 2 0 0 2 0 0 2 0 2 0 2 0 0 0 0
9
126 9
0 0 2 0 2 0 2 0 2 0 2 0 0 0 0 2 0 0 0 1 0 2 0 0 2 0 0 0 0 2 0 2 0 2 0 0 0 2 0 1 0 0 0 2 0 1 0 1 0 0 2 0 1 0 0 0 0 1 0 0 2 0 2 0 2 0 2 0 2 0 0 2 0 2 0 0 0 1 0 1 0 0 1 0 2 0 0 2 0 0 2 0 0 0 0 2 0 0 0 1 0 2 0 1 0 0 0 0 0 1 0 0 2 0 0 2 0 0 0 2 0 0 2 0 2 0
13
95 5
2 0 1 0 0 0 1 0 0 0 0 2 0 0 0 2 0 2 0 1 0 1 0 2 0 0 1 0 2 0 0 2 0 0 0 1 0 0 1 0 0 0 1 0 0 1 0 0 0 0 0 0 1 0 2 0 0 0 1 0 1 0 0 0 0 1 0 0 0 0 2 0 0 2 0 0 2 0 2 0 2 0 1 0 0 1 0 0 1 0 2 0 0 0 0
4
156 12
0 2 0 2 0 0 2 0 2 0 2 0 0 1 0 2 0 1 0 0 0 2 0 0 2 0 0 0 0 0 0 2 0 0 1 0 0 2 0 0 1 0 0 1 0 0 2 0 2 0 0 0 0 2 0 0 0 1 0 0 1 0 0 0 0 0 2 0 2 0 2 0 0 2 0 0 2 0 0 0 0 1 0 1 0 2 0 0 1 0 0 0 0 1 0 0 2 0 1 0 0 0 0 0 0 0 2 0 0 0 0 2 0 1 0 1 0 2 0 0 1 0 2 0 0 1 0 2 0 0 1 0 2 0 2 0 0 0 2 0 1 0 0 2 0 0 2 0 1 0 1 0 0 0 1 0
25
133 7
0 2 0 0 0 0 2 0 2 0 0 0 0 1 0 2 0 1 0 0 2 0 0 2 0 0 0 0 2 0 0 0 0 1 0 1 0 0 1 0 0 1 0 0 0 2 0 1 0 0 0 0 2 0 0 1 0 2 0 0 1 0 0 2 0 1 0 2 0 1 0 0 0 0 0 0 2 0 0 0 0 0 2 0 2 0 2 0 0 1 0 0 1 0 0 2 0 0 0 0 0 1 0 0 2 0 1 0 2 0 2 0 2 0 2 0 1 0 0 2 0 0 2 0 2 0 0 2 0 1 0 0 0
59
64 16
0 2 0 0 0 0 1 0 0 1 0 0 2 0 0 0 0 1 0 0 0 1 0 0 1 0 0 0 1 0 2 0 2 0 1 0 0 0 0 0 2 0 2 0 2 0 0 0 0 2 0 0 2 0 0 0 0 1 0 0 2 0 0 0
61
117 13
0 2 0 2 0 0 1 0 0 2 0 1 0 0 2 0 1 0 0 2 0 0 2 0 0 2 0 0 0 2 0 0 2 0 0 0 1 0 0 2 0 0 0 2 0 1 0 0 0 1 0 2 0 0 2 0 1 0 1 0 2 0 0 2 0 0 2 0 2 0 2 0 2 0 0 0 0 2 0 0 0 1 0 0 0 2 0 2 0 0 1 0 2 0 0 2 0 2 0 2 0 0 0 2 0 0 2 0 0 2 0 0 2 0 0 0 0
101
119 17
2 0 1 0 0 0 0 0 0 2 0 0 1 0 2 0 0 1 0 2 0 1 0 1 0 0 0 0 0 0 1 0 0 2 0 0 2 0 0 0 0 0 2 0 0 0 0 0 0 0 0 2 0 2 0 0 2 0 2 0 0 0 0 0 2 0 1 0 1 0 0 1 0 0 2 0 0 2 0 0 0 1 0 0 2 0 0 1 0 0 0 2 0 2 0 0 2 0 0 2 0 1 0 2 0 2 0 2 0 0 2 0 2 0 2 0 0 2 0
33
174 6
0 0 1 0 2 0 0 1 0 0 2 0 1 0 2 0 2 0 0 0 2 0 2 0 2 0 0 2 0 0 2 0 1 0 2 0 0 1 0 0 0 1 0 2 0 1 0 0 0 1 0 2 0 1 0 0 1 0 2 0 2 0 0 1 0 0 0 0 2 0 1 0 0 2 0 0 0 1 0 1 0 2 0 2 0 2 0 0 1 0 2 0 1 0 0 2 0 2 0 0 0 0 1 0 0 1 0 0 1 0 2 0 0 0 0 0 2 0 0 2 0 0 0 0 0 2 0 0 1 0 1 0 2 0 0 2 0 0 0 0 2 0 0 2 0 1 0 1 0 2 0 2 0 2 0 1 0 1 0 1 0 0 2 0 2 0 2 0 0 0 1 0 1 0
95
110 10
1 0 1 0 2 0 2 0 1 0 0 0 2 0 0 0 0 1 0 1 0 0 0 0 0 0 0 0 0 2 0 0 0 1 0 2 0 0 0 0 2 0 0 0 1 0 1 0 0 1 0 1 0 0 0 1 0 0 0 0 0 1 0 2 0 0 0 2 0 0 0 2 0 0 1 0 0 1 0 2 0 2 0 0 0 0 0 0 1 0 1 0 2 0 2 0 2 0 0 2 0 1 0 0 0 2 0 2 0 0
84
160 5
1 0 2 0 0 1 0 0 0 0 2 0 2 0 2 0 0 0 2 0 0 0 2 0 0 2 0 0 1 0 0 0 1 0 2 0 0 0 1 0 0 2 0 1 0 2 0 1 0 0 2 0 2 0 1 0 1 0 2 0 0 0 0 0 0 0 2 0 1 0 0 0 2 0 0 0 1 0 1 0 1 0 0 0 2 0 2 0 2 0 0 2 0 0 2 0 1 0 2 0 0 0 1 0 0 2 0 2 0 0 1 0 0 1 0 2 0 1 0 0 1 0 1 0 1 0 0 0 1 0 0 0 2 0 1 0 0 1 0 0 0 2 0 1 0 2 0 2 0 2 0 2 0 0 0 0 2 0 2 0
142
140 20
0 2 0 1 0 0 0 0 0 2 0 0 1 0 0 2 0 0 0 0 0 0 2 0 1 0 1 0 1 0 2 0 0 1 0 2 0 0 2 0 0 0 0 0 0 0 2 0 0 2 0 0 1 0 2 0 2 0 0 2 0 2 0 0 2 0 0 0 0 0 2 0 1 0 1 0 0 0 0 0 2 0 0 0 2 0 1 0 0 0 0 0 2 0 0 0 2 0 0 2 0 0 1 0 0 0 0 1 0 0 0 0 2 0 0 2 0 2 0 0 1 0 2 0 0 0 2 0 1 0 2 0 0 2 0 0 2 0 1 0
81
90 18
1 0 0 0 0 0 0 1 0 0 0 0 0 2 0 2 0 1 0 0 0 0 2 0 0 1 0 1 0 0 2 0 2 0 0 1 0 0 1 0 1 0 0 0 0 0 1 0 0 0 2 0 1 0 0 0 0 1 0 0 2 0 0 1 0 1 0 1 0 0 2 0 2 0 0 0 0 0 2 0 0 0 0 2 0 0 0 0 0 0
52
154 14
2 0 0 0 2 0 2 0 0 2 0 0 0 0 1 0 1 0 2 0 0 0 0 0 2 0 2 0 0 1 0 1 0 0 2 0 1 0 0 0 0 0 0 0 0 2 0 2 0 1 0 1 0 1 0 2 0 1 0 1 0 2 0 2 0 0 1 0 2 0 1 0 0 2 0 0 0 1 0 0 1 0 0 2 0 2 0 0 0 0 0 0 1 0 0 1 0 0 0 1 0 2 0 0 1 0 1 0 0 0 0 2 0 1 0 1 0 0 1 0 0 2 0 0 1 0 1 0 0 2 0 0 2 0 0 0 0 1 0 2 0 2 0 0 1 0 0 0 2 0 2 0 1 0
144
88 11
2 0 0 0 1 0 0 0 0 2 0 1 0 2 0 0 2 0 0 2 0 2 0 0 0 0 1 0 0 1 0 0 0 0 1 0 1 0 0 0 0 0 0 0 2 0 2 0 1 0 0 1 0 0 0 0 1 0 2 0 0 0 1 0 1 0 0 2 0 2 0 0 2 0 1 0 0 0 0 0 0 1 0 2 0 1 0 0
67
132 11
0 2 0 2 0 1 0 0 2 0 0 0 1 0 1 0 0 1 0 2 0 0 2 0 2 0 0 0 0 0 0 1 0 0 1 0 2 0 0 2 0 0 0 2 0 1 0 0 2 0 2 0 2 0 1 0 0 2 0 0 2 0 1 0 2 0 0 0 1 0 2 0 2 0 1 0 1 0 2 0 1 0 1 0 1 0 0 0 2 0 0 0 1 0 2 0 0 0 0 0 2 0 2 0 0 0 1 0 2 0 1 0 1 0 0 2 0 0 0 0 2 0 2 0 2 0 0 0 1 0 0 0
19
90 18
1 0 2 0 0 2 0 0 1 0 2 0 2 0 0 1 0 2 0 0 0 2 0 2 0 0 1 0 0 0 0 0 1 0 0 0 1 0 0 0 0 2 0 0 0 2 0 2 0 0 2 0 0 0 0 0 0 0 1 0 0 0 0 1 0 1 0 1 0 0 0 0 1 0 0 0 2 0 0 0 2 0 0 0 0 1 0 2 0 0
39
128 4
1 0 2 0 2 0 0 0 0 2 0 0 1 0 0 0 0 0 1 0 2 0 1 0 0 1 0 0 1 0 2 0 2 0 0 1 0 2 0 0 2 0 2 0 0 2 0 0 0 0 1 0 0 0 0 1 0 1 0 0 0 2 0 0 0 2 0 2 0 2 0 2 0 2 0 0 2 0 2 0 0 2 0 2 0 2 0 1 0 0 1 0 0 0 0 0 2 0 2 0 0 0 1 0 2 0 2 0 0 0 0 2 0 1 0 0 0 0 0 2 0 2 0 0 2 0 0 0
56
51 17
1 0 0 0 1 0 0 0 0 0 2 0 1 0 0 0 1 0 0 0 0 2 0 0 0 1 0 0 0 0 2 0 0 1 0 0 2 0 0 0 2 0 2 0 0 2 0 0 0 2 0
14
112 7
1 0 0 2 0 0 1 0 0 1 0 2 0 1 0 0 0 0 1 0 1 0 1 0 2 0 0 0 0 0 2 0 2 0 1 0 0 0 1 0 0 0 0 2 0 0 2 0 2 0 2 0 1 0 2 0 1 0 1 0 0 2 0 0 1 0 2 0 2 0 2 0 1 0 2 0 0 0 2 0 0 0 1 0 2 0 2 0 2 0 1 0 0 2 0 0 1 0 0 0 0 1 0 2 0 1 0 0 0 2 0 0
17
182 14
1 0 1 0 2 0 0 1 0 1 0 0 0 2 0 2 0 0 0 0 1 0 1 0 0 0 2 0 1 0 1 0 2 0 2 0 0 0 0 1 0 0 0 0 2 0 2 0 0 1 0 0 2 0 2 0 2 0 2 0 2 0 2 0 0 1 0 0 2 0 0 0 1 0 0 0 1 0 0 1 0 0 1 0 2 0 1 0 0 2 0 0 0 0 2 0 2 0 1 0 2 0 1 0 0 1 0 2 0 0 0 2 0 1 0 0 0 0 2 0 2 0 1 0 1 0 1 0 0 0 1 0 0 0 2 0 0 0 1 0 0 0 0 0 2 0 1 0 0 0 2 0 0 0 0 0 0 0 0 1 0 0 0 0 1 0 2 0 0 2 0 0 2 0 2 0 0 0 1 0 0 0
62
96 16
2 0 0 1 0 0 2 0 0 0 0 0 0 0 0 1 0 0 1 0 2 0 0 0 0 2 0 1 0 0 0 1 0 0 2 0 2 0 2 0 1 0 2 0 1 0 0 0 0 2 0 2 0 0 2 0 0 0 1 0 1 0 0 1 0 0 2 0 1 0 2 0 0 0 1 0 0 0 0 1 0 0 0 0 0 2 0 0 0 0 0 0 0 0 2 0
37
152 19
2 0 1 0 1 0 0 0 2 0 0 2 0 2 0 0 2 0 0 0 0 2 0 0 0 1 0 1 0 0 0 0 0 1 0 2 0 0 1 0 0 0 0 0 1 0 0 0 0 0 2 0 1 0 2 0 0 0 2 0 2 0 0 0 1 0 2 0 0 2 0 0 2 0 0 0 2 0 0 0 2 0 0 1 0 2 0 0 1 0 0 0 0 2 0 0 0 0 0 0 2 0 0 0 2 0 1 0 0 1 0 0 0 0 1 0 1 0 0 0 0 0 1 0 2 0 0 0 1 0 0 0 0 2 0 0 1 0 2 0 0 1 0 0 0 2 0 1 0 0 1 0
143
153 9
0 2 0 0 2 0 0 0 2 0 2 0 2 0 2 0 0 2 0 0 1 0 1 0 1 0 2 0 2 0 0 0 1 0 1 0 2 0 0 2 0 0 0 0 0 1 0 0 0 2 0 2 0 2 0 2 0 1 0 2 0 0 2 0 1 0 0 0 0 1 0 1 0 1 0 1 0 2 0 2 0 0 1 0 0 0 0 2 0 1 0 0 2 0 1 0 1 0 0 2 0 0 2 0 2 0 2 0 0 2 0 2 0 1 0 1 0 0 0 1 0 0 0 0 2 0 1 0 0 2 0 0 2 0 2 0 0 0 0 0 0 0 2 0 2 0 2 0 1 0 1 0 0
22
81 9
0 0 0 0 2 0 0 0 0 0 1 0 1 0 0 0 2 0 1 0 1 0 2 0 2 0 0 0 1 0 2 0 2 0 1 0 2 0 0 2 0 1 0 0 0 0 1 0 2 0 2 0 2 0 0 0 0 2 0 2 0 0 0 2 0 2 0 1 0 0 2 0 0 1 0 0 1 0 0 2 0
49
132 11
1 0 0 1 0 2 0 2 0 1 0 0 0 2 0 2 0 0 2 0 1 0 2 0 0 2 0 1 0 1 0 2 0 2 0 0 1 0 1 0 0 1 0 0 1 0 0 0 0 2 0 0 2 0 2 0 1 0 2 0 1 0 1 0 0 2 0 1 0 2 0 0 0 1 0 0 1 0 2 0 0 1 0 0 0 2 0 0 2 0 0 2 0 0 0 0 1 0 1 0 0 0 2 0 0 2 0 0 0 0 0 0 1 0 2 0 0 2 0 0 0 0 0 0 0 1 0 2 0 0 2 0
14
140 20
0 2 0 0 2 0 0 1 0 0 0 1 0 0 0 0 2 0 1 0 0 0 2 0 0 2 0 0 0 2 0 2 0 0 0 2 0 0 0 1 0 0 0 2 0 2 0 2 0 2 0 2 0 0 2 0 0 1 0 1 0 2 0 1 0 0 0 2 0 0 0 1 0 1 0 2 0 0 2 0 1 0 1 0 2 0 1 0 1 0 0 0 0 1 0 0 2 0 1 0 1 0 2 0 0 0 2 0 2 0 0 0 0 2 0 2 0 2 0 0 0 2 0 0 0 0 2 0 0 0 0 0 0 1 0 2 0 1 0 0
135
100 10
2 0 2 0 0 2 0 0 0 0 2 0 2 0 0 2 0 2 0 0 0 0 2 0 1 0 1 0 1 0 2 0 2 0 1 0 0 1 0 0 1 0 0 1 0 0 1 0 1 0 2 0 0 1 0 0 0 0 2 0 1 0 2 0 1 0 2 0 2 0 0 0 1 0 1 0 0 2 0 0 2 0 2 0 0 1 0 2 0 0 1 0 0 1 0 1 0 0 0 0
55
85 17
1 0 0 1 0 0 2 0 1 0 2 0 1 0 0 1 0 0 0 0 0 1 0 2 0 1 0 0 2 0 0 0 1 0 0 2 0 0 0 0 0 1 0 2 0 2 0 2 0 0 0 2 0 1 0 1 0 2 0 0 0 2 0 2 0 0 0 1 0 0 0 0 0 2 0 2 0 2 0 0 0 2 0 0 0
30
105 15
2 0 2 0 0 1 0 2 0 0 1 0 1 0 2 0 1 0 0 1 0 0 2 0 2 0 0 0 0 2 0 2 0 0 0 0 0 1 0 1 0 0 1 0 1 0 1 0 0 2 0 2 0 2 0 0 0 2 0 0 0 0 0 1 0 0 0 0 2 0 2 0 1 0 0 1 0 0 1 0 0 2 0 0 1 0 0 2 0 0 0 0 0 1 0 0 2 0 1 0 2 0 0 0 0
47
177 3
0 2 0 0 2 0 0 2 0 2 0 2 0 0 0 0 2 0 2 0 0 0 0 0 0 0 0 2 0 2 0 0 2 0 1 0 2 0 2 0 2 0 2 0 0 0 1 0 0 2 0 0 0 0 1 0 1 0 0 2 0 1 0 0 0 0 2 0 0 0 1 0 1 0 2 0 1 0 0 0 1 0 0 0 0 2 0 0 0 2 0 0 2 0 0 0 0 0 1 0 2 0 0 0 2 0 0 1 0 0 0 0 2 0 0 2 0 0 0 0 0 1 0 0 2 0 0 0 1 0 1 0 1 0 0 0 0 1 0 0 2 0 2 0 1 0 1 0 1 0 0 1 0 0 0 1 0 2 0 0 0 2 0 0 0 0 0 0 0 0 1 0 1 0 2 0 0
123
160 1
2 0 0 0 1 0 0 0 2 0 2 0 1 0 0 2 0 0 0 1 0 0 2 0 0 0 2 0 0 0 0 0 0 1 0 0 1 0 1 0 2 0 0 1 0 0 2 0 2 0 0 0 1 0 2 0 1 0 1 0 1 0 0 0 0 0 2 0 0 1 0 2 0 0 0 0 0 1 0 0 1 0 2 0 0 0 0 0 1 0 0 0 0 2 0 0 0 2 0 0 0 0 1 0 0 2 0 0 2 0 0 0 2 0 0 0 0 2 0 0 0 0 2 0 1 0 0 2 0 0 2 0 2 0 0 0 1 0 1 0 0 2 0 2 0 0 0 0 0 1 0 2 0 0 2 0 1 0 1 0
104
70 1
0 1 0 1 0 2 0 1 0 0 0 0 2 0 2 0 1 0 2 0 0 2 0 1 0 0 1 0 2 0 1 0 0 0 1 0 0 0 2 0 1 0 0 0 0 0 0 1 0 2 0 2 0 2 0 1 0 0 0 1 0 1 0 1 0 2 0 2 0 0
3
144 16
2 0 0 1 0 2 0 1 0 2 0 2 0 0 0 0 2 0 0 2 0 2 0 1 0 0 0 0 2 0 2 0 0 0 0 0 0 0 1 0 0 1 0 1 0 1 0 1 0 2 0 0 2 0 2 0 0 0 0 0 0 0 0 0 0 2 0 2 0 1 0 0 0 1 0 0 2 0 0 2 0 0 2 0 2 0 1 0 2 0 0 2 0 2 0 1 0 1 0 0 0 1 0 0 0 0 2 0 1 0 2 0 0 0 1 0 0 0 2 0 2 0 0 0 0 0 2 0 2 0 1 0 1 0 0 2 0 2 0 0 0 0 1 0
70
182 7
0 1 0 0 2 0 0 1 0 2 0 1 0 0 1 0 0 2 0 1 0 2 0 0 2 0 0 2 0 0 1 0 0 2 0 0 1 0 2 0 1 0 0 2 0 1 0 1 0 0 1 0 0 0 0 1 0 0 2 0 2 0 0 2 0 2 0 1 0 0 0 0 1 0 1 0 2 0 0 2 0 2 0 1 0 0 2 0 0 2 0 1 0 1 0 2 0 2 0 2 0 2 0 0 2 0 1 0 0 2 0 2 0 0 0 0 0 0 2 0 0 1 0 0 0 0 2 0 0 0 0 0 2 0 0 2 0 0 1 0 2 0 1 0 2 0 2 0 0 1 0 1 0 2 0 0 0 0 1 0 2 0 1 0 0 0 2 0 2 0 2 0 0 0 0 1 0 1 0 0 0 0
16
87 3
2 0 1 0 2 0 2 0 2 0 0 2 0 0 0 2 0 2 0 0 2 0 0 0 2 0 1 0 0 0 1 0 1 0 0 1 0 0 0 0 2 0 0 1 0 0 0 0 2 0 2 0 2 0 2 0 1 0 2 0 2 0 2 0 0 1 0 0 1 0 1 0 0 0 0 0 0 0 0 1 0 2 0 0 1 0 0
55
57 19
0 0 0 1 0 0 0 2 0 1 0 0 0 2 0 2 0 0 1 0 0 0 1 0 0 1 0 2 0 0 0 0 0 0 1 0 2 0 0 2 0 0 2 0 0 0 2 0 0 0 0 1 0 0 2 0 0
48
187 17
2 0 2 0 0 0 2 0 0 2 0 2 0 0 0 2 0 1 0 1 0 0 1 0 0 2 0 1 0 0 2 0 0 1 0 0 0 2 0 0 2 0 0 0 0 2 0 2 0 2 0 2 0 0 0 0 1 0 0 1 0 0 0 2 0 0 1 0 2 0 2 0 1 0 0 1 0 2 0 2 0 0 0 0 2 0 2 0 0 0 2 0 0 2 0 2 0 2 0 1 0 0 2 0 0 2 0 2 0 0 1 0 1 0 1 0 0 0 0 2 0 1 0 0 1 0 0 2 0 1 0 0 2 0 0 2 0 1 0 0 1 0 0 1 0 1 0 0 0 1 0 0 1 0 2 0 0 0 0 2 0 1 0 2 0 1 0 2 0 1 0 0 0 0 0 0 2 0 2 0 0 2 0 1 0 1 0
65
84 4
0 2 0 2 0 1 0 2 0 2 0 2 0 2 0 0 1 0 2 0 0 2 0 2 0 0 2 0 0 1 0 0 1 0 2 0 2 0 0 0 1 0 2 0 0 1 0 2 0 2 0 2 0 1 0 0 1 0 1 0 0 2 0 2 0 0 2 0 2 0 0 0 2 0 0 0 2 0 1 0 2 0 0 0
47
180 2
2 0 2 0 0 0 1 0 0 2 0 0 2 0 2 0 2 0 0 0 0 1 0 1 0 2 0 2 0 0 2 0 2 0 2 0 2 0 2 0 1 0 2 0 2 0 2 0 2 0 1 0 2 0 2 0 2 0 2 0 2 0 0 0 2 0 2 0 1 0 2 0 2 0 0 1 0 0 2 0 2 0 0 0 0 2 0 2 0 0 0 2 0 0 0 2 0 1 0 1 0 0 0 2 0 0 2 0 0 1 0 2 0 0 2 0 0 1 0 0 0 0 2 0 0 0 2 0 1 0 0 0 1 0 0 2 0 0 0 2 0 0 1 0 0 2 0 1 0 0 2 0 2 0 0 1 0 2 0 0 0 1 0 1 0 0 1 0 0 2 0 2 0 0 2 0 1 0 2 0
159
80 2
1 0 1 0 2 0 0 2 0 2 0 2 0 0 2 0 2 0 2 0 2 0 0 0 0 0 0 0 0 0 0 2 0 0 1 0 0 1 0 0 2 0 0 0 0 0 2 0 0 0 2 0 0 0 2 0 0 2 0 1 0 0 2 0 0 0 2 0 2 0 0 0 2 0 2 0 2 0 0 0
19
77 7
2 0 1 0 0 0 0 1 0 2 0 0 1 0 0 1 0 2 0 0 1 0 0 2 0 0 2 0 2 0 2 0 0 1 0 2 0 0 0 2 0 1 0 0 1 0 1 0 1 0 1 0 2 0 0 1 0 2 0 0 2 0 0 2 0 0 2 0 0 2 0 0 0 2 0 2 0
35
159 1
2 0 2 0 0 0 2 0 1 0 0 0 2 0 2 0 1 0 0 1 0 0 0 1 0 2 0 1 0 2 0 2 0 0 2 0 1 0 2 0 2 0 0 0 1 0 0 0 0 2 0 0 0 1 0 2 0 0 0 1 0 2 0 2 0 0 2 0 2 0 2 0 0 2 0 0 0 1 0 0 0 0 0 0 0 1 0 0 2 0 0 1 0 1 0 0 0 0 1 0 2 0 0 0 1 0 1 0 1 0 2 0 0 1 0 1 0 0 2 0 1 0 2 0 2 0 0 2 0 0 0 2 0 2 0 1 0 1 0 2 0 0 0 0 1 0 1 0 1 0 0 1 0 0 2 0 0 2 0
102
200 2
0 2 0 0 2 0 0 2 0 0 2 0 0 1 0 2 0 0 0 0 0 0 1 0 2 0 0 2 0 0 0 0 0 2 0 2 0 0 0 0 2 0 2 0 2 0 0 0 2 0 0 0 1 0 0 0 2 0 0 2 0 2 0 2 0 2 0 1 0 1 0 2 0 1 0 0 2 0 0 0 0 0 2 0 0 0 2 0 2 0 1 0 0 2 0 1 0 2 0 0 0 1 0 2 0 0 0 1 0 0 1 0 0 2 0 2 0 2 0 2 0 2 0 0 2 0 0 2 0 0 2 0 0 2 0 0 2 0 0 2 0 0 2 0 1 0 0 2 0 0 2 0 0 2 0 0 1 0 2 0 0 0 1 0 0 0 2 0 1 0 0 0 0 0 1 0 2 0 1 0 2 0 2 0 0 2 0 0 0 1 0 0 1 0 0 0 1 0 2 0
150
44 11
2 0 0 0 0 0 1 0 2 0 2 0 0 2 0 0 1 0 1 0 0 2 0 0 0 2 0 0 0 2 0 0 2 0 2 0 2 0 0 0 1 0 0 0
27
144 18
0 2 0 2 0 0 0 0 1 0 1 0 2 0 0 0 2 0 0 0 2 0 2 0 1 0 0 2 0 1 0 0 2 0 0 2 0 0 1 0 0 2 0 2 0 0 2 0 0 1 0 0 2 0 1 0 0 2 0 0 2 0 0 0 2 0 0 0 0 0 2 0 2 0 0 1 0 0 0 0 0 1 0 0 0 1 0 0 0 0 0 2 0 0 2 0 1 0 0 0 0 0 2 0 2 0 1 0 2 0 0 0 2 0 1 0 1 0 0 0 0 0 1 0 1 0 0 0 2 0 0 0 0 0 0 0 2 0 1 0 2 0 0 0
14
101 1
0 1 0 2 0 0 0 0 1 0 2 0 0 1 0 2 0 2 0 2 0 0 0 0 0 0 2 0 1 0 1 0 0 1 0 0 0 2 0 1 0 1 0 0 0 2 0 0 2 0 0 0 1 0 0 0 2 0 2 0 0 0 0 2 0 1 0 2 0 2 0 0 1 0 0 2 0 0 0 0 0 1 0 1 0 0 1 0 0 0 1 0 1 0 2 0 0 2 0 0 0
8
187 17
0 2 0 0 1 0 0 0 2 0 0 2 0 2 0 0 1 0 2 0 2 0 0 2 0 1 0 2 0 2 0 1 0 2 0 1 0 0 2 0 2 0 2 0 0 2 0 2 0 0 1 0 0 1 0 2 0 2 0 1 0 2 0 0 2 0 1 0 1 0 2 0 1 0 0 0 0 2 0 0 0 0 2 0 0 0 0 0 0 2 0 0 0 2 0 2 0 1 0 1 0 1 0 1 0 0 1 0 1 0 0 0 2 0 2 0 1 0 2 0 0 2 0 1 0 1 0 0 2 0 1 0 0 1 0 1 0 2 0 0 0 1 0 1 0 2 0 0 0 2 0 1 0 0 1 0 0 0 0 0 2 0 0 0 0 2 0 1 0 2 0 0 0 0 0 0 0 1 0 0 2 0 2 0 2 0 0
68
78 13
2 0 1 0 0 0 0 0 0 0 1 0 2 0 0 0 0 0 2 0 0 1 0 0 2 0 2 0 0 0 0 0 1 0 0 0 0 2 0 2 0 0 2 0 0 0 1 0 0 1 0 0 1 0 1 0 0 1 0 0 0 2 0 1 0 0 2 0 0 0 1 0 0 0 2 0 0 0
61
76 19
1 0 0 0 1 0 0 0 2 0 0 0 2 0 1 0 2 0 2 0 2 0 2 0 0 1 0 0 2 0 0 0 2 0 1 0 2 0 1 0 0 2 0 0 1 0 2 0 2 0 0 0 1 0 0 0 1 0 0 0 2 0 0 0 0 1 0 0 1 0 1 0 0 0 1 0
48
64 4
0 1 0 2 0 2 0 0 2 0 2 0 2 0 2 0 0 1 0 2 0 0 0 1 0 0 2 0 1 0 2 0 0 2 0 2 0 1 0 2 0 2 0 1 0 2 0 0 2 0 2 0 0 1 0 0 2 0 0 1 0 1 0 0
40
180 9
0 2 0 1 0 0 0 0 1 0 2 0 1 0 0 0 0 0 2 0 2 0 0 1 0 2 0 0 0 2 0 1 0 1 0 0 0 2 0 0 0 0 0 0 1 0 0 1 0 0 2 0 0 2 0 2 0 2 0 0 1 0 0 0 2 0 1 0 2 0 1 0 0 2 0 1 0 2 0 0 0 0 0 1 0 0 0 2 0 2 0 1 0 0 0 1 0 1 0 0 0 0 0 1 0 0 2 0 2 0 2 0 0 0 0 1 0 1 0 0 0 0 2 0 0 0 2 0 2 0 0 2 0 2 0 0 2 0 0 0 0 0 0 2 0 2 0 0 1 0 1 0 0 0 0 0 1 0 1 0 0 2 0 0 1 0 2 0 2 0 0 0 0 0 0 2 0 1 0 0
142
72 4
2 0 0 2 0 2 0 0 0 1 0 1 0 1 0 0 2 0 0 0 0 0 2 0 2 0 2 0 0 1 0 0 1 0 0 0 2 0 0 0 0 2 0 1 0 0 1 0 0 0 0 2 0 0 1 0 0 2 0 1 0 0 0 2 0 0 2 0 0 2 0 0
55
64 16
1 0 0 0 2 0 1 0 0 0 2 0 2 0 1 0 0 2 0 0 0 1 0 0 0 2 0 0 0 2 0 0 2 0 0 0 0 0 0 0 0 1 0 0 2 0 1 0 0 1 0 0 2 0 0 0 2 0 2 0 2 0 0 0
20
78 13
0 1 0 2 0 0 2 0 0 0 2 0 1 0 2 0 2 0 1 0 0 1 0 0 1 0 0 1 0 0 0 1 0 0 2 0 2 0 0 2 0 0 0 0 1 0 0 0 1 0 0 0 2 0 0 0 1 0 1 0 2 0 1 0 1 0 2 0 0 2 0 0 2 0 0 2 0 0
58
85 5
0 1 0 1 0 0 0 2 0 0 2 0 2 0 2 0 0 1 0 2 0 1 0 1 0 1 0 0 2 0 0 2 0 0 1 0 2 0 0 1 0 2 0 2 0 0 1 0 2 0 0 0 0 2 0 1 0 2 0 1 0 2 0 2 0 0 2 0 1 0 1 0 0 2 0 0 2 0 2 0 2 0 1 0 0
78
170 5
2 0 0 0 0 1 0 2 0 1 0 1 0 0 2 0 2 0 0 0 1 0 0 2 0 2 0 1 0 0 1 0 1 0 0 2 0 2 0 0 2 0 1 0 0 2 0 0 0 1 0 2 0 0 2 0 0 0 1 0 1 0 2 0 1 0 1 0 1 0 2 0 0 1 0 0 2 0 2 0 1 0 1 0 0 1 0 0 2 0 0 0 1 0 0 2 0 2 0 1 0 0 0 1 0 1 0 2 0 0 0 0 1 0 1 0 2 0 1 0 0 0 0 0 2 0 2 0 2 0 0 2 0 0 2 0 1 0 2 0 1 0 1 0 1 0 0 1 0 0 1 0 0 2 0 0 2 0 1 0 0 1 0 2 0 0 0 2 0 0
44
54 9
1 0 2 0 2 0 0 0 0 0 0 0 0 1 0 0 0 0 0 2 0 0 0 0 0 0 2 0 0 0 2 0 2 0 0 0 2 0 0 1 0 0 0 0 1 0 0 0 0 2 0 1 0 0
4
164 4
2 0 2 0 1 0 0 0 1 0 0 0 0 0 1 0 0 2 0 0 1 0 0 1 0 1 0 0 2 0 2 0 1 0 0 0 0 0 2 0 0 2 0 1 0 1 0 0 2 0 0 1 0 2 0 2 0 0 2 0 2 0 1 0 1 0 0 1 0 2 0 0 0 2 0 0 2 0 1 0 0 0 0 2 0 1 0 2 0 2 0 1 0 0 0 0 1 0 0 2 0 1 0 2 0 1 0 0 0 1 0 2 0 1 0 2 0 2 0 0 2 0 0 1 0 1 0 0 1 0 0 0 2 0 0 0 0 2 0 2 0 0 0 1 0 0 0 0 0 2 0 2 0 2 0 0 1 0 0 2 0 2 0 0
85
48 12
0 0 2 0 2 0 0 0 0 2 0 0 0 0 0 0 0 1 0 0 0 2 0 0 0 0 0 0 1 0 0 0 0 2 0 0 1 0 2 0 2 0 1 0 1 0 2 0
3
54 18
0 2 0 0 2 0 1 0 0 2 0 0 0 0 0 0 1 0 0 1 0 1 0 0 2 0 0 0 0 0 2 0 0 0 2 0 2 0 0 2 0 0 0 1 0 0 0 0 2 0 0 1 0 0
8
91 13
2 0 1 0 2 0 0 2 0 1 0 0 2 0 0 2 0 0 2 0 0 1 0 0 0 1 0 0 0 2 0 2 0 0 0 0 2 0 0 2 0 0 1 0 1 0 2 0 0 0 0 1 0 0 2 0 2 0 2 0 0 0 0 2 0 1 0 0 2 0 0 0 1 0 0 0 0 2 0 0 2 0 2 0 2 0 0 2 0 2 0
29
114 19
0 0 1 0 1 0 1 0 0 2 0 0 2 0 2 0 2 0 2 0 2 0 1 0 2 0 1 0 1 0 1 0 1 0 2 0 0 1 0 0 0 0 2 0 0 0 1 0 0 0 1 0 2 0 0 2 0 0 1 0 1 0 2 0 0 0 2 0 0 2 0 0 0 0 0 2 0 0 1 0 0 1 0 0 2 0 1 0 0 0 0 2 0 1 0 0 2 0 1 0 0 0 0 1 0 0 2 0 2 0 2 0 1 0
11
168 12
2 0 1 0 2 0 1 0 2 0 0 2 0 0 1 0 1 0 0 0 0 0 0 2 0 2 0 0 0 2 0 2 0 2 0 0 1 0 2 0 2 0 0 0 2 0 0 0 0 2 0 0 1 0 0 0 2 0 0 2 0 2 0 0 1 0 0 1 0 0 0 0 1 0 2 0 2 0 0 0 2 0 0 0 2 0 2 0 2 0 0 2 0 2 0 2 0 0 1 0 1 0 0 2 0 0 2 0 2 0 2 0 0 2 0 0 1 0 2 0 0 0 0 2 0 0 0 0 2 0 0 0 1 0 1 0 1 0 0 0 2 0 1 0 0 1 0 1 0 1 0 2 0 0 1 0 2 0 1 0 2 0 2 0 0 1 0 0
87
64 8
2 0 0 2 0 0 0 0 0 1 0 1 0 1 0 0 0 0 1 0 0 0 2 0 0 1 0 0 0 0 1 0 0 0 2 0 1 0 2 0 2 0 2 0 2 0 2 0 0 0 1 0 2 0 0 0 0 2 0 1 0 2 0 0
47
60 10
0 1 0 0 2 0 0 1 0 2 0 0 0 2 0 1 0 0 0 0 0 1 0 0 0 0 0 1 0 0 0 0 0 2 0 0 0 2 0 0 0 0 1 0 0 2 0 0 0 0 1 0 2 0 1 0 0 0 2 0
11
175 5
2 0 2 0 0 0 2 0 0 1 0 2 0 2 0 0 2 0 0 0 1 0 0 2 0 1 0 1 0 0 1 0 0 2 0 0 1 0 2 0 0 0 0 0 2 0 0 0 0 0 0 0 0 0 1 0 0 1 0 0 0 0 0 1 0 2 0 1 0 0 0 0 0 0 0 0 1 0 2 0 2 0 1 0 1 0 2 0 1 0 2 0 2 0 0 0 2 0 1 0 2 0 0 2 0 0 0 1 0 0 1 0 0 0 0 2 0 1 0 0 0 1 0 2 0 0 0 2 0 2 0 2 0 0 2 0 2 0 2 0 2 0 2 0 0 0 2 0 2 0 1 0 1 0 0 2 0 2 0 0 0 1 0 0 2 0 0 0 0 1 0 0 1 0 0
20
72 8
1 0 0 1 0 0 2 0 0 1 0 0 1 0 1 0 0 0 0 1 0 0 1 0 0 0 0 0 0 0 2 0 0 1 0 0 2 0 0 0 1 0 0 0 0 1 0 1 0 1 0 0 0 0 1 0 1 0 2 0 1 0 0 0 0 2 0 0 2 0 2 0
3
120 20
1 0 2 0 2 0 2 0 0 2 0 0 1 0 0 2 0 0 1 0 0 2 0 0 0 0 2 0 0 0 0 0 1 0 1 0 2 0 0 0 0 0 2 0 0 0 2 0 1 0 0 1 0 0 0 0 1 0 1 0 1 0 0 0 0 0 0 0 2 0 0 0 0 1 0 2 0 0 1 0 1 0 2 0 2 0 2 0 2 0 1 0 0 0 2 0 0 1 0 1 0 0 0 0 0 0 2 0 2 0 1 0 2 0 2 0 2 0 2 0
88
128 16
0 2 0 0 0 1 0 0 1 0 1 0 2 0 2 0 0 0 2 0 0 1 0 0 0 2 0 0 0 1 0 0 2 0 0 1 0 0 2 0 0 0 1 0 1 0 0 0 0 0 1 0 0 0 0 0 0 0 1 0 0 0 2 0 0 0 2 0 2 0 1 0 2 0 2 0 0 2 0 0 2 0 2 0 0 2 0 0 1 0 2 0 1 0 0 0 2 0 1 0 2 0 2 0 1 0 0 1 0 2 0 0 1 0 1 0 1 0 2 0 1 0 1 0 2 0 0 0
112
90 10
0 2 0 2 0 2 0 1 0 1 0 0 2 0 2 0 0 0 0 0 2 0 0 1 0 2 0 0 0 1 0 1 0 0 0 0 0 2 0 0 0 1 0 1 0 0 2 0 2 0 0 2 0 0 1 0 1 0 0 0 2 0 0 0 0 1 0 0 0 0 0 0 0 0 2 0 2 0 0 0 0 2 0 0 1 0 2 0 0 0
75
138 6
1 0 1 0 2 0 2 0 0 1 0 0 0 1 0 0 0 0 1 0 1 0 0 0 0 2 0 0 1 0 2 0 2 0 1 0 2 0 1 0 2 0 1 0 0 0 1 0 2 0 0 1 0 1 0 0 0 0 0 2 0 0 2 0 0 0 1 0 0 0 1 0 2 0 1 0 2 0 0 2 0 2 0 1 0 0 1 0 0 0 2 0 0 0 0 0 0 1 0 1 0 2 0 0 1 0 2 0 1 0 0 0 1 0 0 0 2 0 2 0 0 2 0 2 0 1 0 1 0 0 0 2 0 2 0 2 0 0
57
156 12
0 0 0 0 2 0 0 0 0 2 0 0 0 2 0 0 1 0 2 0 0 0 0 2 0 0 2 0 1 0 2 0 2 0 0 0 2 0 0 0 0 0 1 0 1 0 2 0 0 0 2 0 0 1 0 2 0 0 1 0 2 0 1 0 0 2 0 1 0 2 0 0 0 2 0 0 2 0 2 0 0 1 0 1 0 1 0 0 0 0 0 2 0 0 0 0 2 0 0 0 0 0 0 0 1 0 0 2 0 0 0 2 0 0 1 0 0 0 0 0 0 0 0 0 0 2 0 1 0 0 2 0 2 0 0 0 1 0 0 0 1 0 0 1 0 1 0 0 2 0 1 0 0 2 0 0
146
170 17
0 2 0 2 0 2 0 0 2 0 0 2 0 2 0 1 0 2 0 0 0 2 0 0 0 1 0 2 0 0 2 0 0 2 0 1 0 0 1 0 0 0 0 0 0 1 0 1 0 0 0 0 2 0 1 0 2 0 2 0 2 0 0 2 0 2 0 0 0 0 1 0 2 0 0 0 0 2 0 0 0 0 0 0 0 0 0 0 1 0 1 0 1 0 2 0 2 0 1 0 0 2 0 0 1 0 0 2 0 0 0 1 0 2 0 0 0 0 0 0 0 2 0 2 0 0 2 0 0 0 2 0 0 1 0 0 1 0 2 0 2 0 1 0 2 0 2 0 2 0 0 0 2 0 0 0 0 0 0 0 0 0 2 0 2 0 2 0 2 0
144
143 11
0 0 0 2 0 1 0 1 0 0 0 1 0 0 2 0 2 0 0 0 0 1 0 0 0 0 0 0 2 0 0 1 0 2 0 0 2 0 0 1 0 0 1 0 1 0 1 0 0 0 1 0 1 0 1 0 2 0 2 0 2 0 0 0 0 2 0 0 0 2 0 1 0 1 0 0 0 0 2 0 2 0 0 0 0 1 0 0 0 1 0 0 2 0 2 0 2 0 1 0 0 2 0 0 0 1 0 2 0 2 0 0 2 0 0 1 0 0 1 0 1 0 0 0 1 0 0 0 0 0 0 1 0 0 2 0 2 0 0 1 0 1 0
137
105 5
1 0 0 0 2 0 0 0 2 0 0 0 0 0 2 0 2 0 0 0 0 0 2 0 2 0 2 0 2 0 1 0 1 0 0 1 0 1 0 0 0 0 2 0 2 0 0 0 0 1 0 0 1 0 0 2 0 2 0 0 0 2 0 0 0 2 0 0 0 2 0 2 0 0 0 1 0 0 1 0 1 0 1 0 0 2 0 1 0 1 0 2 0 1 0 1 0 1 0 2 0 0 2 0 0
37
72 12
2 0 0 0 0 0 0 0 1 0 1 0 0 0 1 0 1 0 0 0 0 1 0 0 2 0 2 0 2 0 2 0 0 1 0 0 2 0 0 2 0 0 0 2 0 0 0 0 0 2 0 2 0 0 0 1 0 2 0 0 2 0 0 1 0 0 0 2 0 0 2 0
44
102 2
0 0 1 0 2 0 0 0 2 0 1 0 0 2 0 0 0 1 0 0 0 1 0 1 0 0 0 0 0 2 0 0 1 0 0 1 0 0 0 1 0 0 0 2 0 0 0 1 0 0 0 0 2 0 1 0 0 1 0 0 1 0 0 0 1 0 2 0 0 2 0 0 0 1 0 2 0 2 0 0 2 0 2 0 2 0 2 0 0 0 0 2 0 1 0 2 0 2 0 0 2 0
98
153 17
0 0 2 0 2 0 0 2 0 1 0 0 2 0 2 0 0 0 0 1 0 0 0 0 1 0 0 2 0 0 2 0 2 0 2 0 1 0 0 2 0 0 1 0 0 0 2 0 0 0 0 0 2 0 0 2 0 1 0 0 2 0 0 0 0 2 0 1 0 1 0 0 1 0 0 0 2 0 0 0 0 1 0 0 1 0 0 0 1 0 2 0 0 2 0 0 0 2 0 1 0 0 1 0 1 0 0 0 0 2 0 2 0 0 2 0 0 2 0 0 1 0 0 2 0 0 0 1 0 0 1 0 2 0 0 1 0 0 0 0 2 0 1 0 2 0 2 0 1 0 1 0 0
19
165 15
1 0 2 0 2 0 0 0 0 1 0 2 0 2 0 2 0 2 0 2 0 0 2 0 2 0 0 2 0 1 0 1 0 0 2 0 2 0 0 2 0 0 2 0 0 0 2 0 0 2 0 1 0 2 0 1 0 0 2 0 0 1 0 2 0 0 0 2 0 0 1 0 2 0 0 2 0 2 0 1 0 1 0 0 0 2 0 0 1 0 2 0 0 0 0 0 0 1 0 0 0 2 0 0 1 0 2 0 0 0 0 0 0 2 0 1 0 2 0 0 0 1 0 1 0 0 0 1 0 0 2 0 2 0 0 2 0 0 0 1 0 1 0 0 0 2 0 2 0 2 0 0 2 0 2 0 0 2 0 2 0 1 0 1 0
26
162 6
2 0 0 1 0 1 0 2 0 2 0 0 0 2 0 2 0 0 2 0 2 0 1 0 0 1 0 0 2 0 2 0 2 0 1 0 0 0 0 0 1 0 0 0 0 0 0 2 0 2 0 2 0 0 0 0 0 2 0 0 2 0 1 0 1 0 2 0 2 0 0 2 0 1 0 2 0 0 1 0 0 2 0 0 0 1 0 0 0 2 0 2 0 0 1 0 2 0 2 0 1 0 0 1 0 1 0 0 0 2 0 0 0 0 0 1 0 2 0 0 0 2 0 1 0 1 0 2 0 2 0 0 0 1 0 1 0 2 0 0 0 0 1 0 0 0 2 0 0 0 2 0 0 0 0 0 0 1 0 1 0 0
9
72 8
0 2 0 0 0 0 2 0 0 0 1 0 0 0 2 0 0 0 2 0 0 0 1 0 1 0 0 0 1 0 1 0 1 0 1 0 2 0 0 1 0 1 0 2 0 0 0 2 0 0 0 2 0 0 0 1 0 2 0 0 1 0 0 0 0 2 0 0 1 0 0 0
66
56 14
2 0 0 0 0 1 0 0 2 0 0 0 2 0 0 0 1 0 2 0 2 0 1 0 2 0 2 0 2 0 0 0 2 0 2 0 1 0 0 0 0 2 0 0 1 0 1 0 0 1 0 0 0 1 0 0
8
133 7
0 2 0 0 0 0 0 0 1 0 0 0 2 0 2 0 2 0 0 0 0 0 0 2 0 2 0 2 0 0 0 1 0 0 0 1 0 0 0 0 2 0 0 2 0 2 0 1 0 2 0 1 0 2 0 1 0 1 0 1 0 1 0 1 0 0 0 0 0 2 0 0 0 2 0 0 0 1 0 1 0 1 0 2 0 1 0 0 1 0 1 0 1 0 0 2 0 1 0 2 0 2 0 0 1 0 1 0 2 0 2 0 2 0 2 0 0 2 0 0 2 0 2 0 0 0 0 0 0 2 0 2 0
62
139 1
0 0 1 0 2 0 2 0 1 0 0 0 0 0 0 2 0 2 0 1 0 2 0 0 0 1 0 0 0 0 2 0 0 2 0 0 2 0 0 1 0 0 1 0 0 0 2 0 0 2 0 2 0 2 0 0 1 0 2 0 2 0 2 0 0 0 1 0 0 2 0 2 0 1 0 0 1 0 0 2 0 0 0 1 0 1 0 2 0 2 0 0 2 0 2 0 0 2 0 0 0 0 0 0 2 0 1 0 0 1 0 1 0 1 0 2 0 0 2 0 0 2 0 2 0 1 0 0 0 1 0 2 0 0 2 0 0 0 0
24
180 18
0 0 2 0 2 0 2 0 0 0 0 0 2 0 2 0 2 0 1 0 2 0 2 0 0 1 0 0 0 0 0 0 2 0 2 0 2 0 0 0 1 0 2 0 0 2 0 2 0 0 0 0 0 2 0 0 2 0 2 0 0 0 2 0 0 0 1 0 1 0 2 0 0 2 0 0 1 0 1 0 2 0 1 0 0 0 1 0 0 0 0 2 0 1 0 0 0 0 2 0 2 0 0 0 1 0 0 2 0 0 1 0 0 0 2 0 1 0 1 0 2 0 0 2 0 0 2 0 1 0 2 0 1 0 0 2 0 2 0 0 1 0 0 2 0 2 0 2 0 0 0 1 0 2 0 1 0 0 2 0 0 0 0 2 0 2 0 0 0 0 2 0 0 0 2 0 1 0 2 0
91
55 11
0 0 2 0 0 0 0 0 2 0 0 0 0 2 0 0 2 0 1 0 2 0 0 2 0 0 2 0 1 0 1 0 0 0 0 0 2 0 0 0 2 0 1 0 0 0 0 0 2 0 0 0 0 0 0
7
130 13
0 0 1 0 0 2 0 1 0 0 0 0 1 0 0 0 1 0 0 0 0 0 0 0 2 0 0 2 0 0 0 0 2 0 2 0 0 0 0 0 2 0 0 2 0 0 0 0 0 0 0 0 0 0 0 0 0 1 0 0 0 1 0 1 0 0 1 0 0 0 2 0 0 0 0 1 0 0 0 0 0 2 0 1 0 0 0 0 0 0 0 1 0 0 0 1 0 1 0 0 0 2 0 0 2 0 2 0 1 0 0 2 0 0 0 1 0 2 0 0 0 2 0 0 0 2 0 0 0 0
36
51 17
1 0 0 2 0 0 2 0 0 0 0 0 0 1 0 2 0 0 1 0 0 0 0 0 1 0 0 0 2 0 1 0 0 2 0 0 0 0 0 0 0 0 0 1 0 2 0 0 0 0 0
1
144 18
0 2 0 1 0 2 0 0 2 0 0 0 2 0 1 0 2 0 2 0 0 2 0 0 0 2 0 0 1 0 0 0 0 2 0 1 0 1 0 0 2 0 0 0 2 0 1 0 1 0 2 0 0 1 0 0 2 0 0 1 0 1 0 0 0 1 0 1 0 2 0 0 0 0 0 2 0 0 1 0 0 2 0 0 0 2 0 0 0 2 0 2 0 2 0 0 2 0 0 0 0 2 0 0 0 0 0 1 0 2 0 0 2 0 0 0 1 0 2 0 1 0 0 1 0 0 1 0 0 1 0 1 0 0 0 0 2 0 2 0 1 0 0 0
124
189 7
1 0 1 0 2 0 2 0 1 0 0 0 0 0 0 2 0 0 0 0 1 0 2 0 2 0 0 2 0 2 0 0 2 0 0 2 0 0 2 0 2 0 0 0 0 1 0 0 0 0 1 0 0 0 0 2 0 1 0 1 0 2 0 2 0 0 2 0 0 2 0 2 0 0 2 0 0 0 0 0 0 2 0 2 0 0 0 2 0 2 0 0 1 0 0 0 1 0 2 0 1 0 0 2 0 2 0 0 1 0 0 1 0 0 2 0 0 2 0 0 0 2 0 1 0 0 0 2 0 0 2 0 2 0 0 0 2 0 0 1 0 0 0 2 0 1 0 0 2 0 1 0 1 0 2 0 1 0 0 1 0 0 0 0 1 0 0 1 0 1 0 2 0 1 0 2 0 0 0 0 0 1 0 2 0 1 0 2 0
169
121 11
0 2 0 0 0 0 2 0 0 1 0 1 0 0 0 0 2 0 0 2 0 0 2 0 0 1 0 0 1 0 0 2 0 1 0 1 0 2 0 0 2 0 0 0 0 1 0 0 1 0 1 0 0 2 0 0 0 1 0 0 2 0 0 0 1 0 0 2 0 1 0 0 2 0 0 2 0 0 2 0 2 0 2 0 2 0 2 0 1 0 0 0 0 0 0 1 0 0 0 0 1 0 0 0 0 2 0 2 0 0 2 0 2 0 2 0 1 0 0 1 0
57
132 12
0 2 0 0 1 0 2 0 2 0 0 2 0 0 2 0 0 0 1 0 1 0 0 2 0 2 0 2 0 1 0 0 0 0 0 0 1 0 0 0 2 0 1 0 2 0 0 0 0 0 0 0 0 1 0 2 0 2 0 0 2 0 1 0 1 0 2 0 2 0 2 0 0 0 1 0 0 0 0 2 0 0 0 0 2 0 0 0 0 0 2 0 0 0 0 2 0 0 0 2 0 0 0 1 0 0 0 0 0 0 0 2 0 2 0 1 0 2 0 2 0 2 0 2 0 0 0 0 2 0 0 0
25
184 2
2 0 0 0 0 0 0 1 0 2 0 2 0 2 0 1 0 2 0 2 0 0 2 0 2 0 0 1 0 2 0 1 0 2 0 2 0 0 2 0 1 0 1 0 0 0 2 0 0 2 0 1 0 0 0 2 0 1 0 2 0 2 0 1 0 1 0 0 2 0 2 0 1 0 1 0 1 0 1 0 2 0 1 0 1 0 0 2 0 0 1 0 2 0 0 2 0 2 0 0 1 0 0 2 0 2 0 0 2 0 2 0 2 0 0 0 1 0 1 0 2 0 2 0 1 0 2 0 2 0 0 1 0 2 0 1 0 2 0 1 0 2 0 2 0 2 0 2 0 1 0 2 0 0 2 0 0 2 0 2 0 2 0 0 0 2 0 0 0 0 2 0 0 2 0 2 0 1 0 2 0 0 2 0
11
72 1
1 0 0 2 0 0 1 0 0 0 0 1 0 1 0 1 0 2 0 0 0 2 0 0 2 0 1 0 0 1 0 2 0 0 0 0 0 0 2 0 0 2 0 0 1 0 2 0 0 0 1 0 1 0 2 0 0 2 0 2 0 0 1 0 0 0 0 0 0 2 0 0
10
80 5
0 0 0 0 0 0 1 0 1 0 2 0 2 0 2 0 2 0 0 2 0 0 0 1 0 0 2 0 2 0 0 0 0 2 0 2 0 0 2 0 1 0 0 2 0 0 2 0 2 0 0 0 2 0 2 0 2 0 0 1 0 1 0 0 2 0 2 0 1 0 2 0 0 0 2 0 0 2 0 0
47
160 20
2 0 0 2 0 2 0 0 2 0 0 0 2 0 0 0 2 0 2 0 2 0 2 0 0 1 0 0 0 2 0 0 0 2 0 0 0 0 0 0 1 0 2 0 0 0 2 0 2 0 0 0 2 0 0 0 1 0 0 0 0 0 0 0 1 0 2 0 2 0 2 0 1 0 0 2 0 2 0 0 0 1 0 2 0 0 1 0 1 0 0 0 0 2 0 0 2 0 0 1 0 0 0 0 0 0 2 0 2 0 2 0 2 0 2 0 1 0 0 0 0 0 2 0 1 0 1 0 1 0 2 0 0 2 0 0 2 0 0 2 0 1 0 0 0 2 0 2 0 2 0 0 0 0 0 2 0 1 0 0
104
80 16
2 0 0 2 0 0 0 0 0 0 2 0 0 2 0 2 0 1 0 0 0 2 0 2 0 2 0 0 2 0 0 0 2 0 0 1 0 2 0 0 0 2 0 0 0 2 0 2 0 0 0 2 0 2 0 1 0 0 0 0 2 0 1 0 0 2 0 2 0 0 2 0 2 0 0 1 0 0 1 0
21
165 15
0 0 1 0 0 0 0 0 1 0 0 2 0 2 0 0 0 0 0 2 0 0 1 0 2 0 2 0 2 0 0 0 0 0 2 0 2 0 0 2 0 2 0 0 1 0 0 0 0 0 0 0 0 0 0 0 1 0 0 2 0 0 0 0 0 0 0 0 0 1 0 0 0 2 0 2 0 2 0 2 0 2 0 0 0 0 1 0 0 1 0 0 1 0 2 0 0 2 0 1 0 0 2 0 1 0 0 1 0 0 0 0 0 0 0 1 0 1 0 0 0 0 2 0 0 2 0 2 0 2 0 0 2 0 2 0 2 0 0 1 0 2 0 0 1 0 2 0 2 0 0 0 2 0 1 0 2 0 2 0 2 0 0 1 0
54
112 16
0 0 1 0 1 0 0 0 0 1 0 2 0 0 2 0 0 2 0 2 0 0 2 0 0 2 0 0 2 0 2 0 2 0 0 1 0 2 0 2 0 0 1 0 0 2 0 0 0 1 0 2 0 0 0 0 0 2 0 1 0 1 0 0 0 0 2 0 2 0 0 2 0 2 0 0 0 0 0 2 0 0 2 0 0 2 0 2 0 2 0 2 0 1 0 2 0 0 2 0 2 0 0 2 0 0 0 1 0 1 0 0
23
112 14
2 0 0 0 0 0 2 0 0 1 0 1 0 2 0 0 1 0 0 0 2 0 2 0 0 2 0 0 0 2 0 0 0 0 0 0 0 2 0 0 2 0 0 0 0 0 0 0 0 1 0 1 0 2 0 0 1 0 2 0 1 0 0 0 0 1 0 2 0 2 0 0 0 1 0 0 0 0 1 0 2 0 2 0 0 2 0 0 0 0 1 0 2 0 2 0 2 0 0 2 0 0 0 0 2 0 0 1 0 0 2 0
82
168 4
0 1 0 0 2 0 2 0 0 2 0 1 0 0 1 0 0 2 0 0 2 0 0 1 0 0 0 2 0 2 0 1 0 0 0 2 0 2 0 0 2 0 0 2 0 1 0 1 0 1 0 2 0 0 1 0 2 0 1 0 1 0 0 0 0 1 0 2 0 1 0 2 0 2 0 1 0 1 0 0 0 0 2 0 2 0 0 0 2 0 2 0 2 0 0 1 0 2 0 0 1 0 0 2 0 0 0 1 0 2 0 0 2 0 1 0 1 0 1 0 0 2 0 0 0 0 2 0 0 2 0 2 0 1 0 1 0 0 0 0 1 0 0 0 0 0 2 0 2 0 0 2 0 0 1 0 0 1 0 1 0 1 0 2 0 2 0 0
134
133 7
2 0 2 0 0 0 1 0 1 0 0 0 0 0 2 0 0 0 0 1 0 2 0 2 0 2 0 2 0 2 0 0 2 0 0 2 0 0 0 0 0 0 2 0 2 0 0 0 2 0 2 0 1 0 1 0 0 2 0 1 0 0 1 0 0 0 0 0 0 0 2 0 1 0 2 0 1 0 0 0 2 0 2 0 0 0 2 0 0 2 0 0 2 0 0 1 0 0 1 0 1 0 0 0 0 0 0 1 0 2 0 0 0 0 0 0 0 2 0 0 0 2 0 1 0 0 0 2 0 0 0 0 0
74
160 20
2 0 1 0 0 1 0 0 1 0 2 0 2 0 1 0 0 0 0 0 0 0 2 0 2 0 0 0 1 0 0 0 1 0 0 2 0 0 1 0 2 0 2 0 0 1 0 0 0 2 0 0 1 0 0 0 0 2 0 2 0 2 0 0 1 0 0 2 0 2 0 0 1 0 2 0 0 1 0 0 2 0 1 0 1 0 1 0 0 0 1 0 0 1 0 0 2 0 1 0 2 0 2 0 2 0 2 0 0 2 0 0 0 0 0 2 0 0 2 0 0 0 1 0 2 0 1 0 0 0 0 0 0 0 1 0 1 0 2 0 0 0 0 0 2 0 1 0 2 0 0 0 2 0 0 2 0 2 0 0
55
160 10
0 0 2 0 2 0 2 0 0 2 0 0 0 2 0 0 0 0 0 0 0 0 1 0 0 0 2 0 2 0 0 0 2 0 2 0 2 0 0 0 1 0 2 0 0 0 0 0 0 1 0 0 2 0 2 0 2 0 0 0 1 0 1 0 1 0 1 0 1 0 2 0 0 2 0 0 0 2 0 0 0 2 0 1 0 2 0 2 0 2 0 0 0 0 1 0 2 0 0 0 2 0 0 1 0 2 0 1 0 2 0 0 0 2 0 2 0 0 2 0 0 2 0 2 0 2 0 0 0 0 0 1 0 0 0 0 2 0 1 0 2 0 0 0 2 0 2 0 0 0 1 0 2 0 2 0 0 2 0 0
127
147 7
0 0 1 0 2 0 2 0 0 0 0 0 1 0 2 0 2 0 0 1 0 2 0 2 0 2 0 2 0 2 0 0 0 2 0 0 0 2 0 0 0 0 2 0 0 2 0 0 0 0 2 0 0 0 0 0 2 0 1 0 1 0 0 2 0 2 0 1 0 0 2 0 0 0 2 0 1 0 2 0 2 0 0 0 1 0 0 1 0 1 0 0 0 0 2 0 0 0 0 0 1 0 2 0 0 0 2 0 2 0 0 2 0 1 0 2 0 1 0 2 0 1 0 1 0 0 0 0 0 2 0 2 0 2 0 2 0 0 1 0 0 2 0 0 0 0 0
40
110 10
2 0 0 2 0 0 0 2 0 1 0 0 0 1 0 0 2 0 1 0 2 0 0 2 0 1 0 1 0 2 0 2 0 1 0 0 2 0 1 0 2 0 1 0 0 2 0 1 0 0 2 0 1 0 0 2 0 0 1 0 0 2 0 2 0 0 2 0 1 0 2 0 0 0 2 0 0 2 0 1 0 2 0 1 0 2 0 0 1 0 1 0 2 0 0 0 0 0 0 1 0 1 0 1 0 0 0 1 0 0
32
169 13
2 0 2 0 0 0 2 0 0 2 0 2 0 0 2 0 2 0 2 0 0 0 0 2 0 0 2 0 0 2 0 1 0 0 1 0 2 0 0 1 0 2 0 1 0 0 1 0 1 0 2 0 1 0 2 0 1 0 0 2 0 0 2 0 0 0 0 2 0 2 0 0 2 0 1 0 1 0 0 0 2 0 2 0 2 0 2 0 2 0 0 0 2 0 0 0 0 2 0 1 0 2 0 0 1 0 0 0 0 2 0 2 0 2 0 0 0 0 0 0 1 0 2 0 0 1 0 1 0 0 2 0 2 0 1 0 0 1 0 2 0 0 0 2 0 0 1 0 1 0 2 0 1 0 2 0 0 0 1 0 0 2 0 1 0 0 2 0 0
47
70 7
2 0 2 0 1 0 1 0 0 0 1 0 0 1 0 2 0 1 0 0 2 0 1 0 0 0 1 0 0 0 0 0 2 0 2 0 0 2 0 0 2 0 2 0 2 0 2 0 0 0 2 0 1 0 2 0 0 2 0 0 1 0 0 0 1 0 1 0 0 0
6
84 4
2 0 1 0 2 0 2 0 1 0 2 0 1 0 2 0 0 2 0 1 0 0 0 2 0 2 0 2 0 2 0 0 0 0 2 0 1 0 2 0 0 0 2 0 0 2 0 0 0 1 0 2 0 0 2 0 0 2 0 2 0 0 0 0 0 1 0 1 0 1 0 0 2 0 2 0 1 0 2 0 0 2 0 0
1
45 15
0 2 0 0 1 0 0 2 0 2 0 0 2 0 0 2 0 0 2 0 0 0 2 0 1 0 0 2 0 0 0 0 0 0 2 0 0 2 0 0 0 0 2 0 0
1
166 1
0 0 1 0 2 0 0 2 0 2 0 1 0 1 0 0 0 0 1 0 1 0 1 0 0 0 0 0 2 0 1 0 0 2 0 2 0 0 0 1 0 0 2 0 2 0 2 0 1 0 2 0 2 0 1 0 0 2 0 0 1 0 0 0 1 0 1 0 2 0 1 0 2 0 1 0 0 0 2 0 1 0 0 0 2 0 2 0 1 0 0 2 0 2 0 0 1 0 2 0 1 0 2 0 1 0 2 0 2 0 2 0 2 0 0 2 0 0 0 0 2 0 0 1 0 0 0 2 0 1 0 0 2 0 0 0 2 0 0 2 0 2 0 2 0 1 0 0 1 0 0 0 2 0 0 2 0 0 1 0 0 1 0 2 0 0
102
121 11
0 0 2 0 0 1 0 1 0 1 0 0 0 0 0 2 0 1 0 2 0 0 1 0 0 1 0 1 0 2 0 1 0 0 1 0 1 0 0 2 0 1 0 0 0 2 0 0 0 2 0 2 0 0 0 1 0 2 0 0 0 0 1 0 1 0 1 0 0 2 0 2 0 2 0 0 0 2 0 2 0 0 1 0 1 0 2 0 0 2 0 0 2 0 0 2 0 0 0 0 0 2 0 0 1 0 0 2 0 0 0 0 0 2 0 0 0 0 2 0 0
88
48 16
2 0 0 2 0 0 0 2 0 1 0 0 0 2 0 2 0 0 2 0 0 0 0 0 2 0 0 2 0 0 1 0 0 2 0 0 0 2 0 1 0 0 0 2 0 0 2 0
15
165 1
2 0 0 0 2 0 0 1 0 0 0 2 0 0 0 2 0 1 0 2 0 0 1 0 0 0 0 2 0 2 0 0 2 0 0 0 2 0 0 0 0 0 0 2 0 2 0 0 1 0 2 0 0 0 2 0 2 0 1 0 0 2 0 2 0 0 0 0 2 0 0 0 2 0 0 0 1 0 0 2 0 0 1 0 0 0 2 0 2 0 1 0 2 0 0 0 2 0 0 2 0 2 0 0 1 0 2 0 1 0 2 0 2 0 2 0 1 0 0 0 1 0 0 2 0 0 0 2 0 1 0 0 1 0 2 0 1 0 1 0 0 0 2 0 0 2 0 1 0 0 1 0 0 0 0 0 2 0 2 0 0 2 0 0 0
109
189 7
2 0 2 0 0 0 2 0 0 2 0 1 0 2 0 2 0 1 0 0 2 0 1 0 0 0 0 0 0 1 0 2 0 2 0 0 2 0 2 0 1 0 0 0 0 0 2 0 2 0 0 0 1 0 2 0 1 0 2 0 2 0 0 0 2 0 1 0 0 0 0 0 1 0 1 0 0 1 0 0 0 0 0 1 0 0 2 0 2 0 2 0 0 1 0 2 0 2 0 1 0 0 2 0 0 1 0 0 2 0 1 0 0 2 0 1 0 2 0 2 0 0 0 1 0 2 0 0 0 1 0 1 0 1 0 1 0 1 0 2 0 2 0 0 0 2 0 1 0 0 2 0 1 0 0 2 0 1 0 2 0 0 0 0 0 2 0 2 0 1 0 1 0 2 0 0 2 0 1 0 0 0 2 0 0 0 1 0 0
57
56 14
0 2 0 0 1 0 0 0 2 0 0 0 0 2 0 0 2 0 0 0 2 0 0 0 0 1 0 0 1 0 1 0 0 1 0 0 1 0 2 0 0 0 1 0 0 0 2 0 0 1 0 0 0 0 0 0
7
135 15
0 0 1 0 1 0 1 0 0 0 1 0 1 0 1 0 0 0 2 0 0 2 0 0 2 0 0 0 2 0 1 0 0 0 0 0 2 0 2 0 2 0 0 0 0 0 0 0 0 2 0 0 0 0 1 0 1 0 2 0 0 0 0 0 2 0 2 0 0 0 1 0 2 0 1 0 0 2 0 2 0 0 1 0 2 0 1 0 0 0 2 0 0 2 0 2 0 0 0 0 0 0 0 0 2 0 2 0 0 1 0 2 0 0 0 1 0 2 0 1 0 2 0 2 0 0 0 1 0 1 0 0 0 1 0
78
110 10
0 0 2 0 0 0 2 0 0 2 0 0 1 0 2 0 0 2 0 2 0 0 0 0 2 0 0 2 0 0 2 0 0 2 0 1 0 0 2 0 1 0 0 0 1 0 0 2 0 1 0 0 0 0 0 0 2 0 1 0 0 0 0 2 0 0 2 0 1 0 0 2 0 1 0 2 0 0 0 1 0 0 1 0 0 0 0 0 0 1 0 1 0 0 1 0 0 2 0 0 2 0 2 0 0 0 2 0 0 0
53
72 4
1 0 0 0 2 0 1 0 2 0 0 0 0 0 1 0 1 0 0 0 0 1 0 2 0 0 2 0 0 0 2 0 1 0 1 0 0 0 2 0 2 0 1 0 2 0 0 2 0 2 0 1 0 0 2 0 1 0 1 0 2 0 0 1 0 1 0 1 0 1 0 0
46
144 16
0 0 0 1 0 2 0 0 0 1 0 2 0 0 1 0 0 0 0 0 2 0 1 0 0 2 0 2 0 2 0 1 0 0 0 0 2 0 1 0 1 0 1 0 0 0 2 0 1 0 2 0 0 0 2 0 2 0 2 0 1 0 0 0 0 1 0 2 0 2 0 0 0 0 0 0 2 0 2 0 0 0 0 1 0 2 0 2 0 0 0 0 1 0 2 0 0 0 0 2 0 2 0 0 0 2 0 0 0 1 0 0 2 0 1 0 0 0 1 0 1 0 0 0 2 0 2 0 2 0 0 0 2 0 0 0 2 0 2 0 2 0 0 0
132
184 1
0 1 0 0 1 0 2 0 0 2 0 2 0 2 0 0 2 0 1 0 2 0 0 1 0 2 0 0 1 0 1 0 0 0 2 0 0 2 0 2 0 2 0 0 1 0 1 0 2 0 2 0 2 0 1 0 2 0 2 0 2 0 0 1 0 0 2 0 1 0 0 1 0 2 0 2 0 2 0 2 0 0 1 0 2 0 2 0 1 0 0 0 2 0 0 1 0 0 0 2 0 0 0 0 0 0 0 0 0 0 2 0 2 0 0 2 0 0 0 0 1 0 1 0 0 1 0 2 0 2 0 1 0 1 0 2 0 2 0 2 0 2 0 1 0 2 0 0 0 2 0 2 0 0 2 0 2 0 0 2 0 2 0 2 0 2 0 0 0 2 0 2 0 0 1 0 0 0 0 2 0 2 0 0
163
108 18
0 1 0 2 0 0 0 2 0 1 0 0 0 1 0 2 0 0 1 0 0 0 2 0 0 1 0 0 0 0 1 0 1 0 0 0 0 1 0 1 0 0 0 0 0 2 0 0 2 0 2 0 0 0 1 0 1 0 2 0 0 0 1 0 0 0 1 0 1 0 0 0 1 0 0 0 1 0 0 2 0 1 0 0 0 0 1 0 0 0 0 1 0 2 0 0 0 0 0 0 1 0 0 2 0 2 0 0
21
156 13
0 0 0 1 0 0 2 0 2 0 2 0 1 0 1 0 2 0 2 0 2 0 1 0 2 0 2 0 2 0 2 0 0 2 0 0 1 0 2 0 0 0 2 0 0 2 0 0 0 2 0 2 0 2 0 2 0 0 2 0 0 0 2 0 2 0 2 0 0 0 1 0 2 0 2 0 2 0 2 0 2 0 1 0 2 0 2 0 0 0 0 2 0 2 0 0 1 0 2 0 2 0 1 0 2 0 0 0 1 0 0 0 1 0 0 2 0 0 2 0 2 0 2 0 1 0 1 0 2 0 0 0 1 0 0 0 0 2 0 2 0 0 1 0 2 0 2 0 2 0 0 2 0 1 0 0
109
192 12
1 0 1 0 2 0 2 0 1 0 2 0 1 0 0 0 0 1 0 2 0 0 0 2 0 2 0 0 1 0 0 0 2 0 2 0 0 0 2 0 0 2 0 0 0 0 1 0 0 0 1 0 2 0 2 0 0 0 1 0 1 0 2 0 0 0 0 1 0 0 0 1 0 2 0 0 0 2 0 0 2 0 2 0 0 0 2 0 2 0 0 2 0 1 0 0 0 0 1 0 0 1 0 1 0 0 1 0 0 0 2 0 2 0 0 1 0 2 0 0 0 2 0 0 2 0 0 0 1 0 2 0 2 0 1 0 1 0 0 0 2 0 2 0 1 0 0 2 0 0 0 2 0 2 0 0 2 0 1 0 1 0 2 0 2 0 1 0 0 2 0 1 0 0 0 0 0 0 2 0 1 0 2 0 0 2 0 1 0 1 0 0
76
150 6
0 0 0 1 0 1 0 2 0 2 0 2 0 0 2 0 2 0 1 0 2 0 2 0 0 1 0 0 2 0 0 0 2 0 2 0 0 0 1 0 0 0 2 0 2 0 0 0 2 0 2 0 2 0 0 0 0 1 0 1 0 0 0 1 0 2 0 2 0 0 2 0 0 0 0 0 1 0 1 0 2 0 2 0 0 0 1 0 0 1 0 2 0 0 1 0 0 0 0 0 0 0 2 0 0 2 0 1 0 1 0 2 0 2 0 1 0 1 0 1 0 1 0 0 0 0 1 0 1 0 2 0 0 2 0 0 0 1 0 0 0 0 1 0 1 0 0 2 0 0
26
150 15
1 0 1 0 1 0 2 0 0 0 1 0 0 1 0 2 0 2 0 0 1 0 2 0 0 1 0 0 0 0 2 0 0 0 0 2 0 2 0 0 2 0 2 0 0 2 0 0 2 0 0 0 2 0 1 0 2 0 0 0 2 0 0 2 0 1 0 1 0 0 2 0 1 0 0 0 1 0 1 0 1 0 0 0 2 0 2 0 0 0 2 0 0 1 0 1 0 1 0 0 0 1 0 0 2 0 1 0 1 0 2 0 2 0 0 0 0 2 0 0 2 0 0 1 0 0 0 2 0 0 0 1 0 2 0 2 0 1 0 0 1 0 0 0 1 0 1 0 2 0
100
138 6
0 0 2 0 0 0 0 0 2 0 0 0 1 0 0 0 0 0 2 0 2 0 0 0 0 1 0 2 0 1 0 2 0 2 0 1 0 0 0 2 0 2 0 1 0 0 1 0 0 0 0 0 0 2 0 0 0 0 0 0 0 1 0 0 1 0 1 0 0 1 0 0 2 0 2 0 0 0 0 2 0 0 1 0 2 0 0 1 0 1 0 0 0 0 2 0 0 1 0 2 0 2 0 0 2 0 0 1 0 0 0 2 0 0 0 2 0 0 2 0 2 0 1 0 0 0 1 0 1 0 0 2 0 2 0 0 0 0
98
180 20
1 0 0 2 0 1 0 2 0 0 2 0 0 1 0 2 0 0 1 0 2 0 2 0 0 2 0 1 0 2 0 0 2 0 2 0 1 0 1 0 2 0 0 1 0 1 0 0 0 2 0 0 2 0 0 1 0 0 0 0 1 0 0 0 0 0 2 0 0 0 1 0 0 1 0 0 0 0 0 0 0 2 0 0 0 0 2 0 0 0 0 0 2 0 2 0 2 0 0 2 0 2 0 2 0 2 0 0 0 0 1 0 0 1 0 2 0 0 2 0 0 1 0 2 0 0 1 0 0 0 1 0 1 0 0 1 0 0 0 1 0 1 0 0 0 1 0 0 2 0 2 0 0 2 0 1 0 0 2 0 1 0 2 0 0 0 2 0 1 0 0 2 0 2 0 0 2 0 0 0
123
52 13
2 0 0 0 0 2 0 0 1 0 2 0 0 0 0 0 1 0 1 0 2 0 0 0 0 2 0 0 0 0 2 0 1 0 1 0 2 0 2 0 2 0 0 0 1 0 1 0 1 0 2 0
1
90 18
2 0 2 0 0 1 0 0 1 0 0 1 0 2 0 2 0 2 0 0 2 0 0 0 0 1 0 1 0 0 0 0 2 0 0 0 0 0 1 0 0 0 0 2 0 1 0 2 0 0 1 0 0 2 0 1 0 2 0 0 0 2 0 2 0 2 0 2 0 0 0 2 0 1 0 1 0 0 2 0 2 0 1 0 0 1 0 0 2 0
21
120 20
1 0 1 0 1 0 0 0 0 0 0 0 0 2 0 2 0 0 2 0 0 1 0 0 0 1 0 0 0 0 1 0 2 0 1 0 2 0 0 0 2 0 1 0 2 0 0 0 0 0 0 2 0 0 2 0 1 0 1 0 0 0 2 0 1 0 2 0 2 0 1 0 2 0 0 0 0 0 2 0 1 0 0 0 0 1 0 2 0 0 2 0 2 0 2 0 0 0 2 0 2 0 0 0 2 0 2 0 0 0 2 0 1 0 0 2 0 1 0 0
94
60 20
0 1 0 0 0 0 0 1 0 2 0 0 2 0 0 0 0 0 1 0 0 2 0 0 0 1 0 0 1 0 0 0 0 1 0 0 0 2 0 2 0 0 1 0 0 0 2 0 2 0 0 0 1 0 2 0 0 2 0 0
19
48 16
0 2 0 2 0 0 0 2 0 1 0 0 0 2 0 0 0 0 2 0 0 2 0 0 0 0 0 1 0 0 0 2 0 0 0 0 1 0 0 0 0 0 2 0 0 0 0 0
3
153 17
2 0 2 0 1 0 0 2 0 0 0 1 0 1 0 1 0 0 0 2 0 2 0 0 2 0 0 0 2 0 0 0 2 0 2 0 2 0 2 0 1 0 0 2 0 2 0 0 2 0 2 0 2 0 0 2 0 2 0 2 0 0 0 2 0 0 2 0 2 0 2 0 1 0 0 2 0 2 0 2 0 0 0 2 0 0 2 0 0 0 2 0 0 2 0 0 2 0 0 2 0 0 1 0 1 0 0 0 1 0 0 1 0 1 0 0 0 1 0 1 0 1 0 2 0 0 2 0 0 2 0 0 0 1 0 1 0 0 2 0 2 0 2 0 1 0 1 0 1 0 0 0 0
15
190 5
0 0 0 0 0 0 0 2 0 0 0 0 0 0 1 0 0 1 0 0 1 0 0 2 0 2 0 0 0 2 0 0 1 0 0 1 0 0 0 0 1 0 0 1 0 0 0 1 0 2 0 0 1 0 1 0 2 0 0 0 2 0 0 0 0 0 0 0 2 0 0 0 0 0 0 0 0 0 0 2 0 0 2 0 1 0 2 0 0 1 0 0 0 2 0 2 0 0 2 0 0 1 0 1 0 2 0 2 0 1 0 0 1 0 0 0 0 1 0 0 2 0 0 0 1 0 0 2 0 0 2 0 2 0 0 0 0 0 1 0 0 0 1 0 1 0 0 2 0 0 2 0 1 0 0 0 0 2 0 0 0 0 2 0 2 0 0 2 0 1 0 0 0 1 0 0 2 0 1 0 2 0 2 0 1 0 2 0 1 0
188
195 5
0 2 0 2 0 1 0 2 0 0 1 0 1 0 1 0 2 0 0 0 2 0 0 1 0 0 2 0 1 0 0 0 0 2 0 2 0 2 0 1 0 1 0 1 0 2 0 1 0 2 0 2 0 2 0 0 1 0 2 0 1 0 2 0 1 0 2 0 0 0 1 0 0 2 0 0 0 0 2 0 2 0 1 0 0 0 0 0 1 0 0 2 0 0 1 0 2 0 0 0 2 0 1 0 1 0 1 0 2 0 2 0 2 0 2 0 0 2 0 0 1 0 1 0 2 0 1 0 1 0 0 1 0 2 0 2 0 2 0 1 0 1 0 0 2 0 2 0 0 2 0 2 0 2 0 0 2 0 1 0 2 0 2 0 2 0 1 0 2 0 1 0 0 1 0 0 0 2 0 0 0 1 0 2 0 1 0 0 0 0 0 0 2 0 0
188
99 9
1 0 2 0 0 1 0 2 0 1 0 0 0 2 0 0 2 0 0 2 0 0 0 1 0 1 0 0 1 0 0 2 0 2 0 0 0 1 0 1 0 0 1 0 2 0 2 0 2 0 0 0 2 0 0 1 0 0 0 1 0 0 2 0 1 0 2 0 1 0 1 0 1 0 2 0 0 0 2 0 2 0 1 0 0 2 0 0 2 0 1 0 1 0 1 0 2 0 0
83
85 17
1 0 2 0 0 2 0 0 0 0 0 1 0 2 0 1 0 0 0 0 0 2 0 0 0 2 0 0 0 0 2 0 2 0 0 2 0 0 2 0 2 0 1 0 0 1 0 0 0 0 2 0 0 1 0 2 0 0 1 0 1 0 0 0 0 2 0 0 1 0 2 0 0 0 0 0 1 0 1 0 1 0 0 0 0
31
134 2
1 0 1 0 2 0 0 0 0 1 0 0 2 0 1 0 0 2 0 1 0 0 2 0 0 1 0 0 0 2 0 2 0 0 1 0 2 0 2 0 2 0 2 0 2 0 0 0 1 0 2 0 1 0 1 0 0 2 0 2 0 0 1 0 1 0 0 0 2 0 0 0 2 0 0 0 0 0 0 0 1 0 1 0 0 0 0 2 0 2 0 0 1 0 1 0 0 0 0 1 0 0 0 0 0 0 2 0 1 0 2 0 2 0 0 2 0 2 0 2 0 1 0 0 0 2 0 0 2 0 0 0 0 0
31
120 6
0 0 0 0 0 0 2 0 0 2 0 0 0 0 0 2 0 2 0 0 2 0 0 2 0 0 0 1 0 1 0 0 2 0 0 0 2 0 1 0 0 0 2 0 2 0 1 0 2 0 1 0 2 0 2 0 2 0 2 0 2 0 2 0 0 1 0 2 0 0 2 0 0 2 0 1 0 2 0 0 0 2 0 1 0 2 0 2 0 0 1 0 1 0 0 0 0 2 0 0 2 0 0 2 0 2 0 0 2 0 1 0 2 0 2 0 1 0 0 0
3
133 7
1 0 0 0 1 0 0 0 0 0 1 0 2 0 0 0 2 0 0 0 2 0 1 0 0 2 0 2 0 0 2 0 1 0 2 0 2 0 2 0 0 0 0 1 0 0 2 0 1 0 2 0 2 0 0 0 0 2 0 1 0 0 0 2 0 2 0 2 0 0 0 0 0 2 0 0 0 0 2 0 0 1 0 2 0 2 0 1 0 0 1 0 0 0 0 0 0 2 0 0 1 0 0 0 1 0 2 0 2 0 0 0 2 0 0 1 0 1 0 1 0 0 2 0 1 0 2 0 1 0 1 0 0
113
114 3
2 0 0 1 0 2 0 2 0 0 0 0 2 0 0 0 1 0 2 0 0 1 0 0 2 0 0 1 0 1 0 1 0 0 0 2 0 0 1 0 1 0 2 0 1 0 1 0 2 0 1 0 0 1 0 2 0 0 0 0 1 0 2 0 0 2 0 2 0 2 0 2 0 2 0 0 0 0 2 0 0 0 2 0 2 0 0 1 0 0 0 0 2 0 2 0 2 0 0 2 0 2 0 1 0 2 0 1 0 2 0 2 0 0
34
48 8
2 0 1 0 0 0 0 1 0 0 0 0 1 0 1 0 1 0 1 0 0 1 0 0 2 0 2 0 1 0 1 0 2 0 1 0 0 0 0 0 0 0 2 0 2 0 0 0
3
72 12
2 0 2 0 2 0 2 0 0 2 0 0 2 0 2 0 0 0 0 0 1 0 0 0 2 0 0 1 0 0 2 0 0 0 2 0 0 2 0 0 1 0 0 0 1 0 2 0 0 0 0 0 0 0 2 0 1 0 2 0 0 0 2 0 1 0 2 0 1 0 2 0
11
140 7
2 0 0 0 0 2 0 0 2 0 0 1 0 1 0 0 0 2 0 0 0 2 0 0 0 2 0 2 0 1 0 1 0 1 0 0 2 0 1 0 1 0 1 0 1 0 1 0 0 0 2 0 0 0 2 0 2 0 2 0 0 0 2 0 0 0 0 2 0 0 0 2 0 0 2 0 1 0 0 0 0 0 1 0 2 0 2 0 1 0 0 2 0 0 0 0 2 0 1 0 2 0 0 0 1 0 2 0 0 0 2 0 2 0 0 2 0 2 0 0 0 2 0 0 0 2 0 0 0 1 0 0 2 0 1 0 0 0 0 0
34
65 13
2 0 0 2 0 0 1 0 0 0 0 2 0 0 0 0 0 0 2 0 1 0 1 0 0 1 0 0 0 0 0 2 0 0 0 0 1 0 2 0 0 0 2 0 0 1 0 0 2 0 0 1 0 1 0 0 2 0 2 0 0 2 0 2 0
24
120 8
0 2 0 0 0 0 0 2 0 0 0 1 0 0 0 0 2 0 0 0 2 0 0 2 0 0 2 0 0 0 1 0 2 0 0 0 2 0 0 2 0 0 0 0 0 0 2 0 1 0 0 0 0 2 0 0 1 0 0 0 1 0 2 0 1 0 0 0 1 0 0 0 0 0 0 0 0 2 0 2 0 2 0 0 0 2 0 0 1 0 2 0 0 2 0 2 0 2 0 1 0 0 2 0 0 2 0 0 2 0 0 0 2 0 1 0 2 0 0 0
78
48 12
0 1 0 0 2 0 0 0 2 0 1 0 0 0 0 0 1 0 0 0 2 0 1 0 0 0 0 0 1 0 0 0 2 0 2 0 2 0 2 0 2 0 1 0 0 2 0 0
1
54 6
1 0 1 0 2 0 2 0 0 0 2 0 2 0 0 1 0 0 1 0 0 1 0 2 0 0 0 0 0 2 0 0 0 0 1 0 2 0 0 2 0 0 1 0 0 2 0 1 0 1 0 2 0 0
9
57 19
2 0 0 0 0 0 1 0 0 2 0 0 0 0 0 0 2 0 0 1 0 1 0 0 2 0 0 0 2 0 2 0 0 0 0 0 1 0 0 2 0 0 2 0 0 0 0 0 0 1 0 2 0 0 0 0 0
22
70 14
0 0 0 0 0 0 0 0 2 0 0 2 0 2 0 0 1 0 0 0 2 0 0 1 0 0 1 0 2 0 1 0 2 0 0 1 0 1 0 0 1 0 2 0 0 2 0 0 0 0 2 0 2 0 0 1 0 0 1 0 0 0 0 0 0 0 0 0 0 0
35
56 7
2 0 0 0 0 0 0 0 1 0 0 2 0 1 0 0 0 1 0 0 2 0 2 0 2 0 0 2 0 0 2 0 0 2 0 0 0 0 2 0 2 0 0 0 2 0 2 0 0 2 0 2 0 0 0 0
31
108 12
0 1 0 0 0 0 0 1 0 1 0 0 2 0 1 0 2 0 0 2 0 0 2 0 1 0 0 0 0 1 0 2 0 0 1 0 0 2 0 1 0 2 0 2 0 1 0 0 0 0 0 1 0 0 0 0 2 0 2 0 0 0 0 1 0 0 2 0 1 0 2 0 1 0 0 1 0 1 0 0 0 0 0 0 2 0 2 0 2 0 0 0 1 0 0 0 1 0 0 2 0 2 0 1 0 1 0 0
56
154 7
0 0 2 0 1 0 2 0 0 0 0 2 0 0 2 0 0 2 0 2 0 0 2 0 1 0 2 0 1 0 0 2 0 2 0 2 0 2 0 0 0 0 0 0 1 0 1 0 0 2 0 1 0 0 1 0 0 1 0 2 0 2 0 0 2 0 2 0 0 1 0 0 1 0 2 0 1 0 2 0 0 0 2 0 0 1 0 0 0 0 0 1 0 2 0 0 1 0 2 0 2 0 2 0 1 0 0 1 0 0 2 0 0 2 0 2 0 2 0 0 2 0 2 0 0 2 0 2 0 1 0 0 2 0 0 0 2 0 0 0 1 0 0 2 0 0 2 0 1 0 0 2 0 0
31
60 20
0 0 0 0 2 0 0 0 0 0 0 0 0 1 0 1 0 0 1 0 0 1 0 0 1 0 0 1 0 0 0 2 0 0 1 0 1 0 0 0 0 0 0 2 0 0 0 0 1 0 0 0 2 0 1 0 0 1 0 0
17
105 7
0 0 0 1 0 2 0 0 2 0 0 2 0 0 0 0 2 0 1 0 0 0 1 0 1 0 0 2 0 0 0 2 0 0 2 0 2 0 1 0 2 0 2 0 0 0 1 0 0 2 0 2 0 0 0 0 0 0 2 0 1 0 0 0 1 0 0 2 0 2 0 0 1 0 0 0 1 0 1 0 1 0 0 2 0 2 0 1 0 0 0 0 0 0 0 2 0 0 0 2 0 1 0 0 0
82
168 12
2 0 0 0 2 0 2 0 2 0 1 0 0 0 0 2 0 1 0 2 0 1 0 1 0 0 1 0 0 0 0 0 2 0 0 0 1 0 2 0 2 0 2 0 0 2 0 0 2 0 2 0 0 2 0 0 0 1 0 2 0 2 0 2 0 1 0 0 0 0 2 0 2 0 1 0 1 0 1 0 1 0 0 0 0 0 0 1 0 1 0 2 0 0 0 1 0 0 2 0 2 0 1 0 0 0 0 0 2 0 0 0 2 0 2 0 2 0 0 0 1 0 2 0 0 0 0 2 0 0 2 0 0 0 1 0 1 0 0 0 1 0 0 2 0 1 0 0 0 2 0 2 0 0 0 0 1 0 2 0 0 2 0 0 0 0 2 0
110
84 12
0 0 2 0 2 0 0 0 0 2 0 0 0 0 1 0 1 0 2 0 0 0 1 0 0 2 0 0 0 1 0 1 0 2 0 1 0 0 2 0 0 0 0 0 0 0 2 0 0 2 0 2 0 0 1 0 1 0 2 0 0 2 0 2 0 0 0 1 0 0 2 0 2 0 2 0 0 0 0 0 2 0 0 0
77
104 13
0 2 0 0 2 0 0 0 2 0 2 0 0 1 0 0 2 0 2 0 2 0 0 0 0 0 0 0 0 2 0 0 1 0 0 0 2 0 2 0 1 0 0 0 0 2 0 0 0 0 2 0 0 2 0 0 1 0 0 0 2 0 2 0 0 2 0 0 0 0 1 0 0 0 2 0 0 0 0 0 2 0 2 0 1 0 2 0 1 0 0 0 0 0 0 0 1 0 0 2 0 0 0 0
61
54 18
0 0 0 1 0 0 0 0 0 0 0 0 2 0 0 2 0 0 1 0 0 2 0 0 0 1 0 2 0 0 0 2 0 2 0 0 0 0 0 0 2 0 2 0 0 2 0 0 0 0 0 2 0 0
29
114 19
1 0 0 2 0 0 2 0 0 2 0 0 0 0 0 0 2 0 2 0 0 2 0 0 0 0 0 2 0 0 1 0 0 0 0 0 2 0 0 0 0 0 0 1 0 0 0 0 2 0 2 0 2 0 1 0 2 0 1 0 1 0 0 0 2 0 0 0 2 0 1 0 0 2 0 1 0 0 2 0 2 0 1 0 1 0 0 0 1 0 0 1 0 1 0 0 0 0 0 2 0 0 2 0 0 2 0 0 2 0 2 0 0 0
75
180 6
1 0 0 0 2 0 1 0 0 2 0 2 0 0 2 0 2 0 2 0 1 0 2 0 1 0 2 0 1 0 2 0 0 0 2 0 2 0 0 0 1 0 0 0 0 0 2 0 1 0 1 0 2 0 2 0 2 0 2 0 0 2 0 2 0 0 2 0 0 2 0 2 0 1 0 1 0 0 0 0 2 0 1 0 2 0 0 0 2 0 0 0 0 0 1 0 2 0 2 0 2 0 2 0 0 1 0 2 0 0 2 0 2 0 1 0 0 0 0 0 0 2 0 0 2 0 2 0 2 0 0 0 0 1 0 2 0 0 0 0 2 0 0 0 2 0 1 0 0 0 0 0 2 0 1 0 0 0 1 0 2 0 2 0 2 0 0 2 0 2 0 2 0 1 0 0 2 0 0 0
82
130 13
1 0 2 0 0 1 0 0 0 0 0 0 2 0 0 2 0 2 0 0 0 0 0 1 0 2 0 0 0 0 1 0 0 0 2 0 2 0 1 0 0 0 0 1 0 2 0 2 0 0 1 0 2 0 1 0 0 2 0 0 2 0 2 0 0 2 0 1 0 0 2 0 0 1 0 0 1 0 2 0 2 0 0 2 0 2 0 0 2 0 0 2 0 2 0 0 0 1 0 0 0 2 0 0 2 0 0 0 0 0 1 0 2 0 0 0 2 0 0 0 0 0 2 0 0 0 2 0 2 0
84
136 17
2 0 2 0 0 2 0 0 0 0 2 0 2 0 0 0 2 0 1 0 1 0 2 0 1 0 0 2 0 0 0 0 0 0 1 0 0 2 0 0 2 0 1 0 0 0 0 0 2 0 1 0 2 0 2 0 1 0 1 0 1 0 0 0 1 0 1 0 1 0 0 0 0 0 2 0 0 2 0 0 2 0 0 2 0 1 0 0 0 2 0 1 0 2 0 0 0 2 0 0 0 0 2 0 0 1 0 2 0 1 0 0 1 0 2 0 2 0 0 0 2 0 2 0 0 1 0 0 1 0 2 0 2 0 0 0
87
100 20
1 0 1 0 0 0 2 0 1 0 2 0 1 0 0 0 1 0 2 0 0 2 0 0 0 2 0 2 0 0 2 0 0 0 0 0 2 0 0 0 2 0 2 0 0 0 2 0 2 0 0 1 0 2 0 1 0 2 0 0 2 0 0 0 0 2 0 1 0 0 2 0 0 0 0 0 0 2 0 0 1 0 2 0 0 0 1 0 0 0 2 0 2 0 0 2 0 2 0 0
94
150 15
0 2 0 1 0 0 1 0 1 0 1 0 0 0 2 0 1 0 0 0 2 0 2 0 0 2 0 2 0 0 0 2 0 0 1 0 0 1 0 0 1 0 0 0 0 0 0 1 0 0 0 1 0 2 0 1 0 1 0 0 0 1 0 0 2 0 0 0 0 0 1 0 1 0 0 0 0 0 1 0 0 2 0 0 0 0 1 0 1 0 0 2 0 2 0 2 0 0 2 0 0 0 0 0 2 0 0 2 0 0 2 0 2 0 0 2 0 0 1 0 0 1 0 2 0 2 0 1 0 0 2 0 0 0 2 0 2 0 0 0 0 1 0 0 2 0 0 0 0 0
89
68 4
2 0 0 2 0 1 0 2 0 0 0 2 0 0 2 0 0 1 0 1 0 2 0 2 0 0 2 0 2 0 2 0 0 0 0 0 2 0 2 0 1 0 0 0 0 0 0 1 0 2 0 2 0 0 0 2 0 0 2 0 2 0 1 0 0 1 0 0
14
80 20
1 0 1 0 1 0 0 0 2 0 1 0 1 0 2 0 0 0 2 0 2 0 0 0 0 2 0 0 2 0 0 0 2 0 1 0 0 0 2 0 0 1 0 0 0 0 0 0 2 0 0 0 2 0 0 0 0 2 0 0 2 0 2 0 2 0 2 0 2 0 1 0 2 0 1 0 2 0 2 0
58
126 18
2 0 0 0 0 2 0 2 0 1 0 2 0 0 2 0 1 0 2 0 0 2 0 0 1 0 0 0 0 0 2 0 0 1 0 0 2 0 0 1 0 0 0 1 0 0 0 0 0 0 2 0 0 0 2 0 2 0 0 0 2 0 0 0 2 0 1 0 0 0 2 0 0 0 0 0 0 2 0 2 0 2 0 0 2 0 2 0 0 1 0 0 0 1 0 0 1 0 1 0 2 0 0 2 0 0 0 2 0 0 1 0 0 0 1 0 0 0 0 2 0 2 0 1 0 0
122
133 7
0 0 1 0 2 0 0 1 0 2 0 1 0 0 0 0 1 0 0 0 2 0 0 2 0 0 2 0 0 1 0 0 2 0 2 0 0 0 1 0 1 0 0 0 1 0 2 0 2 0 2 0 1 0 1 0 0 2 0 0 0 0 0 0 0 2 0 1 0 0 0 0 1 0 0 0 2 0 2 0 1 0 2 0 1 0 2 0 2 0 2 0 2 0 0 0 2 0 1 0 2 0 0 0 1 0 2 0 0 1 0 1 0 0 0 2 0 2 0 2 0 0 2 0 0 0 1 0 0 0 2 0 0
55
126 14
2 0 0 1 0 0 0 2 0 0 0 0 2 0 1 0 1 0 0 1 0 1 0 0 0 1 0 1 0 2 0 1 0 2 0 0 0 0 0 1 0 1 0 2 0 2 0 2 0 1 0 0 0 0 2 0 0 1 0 0 0 2 0 2 0 1 0 2 0 2 0 0 0 2 0 1 0 0 0 2 0 0 1 0 2 0 0 0 0 0 1 0 0 1 0 1 0 0 0 1 0 0 2 0 0 2 0 0 2 0 2 0 0 0 1 0 0 0 2 0 1 0 2 0 2 0
101
187 11
2 0 0 2 0 1 0 2 0 0 2 0 0 2 0 0 0 1 0 0 0 0 0 0 2 0 2 0 0 1 0 0 1 0 0 2 0 0 0 0 0 2 0 1 0 2 0 2 0 0 0 0 1 0 0 0 0 2 0 1 0 1 0 0 0 0 0 0 2 0 0 2 0 2 0 2 0 1 0 0 1 0 1 0 0 2 0 1 0 0 1 0 2 0 0 0 0 0 2 0 2 0 1 0 0 2 0 2 0 2 0 2 0 2 0 2 0 0 0 2 0 1 0 1 0 1 0 0 1 0 1 0 0 0 2 0 2 0 2 0 0 0 0 2 0 2 0 0 0 1 0 2 0 1 0 2 0 2 0 0 2 0 0 0 1 0 1 0 0 0 2 0 0 2 0 1 0 0 0 0 0 2 0 1 0 2 0
146
182 13
1 0 2 0 2 0 2 0 1 0 0 2 0 0 2 0 1 0 0 1 0 2 0 2 0 2 0 0 2 0 2 0 1 0 1 0 0 1 0 0 0 0 1 0 2 0 0 0 1 0 2 0 1 0 0 0 2 0 0 1 0 0 0 0 0 0 0 2 0 0 0 2 0 2 0 0 0 1 0 0 2 0 1 0 0 0 0 2 0 2 0 0 2 0 0 0 2 0 0 2 0 0 0 0 2 0 0 0 0 0 2 0 2 0 0 0 0 0 2 0 0 0 0 0 2 0 0 1 0 1 0 2 0 1 0 0 2 0 0 0 2 0 1 0 2 0 2 0 2 0 2 0 0 0 2 0 0 0 0 2 0 1 0 0 2 0 2 0 0 1 0 2 0 1 0 0 0 2 0 1 0 0
113
190 10
0 2 0 0 0 1 0 0 1 0 2 0 0 0 2 0 0 0 0 1 0 0 0 2 0 1 0 0 2 0 1 0 0 1 0 1 0 0 0 2 0 0 2 0 0 0 0 0 0 0 1 0 2 0 1 0 0 0 0 2 0 1 0 0 0 0 2 0 2 0 0 0 1 0 2 0 0 0 1 0 2 0 0 2 0 0 0 1 0 1 0 2 0 2 0 0 2 0 2 0 0 2 0 0 1 0 2 0 0 1 0 1 0 0 0 1 0 0 1 0 0 1 0 2 0 0 1 0 2 0 0 2 0 2 0 0 1 0 2 0 2 0 0 1 0 1 0 1 0 2 0 0 1 0 2 0 1 0 2 0 0 1 0 1 0 1 0 0 2 0 0 2 0 0 2 0 2 0 2 0 0 0 2 0 0 2 0 2 0 0
135
180 9
1 0 1 0 2 0 1 0 2 0 0 0 0 0 0 1 0 0 2 0 0 2 0 0 0 0 2 0 0 0 2 0 0 0 0 2 0 2 0 0 0 0 2 0 2 0 0 2 0 0 2 0 2 0 0 1 0 1 0 0 1 0 2 0 0 2 0 0 0 0 1 0 1 0 2 0 0 2 0 0 0 2 0 2 0 0 0 0 0 2 0 0 0 2 0 0 0 0 0 0 2 0 0 1 0 0 0 0 0 0 1 0 0 0 2 0 2 0 0 0 1 0 0 1 0 1 0 0 2 0 0 2 0 2 0 0 0 2 0 0 0 0 0 1 0 0 0 2 0 2 0 1 0 0 0 0 0 0 1 0 0 1 0 0 1 0 2 0 0 0 2 0 0 2 0 2 0 0 1 0
124
125 5
0 1 0 0 2 0 1 0 2 0 2 0 1 0 0 1 0 1 0 2 0 0 0 2 0 2 0 2 0 2 0 2 0 2 0 0 2 0 2 0 0 1 0 0 2 0 2 0 2 0 2 0 0 1 0 2 0 0 0 0 0 2 0 1 0 1 0 0 1 0 0 1 0 1 0 0 1 0 0 0 2 0 0 2 0 2 0 0 1 0 1 0 1 0 0 2 0 2 0 0 2 0 0 2 0 1 0 0 0 0 2 0 2 0 2 0 0 1 0 0 0 2 0 0 0
78
140 20
0 0 1 0 2 0 0 0 0 2 0 1 0 0 0 2 0 0 1 0 0 2 0 2 0 0 1 0 0 0 0 2 0 1 0 1 0 1 0 0 1 0 2 0 1 0 1 0 0 0 2 0 0 2 0 0 0 0 0 1 0 0 0 2 0 1 0 2 0 0 1 0 2 0 1 0 0 1 0 2 0 2 0 0 0 1 0 0 1 0 0 2 0 1 0 2 0 0 0 0 1 0 2 0 0 1 0 1 0 1 0 0 2 0 0 0 0 2 0 0 0 2 0 0 2 0 1 0 1 0 0 0 0 0 0 0 1 0 2 0
49
186 3
0 2 0 0 1 0 1 0 2 0 1 0 1 0 0 1 0 0 0 1 0 1 0 1 0 1 0 1 0 0 1 0 1 0 0 2 0 0 2 0 1 0 2 0 2 0 2 0 0 0 0 2 0 1 0 0 1 0 0 2 0 0 0 0 0 1 0 2 0 0 2 0 2 0 1 0 1 0 2 0 0 2 0 0 2 0 0 1 0 0 2 0 1 0 2 0 2 0 1 0 2 0 0 0 2 0 2 0 1 0 1 0 0 0 1 0 2 0 0 2 0 2 0 0 0 0 2 0 0 1 0 0 0 0 1 0 0 1 0 2 0 2 0 2 0 2 0 0 0 2 0 0 1 0 0 2 0 2 0 1 0 0 2 0 0 1 0 1 0 0 0 2 0 2 0 0 1 0 2 0 1 0 0 0 0 0
2
160 20
0 2 0 0 2 0 0 0 1 0 0 2 0 2 0 0 2 0 0 0 1 0 0 0 2 0 0 1 0 0 2 0 2 0 1 0 2 0 0 0 0 1 0 2 0 0 2 0 0 0 1 0 1 0 2 0 0 0 0 2 0 2 0 0 0 0 1 0 2 0 2 0 0 2 0 1 0 0 1 0 0 1 0 2 0 2 0 0 2 0 0 0 1 0 0 0 2 0 1 0 0 0 2 0 2 0 0 0 0 0 2 0 2 0 1 0 2 0 2 0 0 2 0 2 0 1 0 0 1 0 1 0 0 2 0 0 2 0 0 0 0 2 0 0 1 0 2 0 0 0 2 0 2 0 2 0 2 0 0 0
36
143 13
0 1 0 1 0 0 0 0 0 1 0 2 0 0 1 0 0 0 0 2 0 0 2 0 1 0 0 2 0 2 0 2 0 0 2 0 0 1 0 1 0 0 2 0 0 2 0 0 0 0 2 0 0 2 0 0 1 0 0 2 0 1 0 2 0 0 0 2 0 1 0 0 1 0 0 1 0 0 2 0 0 0 0 1 0 2 0 0 2 0 2 0 2 0 2 0 1 0 0 0 0 0 1 0 0 2 0 0 2 0 0 0 2 0 1 0 0 0 2 0 0 0 0 0 2 0 0 1 0 1 0 0 0 0 1 0 1 0 2 0 2 0 0
25
62 2
2 0 1 0 0 0 2 0 0 2 0 0 2 0 0 0 2 0 1 0 0 0 2 0 1 0 2 0 0 2 0 2 0 2 0 0 0 0 0 2 0 1 0 2 0 0 1 0 2 0 2 0 0 0 2 0 0 0 0 0 1 0
47
190 2
0 0 2 0 0 2 0 1 0 2 0 2 0 0 2 0 2 0 2 0 2 0 2 0 0 0 0 1 0 2 0 0 1 0 2 0 0 2 0 2 0 0 2 0 1 0 0 2 0 2 0 0 0 0 2 0 1 0 0 2 0 1 0 1 0 0 0 0 1 0 1 0 0 2 0 0 2 0 2 0 1 0 1 0 1 0 0 0 0 0 1 0 2 0 0 1 0 0 1 0 0 1 0 0 1 0 0 1 0 0 2 0 2 0 2 0 0 2 0 0 2 0 0 0 2 0 0 2 0 2 0 0 1 0 1 0 2 0 1 0 0 2 0 0 2 0 2 0 2 0 2 0 1 0 2 0 0 0 2 0 1 0 0 0 2 0 1 0 1 0 2 0 1 0 1 0 1 0 0 0 1 0 1 0 2 0 0 1 0 0
154
54 18
0 1 0 2 0 0 0 2 0 1 0 0 0 0 0 2 0 0 0 0 0 1 0 0 0 2 0 2 0 0 2 0 0 0 1 0 2 0 0 1 0 0 0 1 0 1 0 0 2 0 0 1 0 0
30
187 17
2 0 2 0 1 0 0 2 0 0 0 0 0 0 0 2 0 2 0 0 0 0 0 2 0 2 0 0 0 1 0 2 0 1 0 2 0 2 0 2 0 0 2 0 0 1 0 0 2 0 1 0 0 2 0 2 0 0 2 0 1 0 0 0 0 0 1 0 1 0 2 0 2 0 2 0 0 1 0 0 0 0 0 0 1 0 2 0 2 0 0 0 1 0 2 0 2 0 0 2 0 0 2 0 2 0 2 0 2 0 2 0 0 2 0 2 0 2 0 0 0 0 1 0 2 0 0 1 0 0 0 0 0 2 0 1 0 2 0 2 0 0 0 1 0 0 2 0 0 0 0 0 2 0 2 0 2 0 2 0 1 0 1 0 0 0 0 0 0 1 0 0 0 0 1 0 2 0 0 2 0 0 1 0 1 0 0
168
120 6
1 0 2 0 2 0 0 2 0 2 0 0 0 0 1 0 2 0 0 0 2 0 1 0 2 0 1 0 2 0 2 0 2 0 2 0 1 0 1 0 1 0 0 1 0 2 0 0 2 0 2 0 1 0 1 0 0 2 0 0 1 0 2 0 1 0 0 0 1 0 0 0 0 0 0 0 0 2 0 0 1 0 1 0 2 0 0 2 0 1 0 0 2 0 2 0 0 0 0 0 0 1 0 2 0 0 0 2 0 1 0 1 0 0 2 0 2 0 2 0
79
160 10
1 0 0 0 1 0 2 0 2 0 2 0 2 0 2 0 2 0 0 2 0 2 0 1 0 2 0 0 2 0 2 0 0 2 0 2 0 1 0 1 0 1 0 0 1 0 1 0 2 0 0 0 1 0 2 0 0 2 0 2 0 2 0 0 0 0 0 2 0 2 0 0 0 2 0 1 0 2 0 0 1 0 2 0 0 2 0 0 0 0 2 0 1 0 0 0 1 0 2 0 0 0 2 0 0 0 0 2 0 0 2 0 1 0 2 0 1 0 1 0 0 2 0 0 0 1 0 0 0 1 0 0 0 0 0 0 1 0 1 0 0 0 1 0 2 0 2 0 2 0 1 0 2 0 2 0 2 0 0 0
78
84 14
0 2 0 0 1 0 1 0 0 0 2 0 0 0 2 0 0 0 0 2 0 1 0 0 2 0 1 0 1 0 2 0 0 0 0 0 0 1 0 0 0 0 2 0 0 0 0 0 0 0 0 2 0 0 2 0 2 0 1 0 0 2 0 0 1 0 0 1 0 1 0 0 2 0 0 0 0 0 0 0 2 0 1 0
38
95 19
0 0 2 0 0 0 1 0 2 0 0 1 0 0 0 2 0 0 1 0 0 2 0 0 0 2 0 2 0 0 0 0 1 0 0 0 2 0 2 0 0 1 0 0 0 1 0 0 1 0 0 1 0 0 0 1 0 2 0 0 0 0 1 0 0 0 0 1 0 0 1 0 1 0 0 2 0 0 0 0 1 0 2 0 0 0 1 0 1 0 0 0 0 0 0
77
180 6
2 0 1 0 0 2 0 1 0 1 0 2 0 0 0 0 2 0 0 2 0 0 1 0 2 0 2 0 2 0 0 2 0 2 0 0 2 0 0 0 2 0 2 0 0 0 2 0 0 1 0 2 0 2 0 2 0 0 0 0 0 0 0 1 0 2 0 1 0 0 2 0 1 0 1 0 0 0 1 0 2 0 0 1 0 1 0 1 0 0 1 0 0 2 0 2 0 1 0 1 0 2 0 0 1 0 0 0 0 2 0 2 0 1 0 0 2 0 2 0 1 0 0 2 0 0 0 1 0 0 2 0 2 0 1 0 0 0 1 0 0 0 0 2 0 0 0 1 0 0 0 2 0 2 0 2 0 0 2 0 0 2 0 2 0 0 0 2 0 2 0 0 2 0 2 0 1 0 0 0
149
153 17
0 0 2 0 1 0 1 0 0 0 1 0 0 1 0 1 0 0 1 0 0 0 2 0 1 0 0 0 1 0 0 1 0 2 0 0 1 0 2 0 1 0 1 0 0 0 2 0 2 0 0 1 0 0 2 0 2 0 2 0 1 0 0 2 0 1 0 0 2 0 0 0 2 0 0 2 0 1 0 0 0 2 0 1 0 0 2 0 0 0 0 2 0 2 0 0 0 2 0 1 0 0 0 0 2 0 0 0 1 0 0 2 0 0 0 2 0 2 0 1 0 1 0 1 0 0 2 0 0 2 0 2 0 1 0 0 2 0 1 0 2 0 0 0 1 0 0 0 0 0 2 0 0
19
187 11
0 0 2 0 2 0 2 0 2 0 2 0 0 1 0 0 0 0 1 0 0 0 2 0 0 0 0 0 2 0 1 0 2 0 2 0 1 0 2 0 0 2 0 2 0 2 0 0 2 0 0 0 0 0 0 0 0 1 0 2 0 1 0 2 0 1 0 0 0 1 0 1 0 0 1 0 2 0 1 0 2 0 2 0 0 1 0 1 0 0 2 0 0 0 2 0 0 1 0 2 0 0 2 0 2 0 0 2 0 0 0 0 2 0 2 0 2 0 0 0 1 0 2 0 0 1 0 2 0 0 1 0 2 0 2 0 0 0 0 2 0 0 0 0 1 0 2 0 0 0 2 0 0 0 1 0 1 0 2 0 1 0 1 0 0 1 0 2 0 0 0 0 2 0 0 2 0 0 0 0 1 0 0 0 2 0 0
25
68 2
0 0 0 2 0 2 0 0 2 0 1 0 0 2 0 2 0 2 0 0 1 0 1 0 1 0 1 0 0 0 0 0 0 0 2 0 2 0 2 0 0 1 0 0 1 0 0 1 0 2 0 0 1 0 0 0 2 0 2 0 0 1 0 0 0 2 0 0
14
105 15
2 0 2 0 2 0 0 2 0 0 0 0 0 0 2 0 2 0 2 0 0 2 0 1 0 2 0 0 0 0 0 0 2 0 0 1 0 2 0 0 0 0 0 2 0 0 2 0 0 2 0 1 0 0 2 0 0 2 0 0 0 0 0 0 0 2 0 2 0 0 2 0 2 0 0 0 0 2 0 1 0 1 0 0 0 0 0 0 1 0 0 1 0 0 2 0 2 0 0 1 0 0 0 0 0
62
187 17
0 0 1 0 1 0 2 0 0 2 0 2 0 0 2 0 0 0 2 0 0 0 2 0 2 0 1 0 0 1 0 0 0 2 0 1 0 2 0 2 0 2 0 0 1 0 1 0 0 1 0 1 0 2 0 2 0 1 0 2 0 2 0 0 1 0 2 0 0 2 0 0 1 0 0 1 0 2 0 0 1 0 0 0 2 0 0 0 2 0 1 0 1 0 0 0 2 0 0 2 0 0 1 0 2 0 0 0 2 0 1 0 0 2 0 2 0 1 0 0 0 2 0 1 0 0 0 0 0 1 0 0 0 2 0 1 0 2 0 1 0 2 0 1 0 2 0 0 0 0 1 0 1 0 2 0 1 0 0 2 0 2 0 1 0 0 0 0 1 0 2 0 1 0 0 0 2 0 2 0 1 0 2 0 0 0 0
145
96 16
2 0 0 2 0 0 2 0 2 0 0 0 0 2 0 2 0 0 0 2 0 1 0 0 2 0 0 1 0 0 1 0 2 0 2 0 0 0 1 0 2 0 1 0 1 0 0 0 0 1 0 0 2 0 0 0 0 1 0 0 2 0 0 1 0 0 2 0 2 0 2 0 0 1 0 2 0 0 1 0 0 0 0 0 0 0 0 2 0 0 1 0 1 0 0 0
1
68 17
1 0 2 0 0 1 0 0 2 0 0 0 0 2 0 0 2 0 0 0 0 2 0 0 2 0 1 0 2 0 0 0 1 0 0 0 1 0 0 0 2 0 1 0 2 0 0 0 2 0 2 0 2 0 1 0 0 0 1 0 1 0 0 0 0 0 2 0
27
182 14
0 2 0 2 0 2 0 1 0 0 0 0 0 1 0 0 0 0 0 0 0 1 0 0 0 0 2 0 0 0 2 0 2 0 1 0 2 0 0 1 0 2 0 2 0 2 0 1 0 2 0 0 0 0 1 0 1 0 1 0 0 1 0 1 0 0 1 0 2 0 2 0 0 2 0 1 0 0 0 0 2 0 0 0 0 0 0 0 0 2 0 0 0 0 2 0 0 1 0 0 2 0 0 0 0 1 0 0 1 0 1 0 0 2 0 0 0 0 1 0 1 0 2 0 0 2 0 2 0 0 0 0 0 2 0 1 0 0 0 1 0 1 0 0 1 0 0 0 2 0 2 0 0 0 0 0 1 0 0 0 2 0 2 0 0 2 0 0 0 0 1 0 1 0 0 2 0 2 0 1 0 0
95
114 6
0 1 0 1 0 1 0 2 0 0 1 0 2 0 0 1 0 1 0 0 2 0 0 1 0 2 0 0 2 0 2 0 2 0 1 0 1 0 2 0 1 0 2 0 2 0 1 0 2 0 2 0 0 0 0 0 0 2 0 0 0 2 0 0 0 0 0 1 0 2 0 1 0 2 0 0 1 0 0 2 0 2 0 0 0 0 1 0 0 2 0 2 0 2 0 2 0 1 0 0 2 0 1 0 0 0 0 2 0 2 0 0 0 0
75
160 2
0 0 2 0 1 0 2 0 0 0 0 2 0 0 2 0 1 0 0 1 0 2 0 0 1 0 1 0 0 0 2 0 2 0 0 0 0 0 0 2 0 2 0 2 0 1 0 1 0 2 0 2 0 2 0 1 0 0 0 0 1 0 0 0 2 0 1 0 0 2 0 0 2 0 0 2 0 0 0 0 0 0 0 1 0 0 0 0 0 2 0 1 0 0 2 0 0 0 2 0 1 0 0 2 0 1 0 1 0 1 0 1 0 0 2 0 1 0 0 0 0 1 0 0 0 0 1 0 2 0 0 1 0 1 0 2 0 0 0 2 0 0 1 0 0 1 0 0 0 1 0 1 0 1 0 1 0 0 2 0
61
72 18
1 0 1 0 1 0 2 0 0 0 2 0 0 0 0 0 0 2 0 0 2 0 2 0 0 1 0 0 2 0 0 0 1 0 1 0 0 0 0 0 1 0 0 0 2 0 0 0 1 0 0 0 2 0 2 0 2 0 2 0 0 0 1 0 0 1 0 0 0 1 0 0
35
133 19
1 0 2 0 0 0 0 0 0 0 2 0 0 0 0 2 0 2 0 2 0 2 0 1 0 0 0 0 0 1 0 0 2 0 0 1 0 2 0 2 0 0 2 0 0 1 0 2 0 2 0 0 0 0 1 0 0 0 2 0 2 0 0 0 0 1 0 0 1 0 0 0 1 0 2 0 0 0 0 1 0 0 1 0 0 0 1 0 0 2 0 1 0 1 0 0 2 0 1 0 2 0 2 0 0 2 0 0 2 0 0 0 1 0 0 2 0 2 0 2 0 0 1 0 1 0 1 0 2 0 2 0 0
91
196 7
0 2 0 1 0 2 0 0 1 0 0 2 0 2 0 0 2 0 1 0 1 0 0 0 1 0 0 0 1 0 2 0 0 2 0 0 0 0 0 1 0 2 0 0 0 0 1 0 2 0 0 0 0 2 0 0 2 0 0 0 1 0 0 0 2 0 2 0 1 0 2 0 0 1 0 2 0 0 2 0 0 2 0 0 1 0 2 0 0 1 0 0 2 0 2 0 1 0 0 1 0 2 0 2 0 0 0 0 1 0 1 0 1 0 2 0 1 0 2 0 2 0 1 0 0 0 0 1 0 2 0 0 0 1 0 2 0 2 0 0 0 0 1 0 2 0 2 0 1 0 2 0 2 0 1 0 2 0 1 0 0 2 0 0 0 1 0 0 2 0 0 1 0 2 0 0 1 0 0 2 0 0 0 0 2 0 2 0 0 2 0 0 2 0 1 0
46
72 3
2 0 0 2 0 0 1 0 1 0 2 0 2 0 0 0 0 0 2 0 1 0 0 0 0 1 0 0 1 0 2 0 0 1 0 0 1 0 0 2 0 0 1 0 1 0 0 0 0 2 0 0 2 0 0 1 0 1 0 0 0 2 0 2 0 2 0 0 1 0 2 0
11
184 8
1 0 0 0 0 0 0 1 0 1 0 2 0 2 0 1 0 2 0 0 1 0 0 2 0 2 0 2 0 2 0 0 0 2 0 2 0 0 0 1 0 2 0 0 2 0 2 0 0 0 0 1 0 1 0 2 0 0 2 0 0 0 1 0 2 0 1 0 0 0 2 0 2 0 0 0 0 0 1 0 1 0 2 0 0 1 0 1 0 0 1 0 2 0 0 0 0 0 0 0 0 2 0 2 0 2 0 1 0 0 2 0 2 0 0 0 1 0 0 0 0 1 0 1 0 2 0 0 1 0 1 0 0 0 0 2 0 0 1 0 2 0 0 1 0 2 0 2 0 0 2 0 2 0 0 2 0 2 0 1 0 0 0 0 0 0 0 1 0 2 0 2 0 0 1 0 1 0 1 0 2 0 1 0
123
110 5
2 0 0 0 1 0 0 0 2 0 0 1 0 0 1 0 0 0 0 2 0 0 2 0 2 0 0 2 0 2 0 1 0 0 2 0 0 2 0 2 0 1 0 0 2 0 0 0 2 0 2 0 0 0 0 0 0 1 0 0 1 0 2 0 0 0 1 0 2 0 2 0 0 1 0 1 0 0 1 0 1 0 2 0 1 0 1 0 1 0 2 0 0 2 0 2 0 1 0 0 0 0 0 0 0 1 0 1 0 0
7
84 12
0 0 2 0 2 0 0 0 1 0 0 0 0 0 1 0 0 2 0 1 0 2 0 2 0 0 2 0 2 0 0 2 0 0 0 0 1 0 1 0 2 0 2 0 0 0 2 0 0 2 0 2 0 2 0 0 2 0 1 0 0 0 0 1 0 0 1 0 0 0 0 0 0 0 1 0 0 0 0 1 0 2 0 0
38
120 8
0 0 0 2 0 0 0 1 0 2 0 0 1 0 0 2 0 0 0 2 0 0 0 0 2 0 0 0 0 0 0 2 0 2 0 0 2 0 2 0 1 0 2 0 0 2 0 0 2 0 2 0 1 0 0 1 0 2 0 0 0 0 2 0 2 0 2 0 0 0 0 2 0 1 0 1 0 0 0 0 2 0 2 0 1 0 1 0 1 0 2 0 0 1 0 2 0 0 1 0 2 0 2 0 0 1 0 0 1 0 0 0 0 0 2 0 2 0 2 0
91
160 16
2 0 2 0 2 0 0 2 0 0 0 0 0 2 0 2 0 2 0 0 2 0 2 0 2 0 0 2 0 0 0 2 0 0 1 0 1 0 1 0 0 0 1 0 0 1 0 1 0 0 1 0 1 0 2 0 0 2 0 0 2 0 2 0 0 0 0 0 2 0 0 1 0 2 0 1 0 1 0 0 2 0 2 0 2 0 0 0 2 0 1 0 1 0 1 0 2 0 2 0 1 0 0 0 0 0 2 0 0 0 1 0 2 0 2 0 0 2 0 0 2 0 2 0 0 2 0 0 0 0 2 0 2 0 2 0 0 0 0 0 1 0 0 2 0 0 1 0 1 0 1 0 0 0 2 0 1 0 2 0
76
38 19
1 0 2 0 1 0 1 0 0 0 1 0 1 0 0 0 2 0 2 0 0 0 2 0 2 0 0 0 2 0 0 0 0 0 1 0 1 0
31
144 8
0 1 0 0 1 0 0 2 0 0 1 0 0 0 1 0 2 0 2 0 1 0 1 0 0 1 0 2 0 1 0 2 0 0 2 0 2 0 0 1 0 0 0 2 0 0 1 0 1 0 0 2 0 0 0 0 2 0 1 0 0 2 0 1 0 2 0 0 0 2 0 0 1 0 0 1 0 0 1 0 1 0 0 2 0 2 0 0 1 0 0 0 1 0 2 0 0 0 2 0 0 1 0 1 0 0 0 0 0 2 0 0 2 0 1 0 1 0 2 0 0 1 0 0 2 0 0 2 0 2 0 0 1 0 2 0 2 0 1 0 2 0 0 0
8
132 12
2 0 2 0 0 2 0 0 0 0 0 0 2 0 0 2 0 0 2 0 2 0 1 0 0 0 2 0 0 2 0 0 0 0 1 0 0 1 0 2 0 1 0 0 1 0 0 0 0 1 0 0 2 0 0 1 0 0 0 2 0 1 0 2 0 0 2 0 2 0 1 0 1 0 1 0 0 0 0 2 0 2 0 2 0 1 0 0 0 1 0 0 1 0 2 0 2 0 0 2 0 0 0 1 0 0 1 0 2 0 2 0 2 0 0 1 0 1 0 2 0 2 0 1 0 1 0 2 0 0 0 0
66
60 5
2 0 0 0 0 2 0 1 0 0 0 0 1 0 0 2 0 0 0 1 0 0 0 0 2 0 2 0 0 0 0 2 0 2 0 0 0 2 0 0 0 2 0 1 0 1 0 0 1 0 0 2 0 2 0 0 0 0 0 0
8
91 1
1 0 0 0 0 2 0 0 1 0 0 2 0 0 0 0 2 0 0 2 0 1 0 1 0 0 1 0 0 0 1 0 2 0 1 0 0 1 0 2 0 1 0 0 1 0 1 0 1 0 0 0 2 0 2 0 2 0 0 1 0 1 0 2 0 1 0 0 1 0 2 0 2 0 0 1 0 0 2 0 0 0 2 0 2 0 0 1 0 2 0
57
180 18
0 2 0 2 0 2 0 0 2 0 0 0 2 0 0 0 0 2 0 0 0 2 0 2 0 0 2 0 0 0 0 0 1 0 0 0 1 0 0 0 2 0 2 0 0 1 0 2 0 0 2 0 0 2 0 0 0 0 1 0 1 0 1 0 2 0 1 0 2 0 2 0 2 0 1 0 0 2 0 0 2 0 1 0 0 2 0 2 0 0 2 0 2 0 0 1 0 1 0 0 1 0 2 0 1 0 2 0 1 0 1 0 2 0 1 0 0 2 0 0 2 0 0 0 1 0 0 0 2 0 0 0 1 0 1 0 2 0 2 0 2 0 0 1 0 0 1 0 2 0 0 1 0 2 0 0 0 0 0 0 0 1 0 2 0 2 0 0 2 0 1 0 1 0 2 0 0 2 0 0
156
176 11
0 1 0 1 0 1 0 2 0 0 2 0 1 0 0 0 2 0 2 0 2 0 2 0 1 0 2 0 0 2 0 0 2 0 0 2 0 1 0 2 0 1 0 1 0 0 1 0 2 0 2 0 1 0 0 2 0 0 0 1 0 2 0 0 2 0 2 0 1 0 0 2 0 2 0 2 0 2 0 0 1 0 2 0 2 0 0 2 0 0 2 0 1 0 2 0 1 0 0 0 0 0 0 0 0 2 0 1 0 0 0 0 0 2 0 2 0 1 0 1 0 0 0 0 0 2 0 0 0 2 0 0 0 2 0 0 2 0 1 0 2 0 2 0 0 2 0 2 0 2 0 0 2 0 0 0 1 0 0 0 2 0 1 0 0 2 0 1 0 0 1 0 1 0 0 0
160
117 13
2 0 1 0 0 0 1 0 0 0 1 0 0 1 0 0 1 0 0 0 0 0 1 0 0 2 0 1 0 2 0 2 0 0 1 0 0 1 0 2 0 0 0 0 0 0 0 0 0 0 0 2 0 0 1 0 0 2 0 0 1 0 0 2 0 1 0 0 1 0 1 0 0 2 0 1 0 0 2 0 0 2 0 0 0 2 0 0 2 0 0 0 2 0 0 0 1 0 0 0 2 0 0 1 0 0 0 0 0 0 0 2 0 2 0 1 0
13
133 19
2 0 2 0 0 2 0 0 1 0 0 1 0 0 1 0 1 0 2 0 0 0 0 0 0 0 2 0 0 0 0 0 2 0 0 0 1 0 2 0 2 0 1 0 0 2 0 0 0 0 2 0 0 2 0 0 2 0 0 1 0 0 0 0 1 0 1 0 0 0 1 0 2 0 2 0 0 0 0 1 0 2 0 0 2 0 2 0 0 0 0 1 0 2 0 2 0 0 1 0 1 0 2 0 0 0 2 0 1 0 1 0 1 0 0 1 0 1 0 2 0 0 0 1 0 0 0 1 0 1 0 0 0
23
133 19
1 0 0 1 0 1 0 1 0 0 0 1 0 0 0 0 0 1 0 2 0 1 0 2 0 0 2 0 2 0 1 0 2 0 0 0 0 0 2 0 0 0 0 0 2 0 1 0 0 2 0 2 0 1 0 0 0 0 2 0 0 2 0 0 2 0 0 1 0 0 2 0 2 0 1 0 0 0 2 0 2 0 2 0 0 2 0 2 0 1 0 0 1 0 2 0 0 0 2 0 1 0 0 0 0 0 2 0 0 0 1 0 0 0 0 0 0 0 0 0 2 0 0 0 0 0 2 0 2 0 2 0 0
77
172 4
0 0 0 1 0 1 0 2 0 2 0 0 2 0 0 2 0 2 0 2 0 0 0 2 0 0 2 0 0 0 2 0 0 2 0 2 0 2 0 2 0 1 0 2 0 1 0 0 2 0 1 0 1 0 0 2 0 0 0 0 1 0 1 0 2 0 0 0 1 0 1 0 2 0 0 1 0 1 0 0 0 1 0 1 0 0 2 0 1 0 2 0 2 0 0 0 2 0 2 0 1 0 1 0 2 0 0 2 0 0 2 0 1 0 0 0 0 1 0 0 0 0 1 0 2 0 0 0 0 1 0 0 1 0 0 2 0 1 0 2 0 2 0 0 0 0 1 0 0 0 2 0 1 0 0 1 0 1 0 2 0 2 0 0 0 2 0 0 0 0 2 0
171
195 15
1 0 2 0 1 0 0 0 1 0 0 0 0 0 0 2 0 0 2 0 1 0 2 0 1 0 2 0 0 0 1 0 1 0 2 0 1 0 0 2 0 2 0 2 0 2 0 2 0 2 0 0 1 0 2 0 2 0 0 2 0 2 0 1 0 0 0 2 0 1 0 0 0 1 0 2 0 0 0 2 0 0 1 0 0 2 0 0 2 0 0 2 0 0 2 0 0 0 0 0 2 0 0 0 1 0 0 1 0 0 0 0 0 2 0 2 0 0 0 2 0 2 0 0 0 2 0 0 1 0 0 0 1 0 0 1 0 1 0 1 0 0 0 0 1 0 0 0 0 0 2 0 0 2 0 0 2 0 2 0 0 0 0 0 0 0 1 0 0 0 0 2 0 0 0 0 2 0 0 0 1 0 2 0 0 2 0 2 0 0 0 1 0 2 0
21
130 5
2 0 2 0 2 0 0 0 2 0 1 0 0 2 0 2 0 1 0 1 0 0 2 0 0 0 0 2 0 1 0 0 2 0 0 1 0 0 0 2 0 2 0 1 0 2 0 2 0 0 2 0 2 0 1 0 0 0 0 0 2 0 0 0 2 0 1 0 1 0 0 1 0 2 0 2 0 0 1 0 1 0 0 0 0 2 0 0 1 0 2 0 1 0 0 2 0 2 0 0 1 0 2 0 2 0 0 0 0 1 0 2 0 2 0 1 0 2 0 0 1 0 0 2 0 0 2 0 1 0
51
150 15
2 0 1 0 0 0 0 2 0 0 2 0 0 2 0 1 0 1 0 0 0 0 1 0 0 0 0 1 0 0 2 0 1 0 2 0 0 2 0 0 0 1 0 1 0 0 2 0 2 0 0 2 0 2 0 1 0 2 0 0 2 0 0 1 0 2 0 2 0 0 0 2 0 1 0 2 0 2 0 0 1 0 0 0 0 0 1 0 0 0 2 0 1 0 2 0 0 0 2 0 1 0 0 2 0 1 0 1 0 0 1 0 2 0 1 0 0 0 1 0 2 0 0 0 2 0 0 1 0 0 1 0 1 0 0 0 1 0 2 0 2 0 0 0 2 0 0 0 2 0
21
187 17
2 0 0 0 2 0 1 0 0 2 0 1 0 1 0 0 1 0 0 0 2 0 0 0 0 2 0 2 0 1 0 0 0 0 1 0 0 2 0 2 0 2 0 0 0 1 0 0 2 0 2 0 2 0 0 2 0 0 2 0 0 0 1 0 0 0 2 0 2 0 2 0 1 0 2 0 0 0 2 0 1 0 2 0 1 0 0 0 0 2 0 2 0 0 1 0 1 0 0 0 2 0 2 0 0 2 0 0 1 0 2 0 2 0 0 0 0 2 0 2 0 0 2 0 2 0 0 2 0 0 2 0 2 0 1 0 1 0 2 0 1 0 0 2 0 0 0 2 0 0 1 0 2 0 0 1 0 0 0 1 0 1 0 1 0 0 1 0 0 2 0 0 2 0 1 0 0 2 0 0 2 0 0 0 0 2 0
71
77 7
0 0 2 0 0 0 2 0 0 1 0 2 0 0 0 2 0 1 0 1 0 0 1 0 0 2 0 2 0 0 1 0 0 0 0 0 0 0 0 0 2 0 0 0 1 0 0 1 0 2 0 2 0 0 0 2 0 0 0 0 0 2 0 0 0 0 0 0 0 2 0 2 0 0 1 0 0
44
162 18
1 0 0 2 0 0 1 0 0 1 0 0 2 0 1 0 2 0 0 2 0 1 0 0 2 0 0 0 2 0 0 2 0 1 0 0 2 0 0 0 2 0 0 2 0 1 0 2 0 0 2 0 1 0 0 0 0 2 0 2 0 0 0 0 0 2 0 0 2 0 0 0 2 0 2 0 1 0 0 2 0 1 0 0 0 2 0 2 0 0 2 0 1 0 0 2 0 0 0 1 0 2 0 1 0 0 0 0 0 0 0 1 0 2 0 0 0 0 2 0 0 0 0 1 0 0 0 0 0 1 0 0 0 0 0 2 0 2 0 2 0 1 0 0 2 0 1 0 2 0 0 0 0 1 0 2 0 2 0 2 0 0
14
65 13
1 0 1 0 0 2 0 2 0 0 1 0 0 1 0 0 2 0 0 0 1 0 0 0 0 0 1 0 2 0 0 0 0 1 0 0 0 1 0 0 0 0 1 0 0 0 1 0 0 0 0 1 0 2 0 0 2 0 1 0 0 0 2 0 0
4
64 8
1 0 0 2 0 2 0 0 0 0 2 0 2 0 0 0 0 0 0 2 0 0 2 0 0 0 2 0 0 2 0 0 0 2 0 0 1 0 0 0 0 0 0 0 0 0 1 0 0 1 0 1 0 0 0 0 1 0 2 0 1 0 0 0
50
75 15
0 2 0 0 0 1 0 1 0 0 1 0 0 0 0 0 2 0 0 0 2 0 1 0 0 0 2 0 2 0 0 2 0 0 0 2 0 1 0 0 2 0 2 0 0 0 1 0 2 0 1 0 1 0 0 0 0 0 1 0 2 0 0 1 0 2 0 2 0 0 2 0 0 1 0
34
80 20
2 0 0 0 2 0 2 0 2 0 1 0 2 0 2 0 0 0 2 0 0 2 0 0 1 0 2 0 2 0 2 0 0 1 0 0 1 0 0 0 0 0 0 0 1 0 1 0 1 0 1 0 0 1 0 0 1 0 1 0 1 0 2 0 0 0 2 0 0 2 0 0 1 0 0 0 2 0 2 0
10
153 9
1 0 2 0 2 0 2 0 0 1 0 0 2 0 2 0 0 1 0 0 2 0 2 0 2 0 0 0 0 0 0 1 0 0 1 0 0 2 0 1 0 2 0 1 0 0 0 1 0 0 0 0 1 0 1 0 0 2 0 0 0 2 0 2 0 2 0 0 0 0 0 0 2 0 1 0 2 0 0 1 0 1 0 0 0 0 0 1 0 2 0 0 0 0 1 0 2 0 0 0 2 0 0 0 0 0 0 0 0 1 0 0 0 2 0 1 0 1 0 0 0 2 0 1 0 1 0 0 2 0 1 0 0 2 0 0 0 2 0 0 0 1 0 0 0 0 0 0 2 0 2 0 0
52
70 14
0 1 0 1 0 1 0 0 2 0 0 2 0 1 0 0 2 0 0 0 2 0 1 0 0 1 0 1 0 0 0 2 0 1 0 0 2 0 2 0 2 0 0 1 0 0 1 0 0 0 2 0 2 0 0 0 1 0 0 0 2 0 0 2 0 1 0 0 1 0
65
76 19
1 0 2 0 2 0 0 0 1 0 1 0 1 0 1 0 0 0 0 0 0 0 1 0 2 0 0 0 2 0 2 0 0 0 0 0 2 0 0 0 1 0 2 0 0 1 0 0 0 1 0 0 1 0 0 0 0 2 0 0 1 0 2 0 2 0 1 0 0 0 1 0 2 0 2 0
8
48 12
0 1 0 0 2 0 2 0 2 0 1 0 0 2 0 0 0 0 2 0 0 0 0 0 0 2 0 0 0 2 0 0 1 0 2 0 2 0 2 0 0 0 0 0 1 0 0 0
36
147 7
2 0 0 1 0 2 0 0 1 0 2 0 1 0 0 1 0 0 1 0 0 0 1 0 0 2 0 2 0 1 0 0 0 2 0 0 2 0 0 0 0 0 0 0 0 2 0 2 0 2 0 2 0 2 0 0 0 0 2 0 0 2 0 1 0 2 0 2 0 2 0 0 0 2 0 1 0 0 2 0 0 0 0 0 0 1 0 1 0 2 0 1 0 2 0 2 0 0 1 0 1 0 1 0 0 0 2 0 0 0 0 2 0 2 0 0 2 0 1 0 0 2 0 0 1 0 0 0 1 0 1 0 0 0 0 0 0 2 0 2 0 2 0 0 0 0 0
12
195 5
1 0 0 0 0 0 2 0 2 0 0 0 0 0 2 0 1 0 2 0 2 0 0 2 0 2 0 0 2 0 0 0 1 0 1 0 0 0 0 0 0 1 0 0 2 0 2 0 0 2 0 0 1 0 2 0 0 0 0 0 2 0 2 0 2 0 0 0 0 0 0 1 0 0 0 1 0 0 2 0 2 0 1 0 1 0 0 0 0 1 0 0 1 0 0 0 1 0 0 1 0 0 2 0 0 2 0 2 0 0 0 0 0 1 0 0 0 0 0 0 1 0 1 0 2 0 0 1 0 2 0 2 0 0 0 2 0 2 0 2 0 2 0 0 0 2 0 1 0 2 0 0 2 0 2 0 0 1 0 0 1 0 2 0 2 0 0 0 0 1 0 2 0 1 0 2 0 2 0 1 0 0 2 0 2 0 0 0 2 0 0 0 2 0 0
131
160 8
2 0 1 0 2 0 0 2 0 0 0 1 0 1 0 1 0 2 0 0 0 0 0 2 0 2 0 2 0 1 0 2 0 2 0 2 0 2 0 0 0 2 0 2 0 0 0 0 2 0 0 2 0 1 0 0 2 0 0 0 2 0 0 0 1 0 2 0 2 0 1 0 1 0 0 0 1 0 1 0 1 0 1 0 0 0 0 0 0 2 0 0 0 0 0 0 2 0 2 0 1 0 0 2 0 0 0 2 0 0 2 0 1 0 2 0 1 0 0 0 2 0 0 0 2 0 0 0 2 0 2 0 1 0 1 0 0 2 0 0 2 0 2 0 0 1 0 1 0 1 0 0 1 0 0 1 0 2 0 0
68
57 19
1 0 0 0 0 0 1 0 0 2 0 0 0 0 0 0 0 0 1 0 0 0 0 0 0 0 0 0 0 0 2 0 0 0 0 0 2 0 0 0 0 0 1 0 0 1 0 0 1 0 0 2 0 0 1 0 0
48
108 4
1 0 1 0 1 0 1 0 0 2 0 2 0 0 0 0 0 1 0 0 0 0 0 1 0 2 0 0 1 0 1 0 0 2 0 1 0 2 0 0 2 0 2 0 2 0 1 0 1 0 1 0 1 0 2 0 0 0 0 2 0 2 0 1 0 0 2 0 0 0 0 0 0 0 2 0 2 0 1 0 0 1 0 2 0 0 1 0 0 2 0 2 0 0 1 0 0 2 0 2 0 2 0 0 0 1 0 0
90
104 13
1 0 0 2 0 0 1 0 2 0 0 0 2 0 2 0 1 0 0 1 0 0 0 0 0 1 0 1 0 2 0 0 0 2 0 0 1 0 1 0 0 0 1 0 2 0 0 0 0 2 0 2 0 0 0 0 1 0 2 0 2 0 0 0 1 0 0 1 0 0 1 0 0 0 1 0 1 0 2 0 0 2 0 2 0 1 0 0 0 0 0 1 0 0 2 0 2 0 0 0 0 0 2 0
71
168 7
2 0 1 0 2 0 1 0 0 2 0 2 0 0 0 0 2 0 1 0 1 0 1 0 0 1 0 0 1 0 2 0 1 0 0 1 0 1 0 2 0 2 0 0 1 0 2 0 0 0 1 0 1 0 1 0 0 1 0 2 0 2 0 0 0 2 0 0 2 0 0 0 1 0 2 0 0 1 0 1 0 2 0 0 0 0 2 0 2 0 1 0 0 0 0 0 1 0 2 0 2 0 1 0 2 0 2 0 0 1 0 2 0 1 0 0 1 0 1 0 0 0 0 0 1 0 1 0 2 0 1 0 0 2 0 0 2 0 1 0 0 0 2 0 2 0 1 0 2 0 0 2 0 1 0 2 0 0 0 1 0 1 0 2 0 2 0 0
31
130 13
2 0 0 1 0 1 0 2 0 0 2 0 2 0 2 0 0 0 2 0 0 2 0 2 0 2 0 0 2 0 2 0 2 0 0 1 0 0 1 0 1 0 0 0 2 0 1 0 2 0 2 0 1 0 0 1 0 0 2 0 0 1 0 0 2 0 2 0 2 0 2 0 1 0 0 2 0 0 0 0 2 0 2 0 2 0 2 0 0 0 1 0 1 0 2 0 0 2 0 0 0 2 0 2 0 2 0 1 0 0 2 0 1 0 2 0 1 0 2 0 2 0 1 0 0 0 1 0 0 0
26
126 9
1 0 0 0 0 0 0 0 1 0 0 0 2 0 2 0 2 0 2 0 0 1 0 0 2 0 0 0 0 2 0 0 0 2 0 2 0 0 0 2 0 0 2 0 2 0 0 2 0 1 0 2 0 0 2 0 1 0 2 0 2 0 2 0 0 0 0 0 2 0 0 0 2 0 0 1 0 0 0 0 2 0 0 0 2 0 0 1 0 0 1 0 0 2 0 1 0 0 0 2 0 0 1 0 0 1 0 1 0 0 0 0 0 2 0 2 0 0 2 0 2 0 0 0 2 0
12
140 14
2 0 0 2 0 1 0 0 0 0 1 0 2 0 2 0 2 0 2 0 1 0 0 2 0 2 0 2 0 0 0 0 0 2 0 0 2 0 1 0 1 0 2 0 0 0 1 0 0 0 2 0 2 0 2 0 0 0 0 0 2 0 0 2 0 2 0 0 1 0 1 0 0 2 0 2 0 2 0 0 1 0 2 0 0 0 0 2 0 0 2 0 0 0 0 0 1 0 0 0 0 0 0 0 2 0 1 0 0 0 0 2 0 2 0 0 0 0 2 0 0 2 0 0 2 0 0 0 2 0 0 1 0 1 0 2 0 1 0 0
132
190 10
2 0 2 0 0 1 0 0 1 0 2 0 0 0 0 0 0 1 0 0 1 0 0 0 1 0 2 0 2 0 0 0 0 2 0 1 0 0 0 1 0 2 0 0 2 0 1 0 1 0 0 1 0 2 0 0 0 0 0 1 0 0 0 1 0 1 0 0 2 0 2 0 0 2 0 0 2 0 1 0 0 2 0 0 0 2 0 1 0 2 0 1 0 2 0 2 0 0 2 0 1 0 1 0 1 0 0 0 2 0 0 2 0 0 1 0 0 2 0 2 0 0 0 1 0 2 0 2 0 2 0 0 0 0 1 0 2 0 2 0 0 2 0 1 0 2 0 0 2 0 2 0 2 0 0 0 0 2 0 1 0 2 0 2 0 0 2 0 0 0 0 2 0 1 0 2 0 0 1 0 1 0 0 0 0 0 2 0 0 0
113
100 4
0 2 0 1 0 0 2 0 0 2 0 1 0 2 0 0 0 2 0 2 0 0 0 2 0 1 0 2 0 0 1 0 0 0 2 0 1 0 1 0 2 0 2 0 1 0 1 0 0 0 1 0 0 2 0 1 0 1 0 1 0 0 0 0 0 2 0 1 0 2 0 1 0 1 0 0 2 0 2 0 0 1 0 2 0 0 0 0 2 0 0 0 0 1 0 0 0 2 0 0
70
135 15
0 0 0 1 0 1 0 0 0 2 0 0 0 2 0 0 1 0 0 0 2 0 1 0 0 2 0 1 0 2 0 0 1 0 0 0 2 0 1 0 1 0 0 0 0 0 2 0 0 2 0 2 0 0 1 0 0 2 0 2 0 2 0 0 1 0 1 0 2 0 1 0 0 2 0 2 0 2 0 2 0 2 0 2 0 0 2 0 0 0 2 0 0 2 0 0 2 0 0 1 0 0 0 1 0 0 2 0 0 2 0 2 0 1 0 0 0 2 0 0 2 0 1 0 2 0 0 0 2 0 0 0 2 0 0
100
186 3
1 0 0 2 0 0 2 0 0 0 1 0 2 0 2 0 0 2 0 0 2 0 1 0 0 1 0 1 0 0 1 0 2 0 1 0 0 1 0 1 0 0 1 0 2 0 0 0 0 2 0 1 0 2 0 0 0 2 0 2 0 0 2 0 1 0 0 0 0 0 2 0 0 0 1 0 2 0 2 0 1 0 2 0 1 0 0 2 0 1 0 2 0 1 0 0 2 0 1 0 0 0 0 2 0 2 0 2 0 2 0 0 2 0 2 0 2 0 2 0 1 0 0 0 2 0 2 0 2 0 0 1 0 2 0 1 0 2 0 0 0 2 0 1 0 1 0 0 2 0 0 0 2 0 2 0 1 0 2 0 0 0 2 0 0 0 2 0 0 2 0 0 0 1 0 2 0 2 0 0 2 0 0 0 0 0
58
176 11
1 0 2 0 0 0 2 0 2 0 0 2 0 0 0 0 0 0 2 0 0 2 0 2 0 2 0 0 2 0 0 0 1 0 1 0 0 2 0 2 0 2 0 2 0 1 0 0 0 0 1 0 0 2 0 0 1 0 0 2 0 0 2 0 1 0 0 2 0 1 0 1 0 1 0 0 0 1 0 0 0 0 2 0 0 0 0 1 0 1 0 0 2 0 2 0 2 0 1 0 2 0 1 0 2 0 2 0 0 0 2 0 1 0 0 0 1 0 2 0 2 0 2 0 2 0 2 0 2 0 0 1 0 2 0 0 1 0 1 0 2 0 0 0 0 0 1 0 2 0 2 0 0 0 0 2 0 1 0 0 0 1 0 0 2 0 2 0 2 0 0 2 0 0 2 0
66
176 16
0 2 0 1 0 1 0 0 2 0 0 2 0 2 0 2 0 0 2 0 0 0 0 0 2 0 1 0 0 0 1 0 0 0 2 0 0 0 1 0 0 1 0 0 0 0 0 0 0 0 2 0 2 0 0 0 2 0 0 2 0 0 0 0 2 0 2 0 2 0 0 2 0 0 1 0 0 1 0 2 0 2 0 0 2 0 0 0 2 0 2 0 2 0 0 2 0 0 0 1 0 0 1 0 0 0 0 0 2 0 0 0 2 0 0 1 0 0 0 2 0 0 0 0 1 0 2 0 2 0 2 0 2 0 2 0 1 0 0 2 0 0 0 0 0 0 1 0 0 0 2 0 0 0 0 1 0 1 0 1 0 2 0 2 0 1 0 0 0 0 2 0 2 0 0 0
168
168 12
2 0 0 0 0 1 0 2 0 1 0 1 0 0 0 1 0 2 0 0 2 0 1 0 0 2 0 0 0 1 0 0 1 0 2 0 0 0 0 2 0 0 1 0 2 0 0 2 0 0 1 0 1 0 1 0 2 0 2 0 2 0 2 0 2 0 2 0 1 0 2 0 1 0 0 1 0 0 1 0 2 0 2 0 2 0 1 0 1 0 0 1 0 0 0 0 1 0 2 0 2 0 1 0 2 0 0 1 0 1 0 0 2 0 0 2 0 1 0 0 0 1 0 2 0 0 0 2 0 0 2 0 2 0 2 0 0 1 0 0 0 0 2 0 2 0 0 0 1 0 0 1 0 0 0 0 2 0 2 0 0 0 1 0 0 0 0 0
88
102 3
2 0 0 0 1 0 0 0 0 2 0 0 1 0 2 0 0 2 0 2 0 1 0 2 0 2 0 2 0 1 0 0 0 0 2 0 1 0 0 0 0 2 0 1 0 2 0 0 0 0 2 0 2 0 2 0 2 0 2 0 0 2 0 2 0 2 0 0 0 2 0 2 0 2 0 2 0 2 0 0 2 0 2 0 0 1 0 0 0 0 0 2 0 0 0 1 0 0 0 0 2 0
86
195 15
2 0 0 0 1 0 0 0 2 0 2 0 0 1 0 1 0 2 0 1 0 0 2 0 0 0 0 1 0 2 0 0 2 0 2 0 1 0 0 1 0 1 0 1 0 0 0 1 0 0 0 0 0 0 0 2 0 0 2 0 2 0 1 0 0 0 2 0 2 0 0 0 0 0 2 0 0 0 1 0 2 0 0 0 2 0 0 1 0 2 0 1 0 1 0 2 0 0 0 2 0 2 0 0 2 0 0 0 0 2 0 0 2 0 0 0 0 0 0 1 0 0 2 0 1 0 0 0 2 0 0 0 2 0 0 2 0 2 0 2 0 0 0 2 0 0 2 0 1 0 0 1 0 1 0 0 2 0 2 0 1 0 0 1 0 1 0 0 0 0 2 0 2 0 0 0 1 0 2 0 0 0 1 0 0 0 2 0 0 2 0 2 0 0 0
183
98 7
2 0 0 2 0 2 0 0 2 0 0 0 0 0 0 1 0 0 0 2 0 2 0 0 0 0 2 0 2 0 0 0 0 1 0 1 0 1 0 1 0 0 0 0 0 2 0 2 0 1 0 2 0 1 0 0 0 2 0 1 0 0 0 2 0 0 2 0 0 0 0 0 2 0 0 2 0 1 0 1 0 1 0 0 2 0 2 0 0 1 0 0 0 1 0 2 0 0
58
60 15
2 0 1 0 0 2 0 0 2 0 2 0 0 1 0 0 1 0 2 0 0 1 0 0 2 0 0 0 2 0 2 0 2 0 1 0 2 0 2 0 0 2 0 0 0 0 0 0 0 2 0 0 1 0 0 0 2 0 0 0
51
96 16
0 0 2 0 1 0 0 0 2 0 0 0 0 0 1 0 2 0 0 2 0 2 0 0 1 0 1 0 0 0 2 0 1 0 2 0 1 0 2 0 0 0 0 1 0 0 2 0 0 0 2 0 0 0 2 0 1 0 0 0 2 0 0 1 0 0 1 0 1 0 2 0 0 0 1 0 2 0 2 0 1 0 0 0 0 0 2 0 1 0 1 0 0 2 0 0
78
104 8
2 0 2 0 1 0 2 0 2 0 1 0 0 2 0 2 0 0 1 0 1 0 0 2 0 0 1 0 0 2 0 0 0 0 1 0 2 0 0 2 0 0 2 0 0 1 0 2 0 1 0 0 2 0 2 0 0 1 0 0 0 2 0 2 0 0 1 0 0 0 0 1 0 0 0 2 0 0 2 0 2 0 0 2 0 1 0 0 0 0 0 2 0 1 0 2 0 0 0 1 0 0 1 0
3
114 19
2 0 0 0 0 0 2 0 0 2 0 0 0 2 0 2 0 0 2 0 2 0 1 0 1 0 2 0 0 0 0 2 0 0 2 0 0 0 0 0 0 0 0 0 0 0 2 0 0 0 2 0 0 0 0 2 0 0 1 0 2 0 0 2 0 0 1 0 2 0 0 0 1 0 1 0 2 0 2 0 0 2 0 0 1 0 1 0 1 0 0 0 2 0 2 0 0 1 0 2 0 0 0 0 1 0 2 0 0 2 0 0 0 0
31
160 20
1 0 2 0 1 0 0 0 0 0 0 0 2 0 0 0 2 0 0 0 1 0 1 0 0 2 0 2 0 0 2 0 2 0 2 0 0 2 0 0 2 0 2 0 1 0 2 0 0 0 0 1 0 2 0 0 2 0 0 0 0 0 2 0 0 0 2 0 0 1 0 0 0 2 0 2 0 2 0 0 2 0 0 2 0 2 0 0 2 0 2 0 2 0 1 0 0 0 2 0 1 0 0 0 2 0 1 0 2 0 0 0 0 0 0 0 1 0 0 0 1 0 0 2 0 1 0 0 2 0 2 0 1 0 0 0 0 0 0 0 2 0 2 0 1 0 0 0 1 0 2 0 0 0 0 2 0 0 2 0
6
87 1
0 2 0 2 0 0 1 0 2 0 2 0 2 0 2 0 2 0 0 0 2 0 1 0 1 0 0 2 0 0 2 0 1 0 1 0 2 0 1 0 2 0 0 1 0 0 1 0 2 0 2 0 0 2 0 1 0 2 0 1 0 0 1 0 0 0 1 0 2 0 2 0 0 2 0 2 0 0 0 1 0 0 2 0 0 0 0
7
90 18
1 0 0 1 0 0 1 0 1 0 1 0 0 2 0 1 0 0 1 0 0 0 0 0 0 0 0 0 0 0 2 0 2 0 0 0 0 2 0 0 0 2 0 0 0 0 0 2 0 0 2 0 2 0 0 2 0 2 0 0 1 0 2 0 0 1 0 2 0 0 1 0 2 0 0 0 0 2 0 0 2 0 0 0 0 0 1 0 2 0
81
51 17
2 0 0 1 0 0 0 0 0 0 1 0 2 0 0 0 1 0 0 2 0 2 0 0 2 0 0 0 0 0 2 0 0 1 0 0 1 0 0 2 0 0 2 0 0 0 0 0 0 0 0
16
143 13
1 0 0 0 1 0 1 0 0 2 0 2 0 2 0 2 0 0 2 0 0 0 0 0 2 0 1 0 0 2 0 1 0 0 1 0 0 2 0 2 0 2 0 0 0 0 2 0 0 2 0 0 2 0 0 0 0 0 0 0 0 0 0 0 2 0 2 0 0 0 0 0 1 0 2 0 0 0 1 0 0 2 0 0 2 0 2 0 2 0 1 0 1 0 2 0 0 1 0 0 1 0 2 0 2 0 0 0 1 0 0 0 1 0 2 0 2 0 2 0 0 0 2 0 1 0 0 0 0 1 0 0 2 0 0 2 0 2 0 1 0 0 0
62
189 3
1 0 0 1 0 2 0 2 0 0 2 0 0 2 0 2 0 2 0 1 0 2 0 0 0 0 2 0 2 0 0 2 0 0 0 0 2 0 0 2 0 2 0 1 0 1 0 0 1 0 0 0 2 0 0 2 0 0 1 0 2 0 0 1 0 0 1 0 1 0 2 0 0 2 0 2 0 1 0 0 2 0 2 0 2 0 0 2 0 0 1 0 0 2 0 2 0 0 0 0 2 0 2 0 2 0 0 1 0 0 0 0 0 1 0 2 0 2 0 0 0 2 0 2 0 0 2 0 2 0 0 2 0 0 0 0 0 0 0 2 0 0 2 0 0 0 0 0 0 0 0 2 0 0 1 0 0 2 0 1 0 0 0 0 0 0 2 0 2 0 2 0 2 0 2 0 2 0 0 2 0 0 2 0 1 0 2 0 0
78
168 7
1 0 2 0 1 0 1 0 1 0 2 0 2 0 2 0 1 0 2 0 1 0 2 0 1 0 2 0 1 0 0 0 0 2 0 0 0 0 1 0 2 0 2 0 0 1 0 0 1 0 1 0 1 0 1 0 0 0 0 1 0 0 2 0 0 1 0 0 0 0 1 0 1 0 0 0 0 0 2 0 0 0 2 0 0 2 0 2 0 0 0 2 0 1 0 0 2 0 0 0 1 0 2 0 2 0 1 0 0 0 2 0 0 1 0 2 0 2 0 0 0 1 0 2 0 0 0 0 0 1 0 0 0 0 0 2 0 1 0 0 2 0 0 0 1 0 2 0 2 0 2 0 0 2 0 0 1 0 0 2 0 0 2 0 2 0 0 0
108
135 15
0 2 0 2 0 0 2 0 0 0 0 0 0 0 1 0 2 0 2 0 2 0 0 2 0 0 0 1 0 0 2 0 0 1 0 0 0 0 2 0 1 0 2 0 0 0 2 0 2 0 0 2 0 0 2 0 2 0 0 1 0 0 0 1 0 0 1 0 1 0 1 0 0 1 0 0 2 0 2 0 0 0 0 0 0 2 0 2 0 0 0 1 0 0 2 0 0 2 0 2 0 2 0 2 0 0 2 0 2 0 2 0 2 0 0 0 0 2 0 0 1 0 0 0 0 0 0 2 0 2 0 0 1 0 0
133
182 14
1 0 1 0 1 0 0 0 0 2 0 2 0 1 0 0 1 0 0 0 2 0 0 0 2 0 0 2 0 2 0 1 0 0 0 1 0 2 0 2 0 2 0 2 0 1 0 0 0 0 2 0 0 0 2 0 1 0 2 0 0 2 0 2 0 2 0 0 1 0 1 0 0 2 0 0 2 0 0 1 0 2 0 0 2 0 1 0 0 0 0 1 0 2 0 2 0 1 0 0 0 2 0 0 2 0 0 2 0 2 0 1 0 0 0 1 0 0 2 0 2 0 2 0 0 1 0 1 0 0 2 0 0 0 1 0 2 0 0 1 0 0 0 0 2 0 2 0 2 0 1 0 2 0 2 0 1 0 2 0 1 0 0 0 2 0 0 1 0 0 0 0 2 0 0 0 0 2 0 0 0 0
36
167 1
0 0 2 0 2 0 1 0 0 0 0 0 1 0 2 0 2 0 0 2 0 0 0 0 1 0 0 0 2 0 2 0 0 2 0 1 0 2 0 0 2 0 0 2 0 1 0 0 1 0 1 0 0 1 0 2 0 0 0 2 0 0 0 0 2 0 0 1 0 1 0 2 0 0 1 0 2 0 2 0 1 0 1 0 0 0 2 0 1 0 0 1 0 2 0 2 0 0 1 0 2 0 0 2 0 2 0 1 0 1 0 0 1 0 2 0 0 1 0 2 0 0 0 1 0 2 0 0 2 0 0 0 0 0 1 0 1 0 0 0 0 2 0 1 0 1 0 0 2 0 2 0 2 0 0 1 0 0 2 0 2 0 0 1 0 0 0
21
88 11
1 0 0 1 0 0 2 0 1 0 0 2 0 0 2 0 2 0 2 0 2 0 1 0 0 2 0 0 0 2 0 0 1 0 1 0 0 0 1 0 1 0 2 0 0 2 0 0 0 1 0 2 0 0 0 0 2 0 0 2 0 2 0 0 2 0 0 0 2 0 0 0 2 0 2 0 1 0 0 0 0 0 0 0 1 0 0 0
30
85 17
1 0 2 0 0 1 0 2 0 0 0 0 1 0 0 0 0 0 0 0 0 2 0 2 0 0 2 0 0 0 2 0 2 0 0 1 0 0 1 0 2 0 0 0 0 0 1 0 2 0 1 0 2 0 0 2 0 0 0 0 0 0 2 0 0 0 1 0 1 0 2 0 1 0 0 2 0 0 2 0 0 2 0 2 0
70
72 6
1 0 0 1 0 0 0 2 0 0 0 0 2 0 1 0 2 0 1 0 2 0 0 0 0 0 1 0 0 2 0 2 0 2 0 0 0 0 1 0 2 0 2 0 0 2 0 0 0 0 2 0 0 0 1 0 0 2 0 0 0 0 2 0 2 0 1 0 0 0 0 0
3
136 17
0 1 0 0 1 0 2 0 0 0 1 0 2 0 1 0 0 1 0 0 0 1 0 0 0 2 0 2 0 2 0 0 0 2 0 0 2 0 0 0 0 0 2 0 1 0 0 0 0 2 0 2 0 1 0 0 0 2 0 0 1 0 2 0 1 0 0 2 0 1 0 0 1 0 2 0 0 2 0 0 2 0 0 0 0 1 0 0 2 0 0 2 0 1 0 0 2 0 1 0 0 1 0 0 1 0 1 0 1 0 2 0 1 0 2 0 0 0 0 0 1 0 0 0 1 0 0 0 0 0 0 0 0 1 0 0
59
180 10
2 0 1 0 0 2 0 2 0 2 0 0 2 0 0 2 0 0 0 0 0 2 0 0 0 0 0 2 0 1 0 0 1 0 0 0 1 0 2 0 0 0 1 0 2 0 2 0 1 0 0 2 0 0 1 0 2 0 2 0 2 0 1 0 1 0 2 0 0 2 0 0 1 0 2 0 1 0 2 0 2 0 1 0 1 0 1 0 1 0 0 2 0 1 0 0 0 2 0 1 0 2 0 1 0 0 0 0 1 0 1 0 0 0 0 0 2 0 0 1 0 0 1 0 2 0 0 0 1 0 2 0 2 0 1 0 0 1 0 2 0 2 0 0 2 0 2 0 1 0 0 2 0 0 0 1 0 1 0 1 0 0 2 0 0 2 0 1 0 2 0 1 0 1 0 0 1 0 2 0
101
62 2
0 0 0 0 0 0 1 0 1 0 2 0 2 0 1 0 1 0 1 0 2 0 0 0 0 1 0 0 1 0 0 2 0 0 2 0 0 1 0 2 0 2 0 1 0 1 0 0 0 2 0 0 0 2 0 0 1 0 1 0 2 0
46
140 5
2 0 2 0 0 2 0 1 0 0 0 0 0 0 0 0 0 2 0 0 0 2 0 2 0 2 0 0 1 0 2 0 2 0 1 0 2 0 0 0 2 0 0 2 0 0 0 1 0 2 0 2 0 0 2 0 0 1 0 1 0 1 0 0 0 2 0 2 0 0 1 0 0 0 0 2 0 2 0 0 0 2 0 0 1 0 2 0 0 0 2 0 2 0 1 0 0 2 0 1 0 1 0 1 0 1 0 2 0 2 0 0 0 0 1 0 1 0 0 1 0 2 0 0 2 0 0 0 0 0 2 0 0 2 0 0 2 0 1 0
63
154 14
0 0 2 0 0 0 0 0 0 0 0 0 1 0 0 0 0 2 0 0 1 0 2 0 0 1 0 0 0 1 0 2 0 0 1 0 0 2 0 2 0 2 0 0 2 0 2 0 2 0 0 2 0 0 0 2 0 0 2 0 2 0 0 1 0 0 0 2 0 1 0 2 0 2 0 2 0 0 2 0 1 0 1 0 0 0 1 0 0 0 1 0 2 0 2 0 0 0 0 1 0 0 0 1 0 0 2 0 1 0 0 2 0 1 0 2 0 0 2 0 0 0 0 0 0 2 0 0 2 0 2 0 2 0 1 0 1 0 0 1 0 2 0 2 0 1 0 2 0 0 0 1 0 0
49
48 4
2 0 2 0 0 0 2 0 2 0 1 0 1 0 2 0 0 1 0 0 2 0 0 0 2 0 0 1 0 2 0 2 0 0 0 0 0 0 0 0 0 0 0 1 0 2 0 0
48
60 12
0 1 0 0 0 0 2 0 0 0 0 0 1 0 0 2 0 0 0 0 0 0 0 0 0 0 1 0 2 0 0 2 0 0 0 0 1 0 0 0 0 2 0 1 0 2 0 2 0 0 0 2 0 2 0 0 1 0 0 0
34
56 14
0 2 0 0 0 0 0 0 1 0 1 0 2 0 1 0 0 2 0 0 2 0 2 0 0 0 2 0 0 0 1 0 2 0 0 0 2 0 2 0 2 0 0 0 2 0 2 0 1 0 1 0 0 0 0 0
16
52 1
0 0 2 0 2 0 1 0 2 0 2 0 2 0 0 0 1 0 2 0 1 0 2 0 1 0 2 0 2 0 0 2 0 1 0 0 2 0 1 0 2 0 0 2 0 1 0 1 0 1 0 0
19
130 10
0 0 1 0 0 2 0 0 2 0 0 2 0 0 0 2 0 2 0 2 0 2 0 1 0 0 0 2 0 2 0 2 0 0 1 0 1 0 0 1 0 2 0 0 0 0 0 0 0 1 0 0 2 0 0 2 0 0 1 0 0 0 0 1 0 2 0 1 0 0 2 0 2 0 0 1 0 0 0 1 0 0 0 0 0 0 0 2 0 2 0 2 0 2 0 0 0 0 1 0 1 0 2 0 0 2 0 0 0 2 0 2 0 0 0 0 0 0 0 1 0 1 0 1 0 1 0 0 2 0
52
135 9
2 0 0 0 0 2 0 0 1 0 1 0 2 0 0 2 0 0 2 0 0 2 0 0 2 0 0 2 0 0 0 2 0 1 0 2 0 0 2 0 1 0 1 0 0 2 0 2 0 1 0 0 0 0 0 0 1 0 2 0 0 2 0 0 2 0 0 2 0 1 0 1 0 0 0 2 0 0 1 0 0 0 0 0 2 0 0 0 2 0 1 0 0 1 0 2 0 0 2 0 2 0 0 2 0 2 0 2 0 1 0 0 1 0 0 1 0 0 2 0 2 0 0 2 0 2 0 1 0 0 0 1 0 2 0
54
80 20
0 2 0 0 0 0 0 0 2 0 0 0 0 1 0 0 1 0 2 0 0 0 0 0 2 0 0 0 0 2 0 0 0 2 0 0 2 0 1 0 0 2 0 0 2 0 2 0 2 0 2 0 2 0 2 0 0 0 0 0 0 1 0 0 0 0 2 0 0 1 0 0 2 0 1 0 1 0 2 0
43
187 17
2 0 2 0 0 0 2 0 0 0 0 0 0 2 0 0 0 0 2 0 2 0 2 0 2 0 1 0 2 0 2 0 0 0 2 0 1 0 2 0 1 0 2 0 1 0 2 0 0 1 0 2 0 0 0 2 0 0 2 0 2 0 0 1 0 0 2 0 0 1 0 0 0 1 0 1 0 2 0 2 0 2 0 1 0 2 0 0 0 0 1 0 0 2 0 0 0 0 0 2 0 0 0 2 0 0 1 0 0 0 0 2 0 2 0 2 0 0 2 0 0 0 2 0 0 2 0 1 0 0 2 0 0 2 0 0 2 0 2 0 0 0 0 0 0 0 2 0 0 0 0 0 0 0 2 0 0 0 1 0 1 0 2 0 0 2 0 0 2 0 0 0 2 0 2 0 2 0 0 2 0 0 2 0 0 0 0
101
160 20
0 0 0 2 0 2 0 0 2 0 0 2 0 2 0 0 0 1 0 2 0 0 0 0 0 2 0 0 0 1 0 0 1 0 0 1 0 1 0 0 0 2 0 1 0 1 0 0 2 0 2 0 0 2 0 0 0 0 2 0 1 0 0 0 0 2 0 0 0 2 0 0 0 0 0 0 0 0 0 0 2 0 1 0 0 2 0 0 0 0 0 2 0 2 0 0 1 0 1 0 0 0 0 0 1 0 2 0 0 1 0 0 1 0 0 1 0 2 0 0 0 2 0 0 0 0 2 0 2 0 1 0 2 0 1 0 2 0 0 0 1 0 2 0 0 0 0 0 0 1 0 0 0 0 1 0 2 0 2 0
86
126 14
2 0 2 0 2 0 0 0 0 2 0 1 0 2 0 0 2 0 0 0 0 1 0 0 0 2 0 0 0 1 0 0 1 0 1 0 2 0 0 0 0 2 0 0 0 1 0 0 1 0 0 0 2 0 0 2 0 1 0 1 0 0 0 0 2 0 0 1 0 2 0 0 2 0 0 0 1 0 1 0 0 1 0 0 0 2 0 1 0 0 1 0 2 0 2 0 2 0 0 1 0 2 0 0 0 0 2 0 0 1 0 0 0 1 0 2 0 0 2 0 1 0 0 2 0 0
80
54 3
1 0 2 0 2 0 1 0 1 0 0 1 0 0 0 0 1 0 0 2 0 0 0 1 0 0 1 0 0 0 1 0 0 2 0 0 0 2 0 1 0 0 2 0 1 0 2 0 0 1 0 0 1 0
51
72 8
2 0 0 0 1 0 1 0 0 0 2 0 0 0 2 0 2 0 1 0 2 0 2 0 0 2 0 0 0 1 0 0 0 0 1 0 2 0 2 0 1 0 2 0 0 0 0 1 0 1 0 1 0 0 0 1 0 0 0 0 0 2 0 1 0 2 0 0 0 0 2 0
4
195 5
0 0 2 0 1 0 0 2 0 1 0 0 2 0 0 2 0 1 0 0 1 0 0 2 0 2 0 2 0 2 0 0 0 2 0 1 0 0 0 2 0 0 2 0 1 0 1 0 0 1 0 2 0 1 0 0 1 0 0 2 0 0 2 0 0 0 1 0 0 1 0 0 0 0 1 0 1 0 2 0 2 0 2 0 0 0 0 0 0 0 0 2 0 2 0 0 0 0 0 1 0 2 0 1 0 2 0 2 0 0 1 0 0 1 0 0 0 0 2 0 2 0 0 0 1 0 0 2 0 0 0 1 0 2 0 1 0 0 1 0 0 1 0 0 1 0 2 0 2 0 2 0 2 0 0 0 1 0 0 2 0 2 0 2 0 0 1 0 1 0 0 1 0 2 0 0 0 1 0 0 0 2 0 0 0 1 0 0 0 2 0 1 0 1 0
22
189 7
0 2 0 1 0 0 2 0 2 0 0 0 0 1 0 1 0 0 0 1 0 0 0 0 0 2 0 0 0 0 1 0 1 0 1 0 0 2 0 2 0 2 0 2 0 2 0 2 0 1 0 1 0 0 0 0 1 0 2 0 1 0 2 0 0 1 0 0 0 2 0 2 0 1 0 0 0 0 0 0 0 2 0 1 0 2 0 0 2 0 0 2 0 0 2 0 0 2 0 2 0 0 1 0 1 0 2 0 2 0 0 1 0 1 0 2 0 2 0 0 2 0 2 0 0 1 0 0 1 0 0 0 0 0 0 2 0 2 0 0 0 2 0 2 0 0 0 1 0 0 0 0 0 2 0 0 1 0 0 0 2 0 0 1 0 0 2 0 0 2 0 2 0 1 0 0 1 0 0 0 0 1 0 2 0 0 0 2 0
163
78 2
2 0 2 0 2 0 0 2 0 2 0 0 1 0 1 0 0 0 0 0 2 0 0 2 0 0 0 2 0 1 0 0 2 0 2 0 0 2 0 0 2 0 0 2 0 2 0 1 0 1 0 1 0 2 0 1 0 2 0 2 0 2 0 1 0 0 2 0 2 0 1 0 0 0 1 0 0 0
23
64 8
0 2 0 1 0 2 0 0 2 0 0 0 0 1 0 0 0 0 1 0 2 0 0 0 0 1 0 1 0 0 0 0 1 0 2 0 0 0 0 0 2 0 0 0 0 0 2 0 1 0 0 1 0 0 1 0 0 0 2 0 1 0 2 0
55
190 19
1 0 0 2 0 0 2 0 2 0 0 2 0 1 0 1 0 2 0 0 0 0 0 0 2 0 2 0 2 0 0 1 0 0 0 1 0 0 1 0 2 0 2 0 0 2 0 0 2 0 1 0 0 0 0 0 0 2 0 0 0 2 0 2 0 1 0 0 2 0 0 2 0 1 0 0 2 0 0 0 2 0 0 2 0 0 2 0 0 0 1 0 0 1 0 1 0 2 0 0 2 0 0 1 0 1 0 0 2 0 2 0 0 0 0 1 0 1 0 0 2 0 2 0 0 0 2 0 2 0 0 2 0 2 0 2 0 2 0 0 2 0 0 2 0 0 2 0 2 0 2 0 0 0 2 0 2 0 0 0 2 0 0 1 0 2 0 1 0 0 1 0 0 0 1 0 0 2 0 0 2 0 2 0 0 1 0 2 0 0
13
133 19
1 0 2 0 1 0 0 2 0 0 0 0 2 0 0 0 2 0 2 0 0 1 0 0 0 2 0 0 0 1 0 0 0 0 0 2 0 2 0 0 2 0 2 0 1 0 1 0 0 2 0 0 2 0 0 0 2 0 1 0 2 0 0 2 0 2 0 0 1 0 2 0 1 0 2 0 0 0 2 0 0 2 0 0 0 0 1 0 1 0 0 0 0 0 2 0 0 0 2 0 2 0 2 0 0 0 1 0 1 0 1 0 0 0 2 0 2 0 0 2 0 0 0 2 0 0 0 0 1 0 2 0 0
61
119 17
2 0 2 0 1 0 0 0 1 0 2 0 2 0 0 2 0 0 0 0 0 1 0 2 0 2 0 0 2 0 1 0 2 0 0 0 0 0 2 0 1 0 2 0 0 2 0 0 0 1 0 2 0 2 0 0 1 0 0 0 1 0 0 0 0 0 0 2 0 0 0 2 0 2 0 0 0 0 0 0 2 0 1 0 2 0 2 0 2 0 0 0 0 1 0 1 0 0 1 0 2 0 0 0 0 0 1 0 0 0 2 0 2 0 0 2 0 0 0
119
114 3
1 0 2 0 2 0 2 0 0 0 0 0 1 0 0 0 2 0 0 2 0 0 1 0 1 0 0 2 0 2 0 1 0 2 0 1 0 0 1 0 2 0 2 0 2 0 2 0 0 2 0 2 0 2 0 1 0 1 0 0 0 1 0 2 0 2 0 0 0 0 0 2 0 0 2 0 0 2 0 2 0 2 0 1 0 0 0 2 0 0 0 1 0 2 0 1 0 0 2 0 2 0 1 0 2 0 0 2 0 1 0 2 0 0
89
105 5
2 0 1 0 0 1 0 0 1 0 2 0 1 0 0 1 0 1 0 2 0 0 1 0 2 0 2 0 1 0 1 0 0 1 0 0 0 0 1 0 0 0 2 0 0 2 0 0 2 0 0 2 0 0 2 0 0 1 0 2 0 1 0 2 0 1 0 0 0 2 0 1 0 1 0 2 0 2 0 0 2 0 0 0 0 1 0 0 2 0 2 0 0 2 0 0 0 2 0 1 0 1 0 2 0
71
48 8
0 2 0 1 0 0 2 0 2 0 0 0 2 0 2 0 0 0 0 0 2 0 0 0 0 2 0 1 0 0 0 1 0 1 0 0 2 0 0 2 0 0 1 0 0 0 0 0
33
51 17
1 0 0 0 0 0 1 0 0 1 0 0 0 1 0 0 0 0 2 0 0 2 0 0 0 2 0 2 0 0 0 1 0 0 0 0 1 0 0 2 0 0 0 2 0 1 0 0 0 1 0
18
192 1
2 0 0 0 2 0 0 2 0 0 0 0 1 0 0 2 0 2 0 2 0 0 1 0 2 0 2 0 0 1 0 0 0 2 0 0 1 0 0 1 0 0 0 0 2 0 2 0 2 0 0 1 0 1 0 0 2 0 0 0 2 0 0 0 0 2 0 0 2 0 2 0 2 0 2 0 2 0 0 0 0 0 1 0 1 0 0 0 1 0 1 0 1 0 1 0 2 0 2 0 0 1 0 0 1 0 1 0 1 0 2 0 0 0 1 0 1 0 1 0 1 0 2 0 0 1 0 0 1 0 2 0 1 0 1 0 0 2 0 2 0 1 0 0 2 0 2 0 2 0 0 0 0 0 2 0 1 0 0 0 2 0 1 0 2 0 2 0 2 0 2 0 0 1 0 2 0 0 1 0 0 0 2 0 0 0 0 2 0 0 2 0
175
170 17
2 0 0 1 0 0 1 0 0 0 0 2 0 2 0 2 0 1 0 0 2 0 2 0 2 0 0 2 0 0 0 0 1 0 2 0 2 0 1 0 0 2 0 0 0 2 0 0 1 0 2 0 0 0 2 0 0 2 0 0 0 1 0 1 0 2 0 0 0 0 2 0 0 2 0 0 1 0 1 0 1 0 1 0 0 1 0 0 0 0 1 0 0 0 2 0 2 0 2 0 0 2 0 2 0 0 2 0 0 0 2 0 2 0 0 2 0 2 0 0 2 0 0 0 0 2 0 0 1 0 1 0 0 0 1 0 2 0 1 0 2 0 2 0 1 0 2 0 2 0 0 2 0 2 0 0 2 0 0 0 2 0 1 0 2 0 2 0 2 0
51
160 8
1 0 1 0 0 2 0 1 0 0 1 0 0 0 0 0 0 0 2 0 0 0 2 0 0 2 0 2 0 0 2 0 0 0 2 0 2 0 0 0 0 0 2 0 0 1 0 2 0 1 0 2 0 1 0 0 1 0 2 0 1 0 2 0 1 0 0 1 0 0 0 0 1 0 1 0 2 0 1 0 0 2 0 2 0 0 0 1 0 2 0 1 0 1 0 2 0 2 0 0 1 0 1 0 0 0 0 0 0 0 0 2 0 0 1 0 1 0 2 0 1 0 1 0 0 2 0 2 0 0 2 0 2 0 0 1 0 1 0 0 0 0 0 0 0 0 0 2 0 2 0 2 0 1 0 2 0 2 0 0
136
182 7
0 2 0 0 0 2 0 1 0 2 0 2 0 0 0 0 1 0 0 1 0 0 0 2 0 0 1 0 1 0 0 2 0 2 0 0 0 0 0 2 0 2 0 2 0 2 0 0 2 0 1 0 2 0 2 0 1 0 1 0 2 0 1 0 0 1 0 0 1 0 2 0 0 0 0 0 0 0 0 1 0 0 0 0 2 0 0 0 0 2 0 0 0 0 2 0 0 0 2 0 1 0 1 0 2 0 2 0 1 0 2 0 1 0 2 0 0 2 0 2 0 0 0 2 0 1 0 2 0 0 1 0 0 2 0 0 2 0 0 0 1 0 2 0 0 2 0 0 0 0 0 2 0 2 0 0 0 2 0 1 0 0 0 0 0 2 0 0 0 2 0 1 0 2 0 1 0 0 2 0 2 0
134
84 12
1 0 0 1 0 0 0 1 0 2 0 2 0 0 0 0 0 2 0 1 0 0 0 1 0 0 2 0 2 0 2 0 0 0 0 0 2 0 2 0 2 0 2 0 0 2 0 2 0 1 0 0 1 0 1 0 0 1 0 2 0 2 0 1 0 2 0 0 2 0 0 0 2 0 0 2 0 0 0 1 0 0 2 0
38
182 14
2 0 0 0 1 0 1 0 0 2 0 1 0 0 2 0 0 1 0 1 0 1 0 0 0 0 0 2 0 0 1 0 0 0 0 1 0 1 0 0 0 1 0 2 0 0 1 0 1 0 2 0 0 0 0 2 0 0 1 0 0 2 0 0 0 0 2 0 0 0 2 0 0 1 0 0 0 0 1 0 1 0 2 0 0 1 0 0 2 0 0 1 0 0 0 0 1 0 0 0 0 0 1 0 0 0 0 0 0 1 0 0 2 0 0 2 0 1 0 2 0 2 0 0 2 0 2 0 0 0 2 0 2 0 0 1 0 0 0 1 0 2 0 1 0 0 2 0 1 0 2 0 0 2 0 0 1 0 1 0 2 0 2 0 1 0 0 0 0 0 2 0 0 0 1 0 0 0 0 0 0 0
25
176 16
2 0 2 0 0 2 0 0 0 2 0 0 1 0 1 0 2 0 2 0 2 0 2 0 0 0 1 0 0 0 1 0 0 1 0 1 0 2 0 1 0 0 0 0 2 0 0 2 0 2 0 2 0 0 0 0 1 0 2 0 1 0 1 0 2 0 0 2 0 2 0 2 0 2 0 0 0 0 0 0 2 0 1 0 0 0 0 0 0 0 2 0 0 0 0 0 0 1 0 2 0 1 0 0 0 1 0 0 2 0 0 2 0 0 0 0 1 0 0 2 0 0 0 0 0 1 0 0 0 1 0 0 0 1 0 1 0 2 0 0 2 0 0 0 2 0 1 0 1 0 2 0 2 0 0 0 2 0 0 2 0 2 0 0 0 0 2 0 1 0 2 0 1 0 0 0
109
136 17
1 0 2 0 1 0 0 0 1 0 2 0 2 0 1 0 1 0 0 2 0 2 0 0 0 1 0 0 2 0 1 0 0 0 2 0 1 0 0 0 0 0 0 1 0 1 0 0 0 0 1 0 2 0 1 0 0 1 0 0 2 0 2 0 1 0 2 0 0 0 0 0 2 0 0 2 0 0 2 0 0 0 0 0 0 2 0 0 2 0 2 0 0 0 0 0 0 2 0 2 0 0 1 0 2 0 0 2 0 2 0 0 0 0 0 1 0 0 1 0 0 1 0 2 0 0 2 0 0 2 0 2 0 0 2 0
87
186 2
0 2 0 2 0 0 0 2 0 0 1 0 0 1 0 2 0 0 2 0 1 0 0 2 0 0 0 1 0 2 0 2 0 0 1 0 0 2 0 1 0 2 0 0 0 0 0 0 0 2 0 0 0 2 0 0 0 2 0 0 0 0 1 0 0 2 0 1 0 0 0 1 0 1 0 0 2 0 2 0 0 1 0 0 1 0 0 1 0 0 2 0 0 2 0 0 1 0 0 2 0 0 1 0 1 0 2 0 1 0 2 0 2 0 0 2 0 1 0 0 2 0 2 0 0 2 0 1 0 2 0 2 0 2 0 0 1 0 0 1 0 2 0 2 0 2 0 2 0 2 0 0 2 0 2 0 1 0 2 0 1 0 1 0 1 0 2 0 0 2 0 1 0 1 0 0 1 0 0 2 0 1 0 1 0 0
38
148 4
0 1 0 2 0 2 0 0 2 0 0 0 0 0 0 1 0 1 0 2 0 0 0 2 0 1 0 0 0 0 0 0 2 0 2 0 0 1 0 2 0 1 0 2 0 1 0 1 0 1 0 0 0 0 0 1 0 2 0 0 1 0 0 0 1 0 2 0 2 0 2 0 1 0 2 0 2 0 2 0 2 0 1 0 1 0 1 0 0 2 0 1 0 0 2 0 2 0 0 0 2 0 1 0 0 0 0 0 2 0 0 0 0 0 1 0 0 0 2 0 2 0 2 0 2 0 1 0 0 1 0 0 2 0 0 2 0 2 0 0 0 1 0 0 2 0 0 0
122
135 15
0 2 0 0 2 0 0 0 0 0 0 1 0 0 0 1 0 0 0 2 0 0 2 0 1 0 0 0 2 0 0 0 1 0 0 0 1 0 2 0 1 0 0 0 0 2 0 0 0 0 1 0 2 0 2 0 1 0 1 0 2 0 0 1 0 2 0 0 1 0 0 0 0 1 0 2 0 2 0 0 0 0 2 0 0 2 0 0 0 0 0 1 0 0 2 0 0 0 0 2 0 1 0 2 0 0 2 0 0 2 0 2 0 0 0 2 0 2 0 2 0 1 0 0 2 0 0 1 0 0 2 0 0 2 0
13
99 11
0 1 0 1 0 1 0 2 0 1 0 0 0 0 2 0 2 0 2 0 0 1 0 1 0 0 0 1 0 2 0 0 0 0 1 0 0 0 2 0 2 0 1 0 0 1 0 2 0 0 2 0 0 0 0 0 1 0 1 0 0 0 0 1 0 2 0 2 0 1 0 0 0 2 0 0 1 0 1 0 0 2 0 0 0 0 0 0 1 0 1 0 1 0 2 0 2 0 0
83
80 16
2 0 2 0 0 1 0 1 0 0 0 2 0 0 0 0 0 2 0 0 1 0 1 0 0 1 0 2 0 0 2 0 1 0 0 0 2 0 1 0 2 0 0 1 0 2 0 0 0 0 0 2 0 2 0 0 0 2 0 0 0 1 0 2 0 0 2 0 0 0 0 2 0 0 0 2 0 2 0 0
75
152 8
0 2 0 0 0 0 1 0 0 1 0 1 0 0 1 0 1 0 0 0 0 1 0 1 0 2 0 0 2 0 2 0 2 0 1 0 2 0 1 0 0 0 1 0 0 0 1 0 0 0 0 1 0 0 2 0 0 0 2 0 0 0 0 2 0 1 0 0 1 0 2 0 2 0 2 0 0 2 0 2 0 1 0 2 0 1 0 2 0 0 2 0 0 2 0 1 0 0 2 0 2 0 1 0 2 0 0 1 0 0 2 0 0 0 0 0 0 1 0 0 0 0 2 0 1 0 2 0 0 2 0 1 0 0 0 2 0 1 0 0 0 2 0 2 0 2 0 1 0 0 2 0
114
180 20
2 0 0 0 1 0 0 1 0 1 0 2 0 0 2 0 1 0 2 0 2 0 1 0 0 1 0 0 2 0 2 0 2 0 0 0 2 0 2 0 0 0 0 2 0 2 0 0 0 0 0 0 2 0 0 2 0 2 0 0 2 0 0 0 0 2 0 2 0 2 0 0 0 2 0 2 0 0 2 0 0 0 2 0 0 2 0 0 2 0 1 0 1 0 2 0 1 0 0 0 2 0 0 2 0 2 0 0 2 0 0 0 0 0 2 0 0 2 0 1 0 0 2 0 0 0 0 2 0 1 0 2 0 0 0 2 0 1 0 2 0 0 1 0 0 1 0 0 1 0 2 0 0 0 1 0 0 2 0 0 1 0 0 2 0 0 0 2 0 1 0 0 0 1 0 1 0 2 0 0
56
72 6
2 0 2 0 2 0 0 2 0 1 0 0 0 1 0 0 2 0 1 0 2 0 0 0 0 0 2 0 0 2 0 2 0 0 0 0 0 0 1 0 2 0 2 0 2 0 1 0 1 0 2 0 1 0 1 0 0 1 0 0 2 0 0 0 0 0 0 0 1 0 0 0
20
136 2
0 0 0 1 0 1 0 0 2 0 2 0 2 0 2 0 2 0 0 0 1 0 2 0 1 0 2 0 0 2 0 0 0 2 0 2 0 0 1 0 0 0 0 0 1 0 1 0 0 2 0 0 0 2 0 0 2 0 1 0 0 1 0 0 0 2 0 0 2 0 0 1 0 0 1 0 0 2 0 0 1 0 0 2 0 1 0 1 0 0 1 0 0 0 0 0 0 1 0 0 1 0 2 0 2 0 0 2 0 1 0 2 0 0 2 0 2 0 0 0 2 0 1 0 1 0 0 1 0 2 0 0 2 0 2 0
30
55 5
1 0 0 0 0 0 0 0 1 0 0 0 0 1 0 2 0 0 0 0 2 0 2 0 1 0 0 1 0 1 0 2 0 0 2 0 2 0 2 0 1 0 0 0 0 0 1 0 0 2 0 1 0 2 0
54
171 19
1 0 2 0 0 1 0 0 0 0 0 2 0 2 0 2 0 0 0 0 0 0 0 0 1 0 0 0 2 0 0 1 0 0 1 0 0 2 0 1 0 0 2 0 0 1 0 2 0 0 0 0 2 0 0 2 0 0 2 0 1 0 0 0 2 0 2 0 2 0 0 0 1 0 0 1 0 2 0 0 0 2 0 0 0 1 0 0 1 0 1 0 1 0 1 0 1 0 0 1 0 1 0 0 2 0 0 0 0 1 0 1 0 0 1 0 0 1 0 0 0 2 0 1 0 0 1 0 2 0 0 0 1 0 0 2 0 1 0 0 0 0 2 0 2 0 2 0 0 0 0 0 0 1 0 0 1 0 0 1 0 0 0 0 1 0 2 0 0 1 0
31
70 10
0 2 0 0 0 0 0 0 0 1 0 0 2 0 1 0 2 0 0 0 0 2 0 0 1 0 1 0 2 0 2 0 0 2 0 2 0 1 0 0 1 0 1 0 1 0 1 0 0 1 0 2 0 1 0 0 2 0 2 0 2 0 0 1 0 1 0 0 0 0
49
90 9
0 1 0 0 2 0 1 0 2 0 0 2 0 2 0 0 1 0 2 0 2 0 0 0 0 0 1 0 0 0 0 2 0 2 0 1 0 0 1 0 2 0 0 0 0 1 0 1 0 0 0 2 0 1 0 0 0 2 0 0 1 0 1 0 2 0 2 0 0 0 1 0 1 0 2 0 1 0 0 0 2 0 0 0 1 0 2 0 0 0
37
126 18
2 0 1 0 2 0 0 0 0 1 0 2 0 0 0 0 0 1 0 0 0 2 0 0 0 1 0 0 1 0 0 2 0 0 0 0 0 1 0 0 0 0 0 0 2 0 2 0 0 0 1 0 1 0 2 0 1 0 0 1 0 0 0 2 0 2 0 0 0 0 2 0 2 0 0 0 0 2 0 1 0 1 0 0 0 0 2 0 0 2 0 2 0 0 2 0 2 0 2 0 0 0 2 0 0 0 0 0 0 0 0 0 1 0 1 0 1 0 0 1 0 0 2 0 2 0
117
70 14
2 0 0 0 0 0 1 0 0 0 2 0 2 0 0 0 1 0 1 0 0 1 0 2 0 0 0 2 0 0 2 0 0 0 0 0 2 0 0 0 2 0 2 0 0 2 0 1 0 0 1 0 0 0 0 1 0 0 0 0 0 2 0 2 0 2 0 0 2 0
67
70 14
0 0 0 0 0 0 2 0 1 0 0 0 1 0 0 2 0 0 2 0 0 2 0 0 0 2 0 2 0 0 2 0 0 2 0 0 0 2 0 0 0 0 0 0 0 1 0 1 0 0 2 0 2 0 0 0 2 0 1 0 1 0 2 0 0 1 0 2 0 0
11
64 2
0 0 1 0 1 0 2 0 0 2 0 0 0 1 0 2 0 2 0 0 1 0 0 1 0 2 0 1 0 0 2 0 2 0 2 0 2 0 2 0 1 0 2 0 2 0 0 2 0 1 0 2 0 2 0 0 0 1 0 0 0 1 0 0
63
150 10
1 0 0 1 0 0 0 0 0 0 1 0 0 2 0 0 1 0 0 2 0 2 0 0 0 1 0 2 0 0 0 0 2 0 1 0 0 2 0 1 0 1 0 2 0 2 0 2 0 2 0 2 0 0 0 2 0 1 0 0 0 2 0 1 0 0 2 0 1 0 1 0 1 0 0 1 0 0 0 1 0 2 0 2 0 0 1 0 2 0 0 0 2 0 0 2 0 0 1 0 0 0 2 0 0 1 0 2 0 2 0 0 0 1 0 2 0 0 1 0 0 0 0 0 1 0 0 2 0 2 0 2 0 0 0 1 0 0 0 2 0 2 0 2 0 0 0 1 0 0
89
165 5
0 2 0 1 0 2 0 1 0 0 2 0 0 0 0 0 2 0 1 0 0 2 0 0 1 0 2 0 2 0 2 0 0 0 0 0 0 0 1 0 0 0 0 1 0 2 0 0 0 2 0 2 0 0 0 0 0 2 0 2 0 2 0 0 0 0 1 0 1 0 2 0 1 0 1 0 2 0 0 2 0 0 1 0 1 0 0 0 2 0 2 0 1 0 1 0 0 1 0 0 2 0 0 0 2 0 1 0 2 0 0 0 0 0 1 0 0 2 0 0 0 2 0 0 2 0 0 0 0 1 0 0 0 0 1 0 0 2 0 0 0 1 0 1 0 1 0 1 0 2 0 2 0 2 0 0 0 2 0 0 0 0 1 0 0
138
152 19
2 0 2 0 2 0 0 0 2 0 2 0 1 0 0 0 2 0 0 2 0 2 0 0 2 0 0 2 0 2 0 0 2 0 1 0 1 0 0 0 2 0 1 0 0 0 1 0 2 0 0 1 0 2 0 0 0 1 0 1 0 1 0 0 1 0 2 0 2 0 0 0 1 0 2 0 2 0 1 0 0 2 0 0 1 0 0 0 0 0 2 0 2 0 0 0 1 0 1 0 0 0 1 0 1 0 1 0 0 0 0 0 0 2 0 2 0 2 0 0 0 2 0 0 2 0 2 0 0 2 0 0 2 0 2 0 1 0 0 2 0 1 0 0 2 0 0 1 0 1 0 0
114
120 5
0 0 0 1 0 2 0 2 0 0 2 0 0 0 0 0 2 0 2 0 2 0 2 0 0 1 0 2 0 1 0 2 0 0 0 2 0 0 0 1 0 1 0 2 0 2 0 0 0 0 1 0 2 0 2 0 0 0 2 0 1 0 0 0 1 0 1 0 0 2 0 0 0 0 1 0 1 0 1 0 2 0 0 1 0 1 0 0 1 0 2 0 0 0 0 0 1 0 2 0 0 2 0 0 2 0 2 0 0 2 0 2 0 2 0 1 0 2 0 0
98
56 8
2 0 0 2 0 2 0 2 0 1 0 2 0 0 1 0 0 2 0 1 0 0 1 0 1 0 0 0 0 1 0 2 0 2 0 1 0 0 0 1 0 0 0 0 2 0 1 0 0 0 2 0 0 2 0 0
54
70 5
0 2 0 2 0 0 1 0 1 0 0 2 0 0 2 0 2 0 1 0 0 2 0 1 0 0 2 0 0 2 0 0 1 0 1 0 1 0 2 0 1 0 0 0 0 2 0 2 0 2 0 0 0 2 0 0 1 0 1 0 1 0 1 0 2 0 1 0 1 0
39
132 6
0 2 0 0 1 0 2 0 0 2 0 0 0 0 0 2 0 2 0 1 0 0 1 0 1 0 2 0 0 0 0 0 1 0 1 0 0 2 0 0 0 1 0 0 0 2 0 0 0 2 0 0 1 0 1 0 2 0 1 0 2 0 2 0 1 0 0 1 0 0 0 0 2 0 0 2 0 2 0 1 0 0 1 0 2 0 0 0 0 0 2 0 2 0 0 1 0 0 2 0 2 0 2 0 1 0 0 0 0 0 0 0 2 0 2 0 2 0 0 1 0 2 0 2 0 2 0 2 0 2 0 0
57
64 16
2 0 0 0 2 0 0 0 1 0 2 0 2 0 2 0 2 0 0 0 2 0 0 0 2 0 0 0 0 0 2 0 2 0 1 0 2 0 0 0 1 0 2 0 0 1 0 0 2 0 0 0 0 0 2 0 0 0 1 0 0 1 0 0
1
85 17
2 0 0 2 0 0 0 0 1 0 1 0 0 0 0 2 0 0 2 0 1 0 2 0 0 2 0 0 2 0 0 1 0 1 0 2 0 1 0 0 1 0 2 0 0 0 2 0 2 0 0 0 2 0 0 0 0 0 2 0 0 0 0 1 0 2 0 0 1 0 2 0 0 2 0 0 1 0 2 0 1 0 0 0 0
27
118 2
0 0 0 2 0 2 0 2 0 2 0 1 0 1 0 2 0 0 2 0 1 0 1 0 2 0 2 0 0 0 0 1 0 2 0 1 0 0 0 2 0 1 0 2 0 1 0 2 0 0 0 0 1 0 2 0 1 0 0 0 0 0 0 2 0 0 1 0 1 0 2 0 1 0 1 0 1 0 0 0 2 0 2 0 2 0 0 0 0 0 0 2 0 0 1 0 0 0 0 1 0 1 0 2 0 2 0 0 0 2 0 0 0 2 0 1 0 0
11
91 7
1 0 2 0 2 0 0 1 0 1 0 1 0 0 2 0 0 2 0 0 0 2 0 2 0 0 1 0 2 0 0 0 1 0 0 0 0 0 0 2 0 1 0 2 0 2 0 1 0 0 1 0 0 1 0 1 0 2 0 2 0 2 0 0 0 0 0 2 0 0 2 0 1 0 2 0 0 0 0 1 0 1 0 0 0 0 2 0 0 1 0
62
182 13
2 0 1 0 2 0 0 2 0 0 0 0 2 0 0 0 1 0 2 0 0 0 0 2 0 1 0 0 1 0 0 0 1 0 1 0 2 0 0 2 0 0 0 2 0 0 1 0 2 0 1 0 0 2 0 0 1 0 0 2 0 0 2 0 0 2 0 1 0 0 1 0 2 0 2 0 0 0 0 2 0 1 0 0 1 0 2 0 2 0 1 0 0 2 0 0 2 0 2 0 2 0 0 0 0 0 0 1 0 0 1 0 0 0 0 0 0 0 0 0 0 0 0 2 0 0 1 0 1 0 2 0 0 0 0 0 1 0 2 0 2 0 0 1 0 0 0 2 0 1 0 2 0 0 0 0 0 0 0 0 2 0 2 0 1 0 1 0 0 2 0 1 0 0 2 0 0 2 0 1 0 0
138
57 19
1 0 0 0 2 0 2 0 0 0 0 0 2 0 0 2 0 0 2 0 0 1 0 0 0 1 0 1 0 0 1 0 0 2 0 0 0 1 0 1 0 0 1 0 0 1 0 0 2 0 0 2 0 0 2 0 0
44
96 4
0 2 0 0 2 0 2 0 0 0 2 0 1 0 2 0 2 0 0 2 0 1 0 0 1 0 1 0 2 0 0 2 0 1 0 0 0 0 0 0 0 0 2 0 2 0 2 0 0 0 0 0 0 0 0 2 0 0 0 2 0 0 2 0 0 0 0 0 2 0 0 0 0 2 0 1 0 0 0 0 2 0 0 2 0 2 0 1 0 0 0 1 0 0 0 0
61
129 3
1 0 1 0 2 0 1 0 1 0 0 0 1 0 0 2 0 0 0 2 0 0 1 0 0 2 0 0 1 0 2 0 0 0 0 2 0 2 0 2 0 2 0 0 1 0 0 1 0 2 0 2 0 1 0 2 0 2 0 2 0 2 0 2 0 1 0 2 0 0 1 0 0 2 0 0 2 0 2 0 0 0 0 1 0 0 0 0 0 2 0 2 0 1 0 0 0 2 0 1 0 1 0 0 0 0 2 0 0 0 0 1 0 2 0 2 0 0 0 0 1 0 2 0 0 2 0 2 0
52
125 5
1 0 2 0 0 0 2 0 0 2 0 2 0 2 0 1 0 1 0 1 0 0 1 0 0 0 2 0 1 0 0 0 0 0 0 0 2 0 1 0 0 0 0 2 0 0 1 0 0 0 0 1 0 2 0 0 0 2 0 0 2 0 1 0 2 0 2 0 0 2 0 1 0 0 0 0 2 0 0 1 0 2 0 1 0 2 0 2 0 0 0 1 0 2 0 1 0 1 0 0 1 0 2 0 1 0 0 2 0 0 2 0 0 0 2 0 2 0 2 0 2 0 2 0 0
17
152 19
2 0 2 0 2 0 2 0 1 0 0 1 0 2 0 0 2 0 2 0 1 0 2 0 0 0 0 2 0 2 0 0 0 2 0 1 0 1 0 0 0 1 0 0 1 0 1 0 2 0 2 0 0 1 0 0 2 0 2 0 0 0 0 0 2 0 0 0 0 1 0 0 0 0 0 0 1 0 1 0 1 0 0 2 0 1 0 0 0 0 2 0 0 0 0 0 1 0 2 0 2 0 2 0 1 0 0 0 1 0 0 0 2 0 0 0 0 1 0 0 0 2 0 2 0 0 0 0 2 0 1 0 1 0 0 0 0 2 0 0 0 0 2 0 1 0 0 2 0 2 0 0
118
78 2
2 0 0 0 0 0 1 0 0 1 0 1 0 2 0 0 0 1 0 1 0 0 2 0 0 0 0 0 0 1 0 1 0 0 0 2 0 1 0 0 2 0 1 0 0 0 0 1 0 2 0 2 0 2 0 2 0 2 0 0 0 1 0 2 0 2 0 1 0 0 0 2 0 0 0 0 2 0
14
104 8
0 1 0 0 2 0 0 2 0 0 0 2 0 0 1 0 2 0 2 0 0 1 0 0 1 0 0 0 1 0 1 0 0 0 1 0 0 0 0 1 0 2 0 0 2 0 2 0 2 0 0 0 2 0 0 0 0 2 0 2 0 0 0 0 0 0 1 0 2 0 2 0 0 0 1 0 2 0 0 2 0 0 0 1 0 2 0 0 0 0 0 0 0 0 0 2 0 2 0 2 0 1 0 0
13
120 3
0 2 0 1 0 0 0 1 0 2 0 1 0 2 0 2 0 0 2 0 1 0 1 0 0 2 0 0 1 0 0 0 0 2 0 0 1 0 0 0 1 0 0 1 0 1 0 0 0 2 0 0 0 1 0 1 0 0 0 2 0 0 0 0 2 0 1 0 2 0 0 0 2 0 2 0 0 0 0 0 0 0 0 2 0 2 0 2 0 2 0 2 0 0 0 1 0 2 0 2 0 1 0 1 0 1 0 1 0 0 1 0 0 1 0 2 0 0 0 0
67
104 13
1 0 2 0 0 0 2 0 2 0 0 1 0 0 2 0 0 0 1 0 0 1 0 0 1 0 1 0 2 0 2 0 0 2 0 2 0 0 2 0 2 0 0 0 1 0 2 0 0 0 2 0 2 0 1 0 0 2 0 0 1 0 1 0 2 0 2 0 1 0 0 0 1 0 1 0 0 2 0 0 2 0 0 0 2 0 0 0 1 0 0 1 0 1 0 0 0 0 0 0 0 0 2 0
103
110 11
1 0 2 0 0 2 0 0 2 0 0 0 1 0 0 2 0 0 2 0 0 2 0 1 0 2 0 0 1 0 0 0 0 1 0 0 0 0 1 0 0 1 0 2 0 1 0 2 0 0 2 0 2 0 2 0 2 0 1 0 0 0 1 0 0 0 1 0 0 0 0 1 0 2 0 0 0 2 0 0 1 0 0 2 0 2 0 2 0 0 0 2 0 2 0 0 2 0 1 0 0 0 1 0 2 0 0 2 0 0
10
153 17
1 0 1 0 1 0 0 0 0 1 0 1 0 1 0 0 1 0 2 0 0 0 0 2 0 0 0 2 0 0 1 0 2 0 0 0 1 0 2 0 1 0 0 2 0 0 1 0 0 2 0 2 0 0 0 0 2 0 2 0 1 0 0 2 0 0 0 1 0 1 0 0 0 2 0 0 0 0 2 0 0 2 0 1 0 2 0 0 0 0 0 2 0 0 0 2 0 0 0 2 0 2 0 0 2 0 2 0 2 0 2 0 1 0 2 0 0 0 0 1 0 0 1 0 2 0 1 0 2 0 1 0 2 0 0 0 0 2 0 1 0 0 1 0 0 0 0 0 1 0 0 1 0
59
80 16
2 0 0 0 0 0 0 1 0 0 0 0 0 0 0 2 0 1 0 0 0 1 0 0 0 1 0 2 0 0 0 0 2 0 0 1 0 1 0 0 0 2 0 0 0 2 0 0 2 0 0 2 0 1 0 2 0 1 0 0 2 0 2 0 0 2 0 1 0 0 0 2 0 1 0 0 2 0 0 0
77
100 20
1 0 0 0 0 2 0 2 0 0 0 0 2 0 0 1 0 0 0 0 0 1 0 0 0 0 2 0 0 0 1 0 2 0 0 0 0 0 2 0 1 0 0 0 0 2 0 2 0 0 2 0 0 1 0 0 1 0 0 0 2 0 0 1 0 2 0 0 0 0 0 0 2 0 0 2 0 2 0 0 0 0 0 1 0 1 0 2 0 0 0 2 0 0 0 0 0 1 0 0
43
84 3
0 1 0 0 0 1 0 1 0 2 0 0 1 0 1 0 2 0 0 0 1 0 2 0 2 0 2 0 0 1 0 0 1 0 0 0 1 0 1 0 2 0 0 0 0 0 0 1 0 2 0 1 0 0 0 0 1 0 1 0 1 0 0 2 0 1 0 1 0 2 0 0 0 2 0 1 0 0 2 0 0 0 0 0
1
72 18
1 0 2 0 0 0 0 0 1 0 1 0 0 2 0 0 1 0 0 0 2 0 1 0 1 0 1 0 0 2 0 0 0 0 0 0 2 0 0 0 0 0 1 0 0 2 0 0 0 1 0 0 2 0 2 0 2 0 2 0 0 1 0 0 0 0 2 0 0 2 0 0
24
76 4
0 0 2 0 0 1 0 1 0 0 0 0 2 0 0 1 0 2 0 0 1 0 0 0 2 0 2 0 2 0 2 0 0 2 0 2 0 0 1 0 0 0 2 0 0 1 0 1 0 2 0 2 0 2 0 2 0 1 0 2 0 1 0 1 0 1 0 1 0 2 0 0 0 0 1 0
51
180 15
1 0 0 0 0 0 1 0 0 0 2 0 0 0 0 2 0 0 1 0 0 1 0 0 0 0 2 0 0 0 0 0 0 0 2 0 0 2 0 0 0 2 0 0 1 0 2 0 2 0 0 2 0 2 0 2 0 1 0 0 1 0 0 1 0 2 0 1 0 0 2 0 2 0 2 0 0 0 2 0 0 0 2 0 0 0 2 0 2 0 2 0 0 2 0 0 0 0 2 0 0 0 2 0 2 0 2 0 0 0 0 0 2 0 1 0 1 0 1 0 0 0 0 0 0 1 0 0 0 0 0 0 0 2 0 2 0 0 0 2 0 2 0 0 2 0 1 0 0 0 1 0 2 0 1 0 2 0 1 0 2 0 0 1 0 0 0 0 2 0 1 0 2 0 0 2 0 0 2 0
4
57 3
2 0 2 0 1 0 0 2 0 1 0 0 0 0 0 0 0 2 0 0 0 0 2 0 1 0 0 0 2 0 0 0 0 1 0 1 0 0 1 0 0 1 0 2 0 0 1 0 0 2 0 2 0 0 1 0 0
18
68 17
0 1 0 0 1 0 2 0 1 0 1 0 0 0 1 0 2 0 0 0 2 0 0 0 2 0 0 0 0 0 1 0 0 2 0 0 0 2 0 0 2 0 2 0 0 0 1 0 2 0 1 0 2 0 1 0 1 0 1 0 0 0 0 0 0 0 0 0
3
90 18
0 2 0 2 0 0 2 0 0 0 2 0 1 0 0 1 0 2 0 0 0 1 0 0 0 0 0 1 0 0 2 0 0 2 0 0 0 0 0 0 0 0 2 0 0 2 0 1 0 0 0 1 0 1 0 2 0 1 0 0 0 0 2 0 0 0 0 2 0 0 1 0 0 2 0 0 1 0 2 0 0 0 2 0 0 1 0 2 0 0
65
110 10
2 0 0 2 0 0 2 0 0 2 0 0 2 0 0 1 0 0 0 2 0 0 0 2 0 2 0 2 0 0 0 1 0 2 0 2 0 1 0 1 0 1 0 0 0 0 2 0 1 0 1 0 0 0 0 0 1 0 2 0 0 0 2 0 0 0 2 0 2 0 2 0 0 0 2 0 0 0 1 0 0 1 0 0 2 0 0 0 2 0 0 1 0 1 0 1 0 0 0 1 0 2 0 1 0 0 2 0 2 0
62
168 14
0 0 1 0 1 0 2 0 2 0 0 0 0 2 0 2 0 2 0 2 0 2 0 0 1 0 2 0 0 0 2 0 0 2 0 0 0 0 2 0 2 0 2 0 1 0 0 0 0 0 0 2 0 0 2 0 0 0 0 0 0 2 0 1 0 1 0 0 0 2 0 0 0 2 0 0 2 0 2 0 0 2 0 0 0 2 0 0 2 0 1 0 1 0 2 0 2 0 2 0 1 0 1 0 0 2 0 0 2 0 2 0 0 0 0 0 0 0 1 0 1 0 0 2 0 0 2 0 2 0 1 0 2 0 1 0 0 0 0 0 2 0 0 0 2 0 0 2 0 0 0 2 0 2 0 0 0 0 2 0 2 0 0 1 0 0 2 0
40
128 4
1 0 2 0 1 0 1 0 1 0 0 2 0 2 0 1 0 2 0 1 0 1 0 2 0 2 0 1 0 2 0 0 0 2 0 2 0 0 0 2 0 2 0 1 0 2 0 0 2 0 1 0 2 0 0 1 0 0 0 1 0 2 0 0 1 0 0 0 2 0 0 2 0 0 2 0 0 2 0 2 0 2 0 0 2 0 1 0 2 0 2 0 0 2 0 0 0 0 2 0 0 0 0 0 0 0 0 0 2 0 0 2 0 2 0 2 0 2 0 1 0 1 0 1 0 2 0 0
102
140 7
0 0 2 0 0 0 1 0 2 0 0 0 2 0 2 0 2 0 0 0 0 1 0 0 2 0 2 0 0 1 0 0 2 0 2 0 2 0 0 0 1 0 2 0 0 2 0 2 0 0 1 0 0 2 0 0 2 0 2 0 2 0 1 0 0 0 0 0 0 0 0 1 0 0 0 1 0 0 1 0 0 1 0 0 2 0 2 0 0 1 0 1 0 0 1 0 0 2 0 0 0 0 0 0 0 2 0 1 0 2 0 0 1 0 2 0 2 0 0 0 2 0 2 0 2 0 0 0 2 0 2 0 0 2 0 0 1 0 0 0
23
150 6
2 0 0 0 2 0 0 0 0 1 0 2 0 0 2 0 1 0 2 0 0 1 0 0 0 0 2 0 2 0 1 0 0 2 0 1 0 0 2 0 2 0 1 0 0 1 0 2 0 0 0 0 0 2 0 1 0 2 0 0 1 0 1 0 0 1 0 0 0 0 0 0 1 0 0 2 0 2 0 0 2 0 2 0 0 2 0 0 0 2 0 0 0 0 0 0 0 2 0 0 2 0 0 0 0 2 0 2 0 2 0 2 0 2 0 2 0 0 2 0 1 0 2 0 0 1 0 0 2 0 0 0 2 0 0 2 0 2 0 2 0 0 2 0 2 0 2 0 2 0
18
51 17
0 1 0 1 0 0 1 0 0 1 0 0 0 0 0 2 0 0 0 2 0 0 2 0 0 0 0 0 2 0 0 1 0 0 0 0 0 1 0 1 0 0 0 0 0 0 2 0 0 0 0
13
114 19
0 2 0 2 0 0 0 0 1 0 1 0 0 0 2 0 1 0 1 0 2 0 2 0 2 0 2 0 0 0 0 0 1 0 0 0 1 0 0 1 0 0 2 0 2 0 1 0 0 0 0 1 0 0 2 0 1 0 1 0 2 0 0 0 0 0 0 0 0 2 0 0 1 0 0 1 0 0 1 0 2 0 1 0 2 0 2 0 1 0 2 0 0 0 0 0 2 0 0 1 0 0 0 0 2 0 1 0 0 0 0 0 0 0
18
187 17
2 0 0 1 0 1 0 2 0 2 0 1 0 1 0 2 0 2 0 0 2 0 0 1 0 0 0 0 2 0 1 0 0 1 0 2 0 2 0 0 2 0 2 0 1 0 0 0 2 0 2 0 2 0 0 2 0 0 0 0 2 0 2 0 0 0 1 0 2 0 0 1 0 0 2 0 0 1 0 2 0 2 0 0 2 0 0 0 0 1 0 1 0 2 0 2 0 0 0 2 0 1 0 2 0 1 0 0 2 0 1 0 0 0 2 0 1 0 1 0 0 2 0 2 0 0 1 0 2 0 0 0 2 0 2 0 2 0 2 0 2 0 0 1 0 2 0 2 0 1 0 2 0 0 0 1 0 1 0 1 0 2 0 1 0 1 0 1 0 0 1 0 0 1 0 0 2 0 1 0 2 0 1 0 0 2 0
121
130 13
2 0 2 0 0 2 0 0 1 0 2 0 2 0 2 0 0 1 0 0 2 0 0 2 0 0 1 0 2 0 1 0 2 0 0 1 0 1 0 0 1 0 2 0 0 0 2 0 2 0 0 0 0 2 0 1 0 2 0 0 1 0 0 0 2 0 0 1 0 0 0 1 0 0 0 2 0 2 0 0 0 2 0 0 2 0 2 0 1 0 2 0 0 2 0 2 0 1 0 0 1 0 0 2 0 1 0 1 0 0 2 0 2 0 2 0 2 0 0 0 0 0 1 0 1 0 0 1 0 0
125
99 9
0 0 0 0 0 0 0 2 0 1 0 2 0 0 0 0 0 2 0 0 0 0 1 0 0 2 0 0 0 0 0 2 0 0 2 0 0 1 0 0 0 2 0 0 0 2 0 0 0 1 0 2 0 0 0 0 0 0 0 2 0 1 0 1 0 0 0 0 2 0 1 0 2 0 1 0 0 0 0 0 0 2 0 0 0 2 0 0 1 0 1 0 1 0 0 0 1 0 0
20
54 3
0 0 2 0 0 0 0 2 0 2 0 1 0 1 0 2 0 0 0 2 0 2 0 1 0 0 1 0 0 1 0 2 0 0 0 0 0 2 0 0 2 0 2 0 2 0 0 0 0 0 0 1 0 0
23
126 1
0 1 0 2 0 0 1 0 2 0 2 0 0 2 0 0 0 2 0 0 1 0 0 0 2 0 1 0 1 0 0 0 1 0 0 0 0 1 0 1 0 0 0 0 2 0 2 0 0 2 0 2 0 0 0 0 2 0 2 0 0 0 0 0 2 0 0 2 0 2 0 0 0 0 2 0 0 0 0 0 0 1 0 2 0 2 0 0 0 0 0 0 1 0 1 0 0 0 2 0 1 0 0 2 0 0 1 0 0 0 2 0 0 0 1 0 0 1 0 0 1 0 1 0 0 0
73
60 6
0 2 0 2 0 0 0 1 0 0 0 1 0 0 2 0 1 0 0 0 0 0 1 0 0 1 0 2 0 0 0 2 0 2 0 0 2 0 0 0 0 0 2 0 0 1 0 0 0 0 0 1 0 1 0 0 1 0 0 0
19
63 9
0 2 0 0 0 2 0 1 0 2 0 1 0 0 2 0 2 0 2 0 0 0 2 0 2 0 0 0 0 2 0 2 0 2 0 1 0 1 0 1 0 0 0 0 0 2 0 2 0 0 1 0 2 0 1 0 2 0 0 0 1 0 0
13
80 20
2 0 0 0 0 2 0 0 0 0 0 0 2 0 1 0 0 0 0 0 2 0 2 0 1 0 2 0 0 0 0 0 0 0 0 0 0 0 2 0 0 0 0 0 0 2 0 0 0 2 0 0 0 0 0 0 0 0 0 0 2 0 0 0 0 2 0 0 0 0 2 0 1 0 1 0 0 0 2 0
24
162 18
2 0 2 0 1 0 0 1 0 1 0 1 0 0 2 0 0 0 2 0 2 0 2 0 1 0 0 0 2 0 0 2 0 0 0 0 0 0 2 0 0 1 0 0 0 0 2 0 0 1 0 2 0 0 0 2 0 0 0 1 0 0 0 0 2 0 1 0 0 1 0 0 1 0 2 0 2 0 0 2 0 0 0 1 0 1 0 0 1 0 0 0 2 0 0 0 0 0 0 0 1 0 2 0 1 0 0 0 2 0 0 0 2 0 1 0 0 2 0 0 2 0 0 2 0 0 2 0 2 0 2 0 0 0 0 0 0 0 0 2 0 2 0 0 2 0 1 0 0 0 2 0 0 0 0 2 0 2 0 0 0 0
122
170 10
0 0 0 0 1 0 2 0 1 0 2 0 2 0 1 0 0 2 0 2 0 1 0 0 0 2 0 0 1 0 0 2 0 0 1 0 0 2 0 2 0 2 0 2 0 0 2 0 0 0 0 0 2 0 0 2 0 0 0 2 0 1 0 0 0 2 0 0 2 0 1 0 0 2 0 0 2 0 2 0 1 0 0 0 0 0 0 0 0 2 0 1 0 1 0 2 0 0 0 1 0 0 1 0 2 0 0 0 2 0 2 0 1 0 2 0 0 1 0 1 0 0 0 1 0 0 0 0 0 0 2 0 0 1 0 0 2 0 2 0 0 0 2 0 0 1 0 2 0 0 2 0 0 0 0 2 0 0 2 0 1 0 0 1 0 2 0 2 0 0
131
48 16
0 2 0 0 0 0 1 0 0 2 0 0 0 1 0 1 0 0 0 0 0 2 0 0 0 1 0 2 0 0 2 0 0 2 0 0 2 0 0 0 2 0 1 0 0 2 0 0
13
187 17
2 0 2 0 2 0 1 0 0 0 0 0 2 0 0 1 0 1 0 1 0 0 1 0 0 0 2 0 2 0 2 0 0 0 0 0 0 2 0 2 0 0 1 0 0 2 0 1 0 0 0 0 0 0 0 2 0 2 0 2 0 0 1 0 0 0 0 1 0 0 0 2 0 0 0 0 0 1 0 0 0 2 0 0 1 0 2 0 1 0 0 2 0 1 0 0 2 0 0 2 0 2 0 0 0 2 0 2 0 0 0 0 1 0 0 0 0 1 0 2 0 1 0 1 0 0 2 0 0 1 0 0 2 0 1 0 2 0 2 0 0 0 0 1 0 0 2 0 1 0 0 1 0 0 1 0 0 0 1 0 2 0 2 0 0 2 0 2 0 2 0 2 0 2 0 0 2 0 0 2 0 0 2 0 0 2 0
73
91 13
2 0 2 0 0 1 0 2 0 0 2 0 2 0 0 2 0 0 1 0 0 0 1 0 1 0 0 0 1 0 2 0 1 0 0 2 0 1 0 2 0 0 1 0 0 2 0 0 0 1 0 0 0 2 0 0 0 2 0 0 0 1 0 2 0 0 2 0 0 0 0 0 2 0 2 0 0 1 0 0 1 0 0 0 0 0 0 0 1 0 0
17
147 3
1 0 0 0 1 0 1 0 0 2 0 0 2 0 2 0 1 0 2 0 0 2 0 1 0 0 2 0 0 1 0 1 0 2 0 0 0 0 2 0 2 0 0 0 1 0 1 0 0 0 2 0 2 0 1 0 1 0 0 0 2 0 2 0 1 0 2 0 1 0 2 0 2 0 1 0 1 0 0 0 0 0 1 0 0 0 0 0 1 0 2 0 2 0 0 2 0 0 0 1 0 2 0 0 0 0 2 0 0 0 0 2 0 0 2 0 1 0 1 0 2 0 0 2 0 2 0 0 0 0 2 0 0 2 0 1 0 2 0 0 0 0 0 2 0 0 0
48
112 16
2 0 0 0 2 0 0 2 0 1 0 0 2 0 1 0 0 2 0 2 0 1 0 2 0 1 0 0 0 2 0 2 0 1 0 1 0 2 0 0 0 0 1 0 0 0 2 0 0 2 0 2 0 0 0 0 0 2 0 0 1 0 0 0 2 0 1 0 2 0 0 0 2 0 0 0 0 1 0 1 0 2 0 0 0 2 0 0 1 0 0 0 2 0 0 2 0 0 1 0 2 0 0 1 0 2 0 2 0 0 0 0
30
130 13
0 2 0 0 0 2 0 0 2 0 0 0 2 0 0 1 0 1 0 0 1 0 0 0 0 2 0 0 2 0 1 0 0 1 0 1 0 2 0 0 0 2 0 0 0 0 2 0 2 0 1 0 0 0 2 0 1 0 0 0 2 0 0 0 0 1 0 2 0 0 1 0 1 0 0 0 2 0 0 0 1 0 0 0 0 2 0 0 0 0 0 0 1 0 2 0 2 0 0 0 2 0 2 0 0 0 1 0 1 0 0 0 0 0 0 1 0 0 2 0 1 0 0 0 0 0 0 2 0 0
14
76 19
1 0 1 0 2 0 0 0 0 2 0 0 0 1 0 0 2 0 1 0 2 0 2 0 0 2 0 0 1 0 1 0 2 0 0 0 2 0 1 0 0 1 0 0 2 0 1 0 0 0 2 0 0 2 0 0 0 2 0 0 1 0 0 0 1 0 2 0 0 2 0 0 0 1 0 0
16
160 8
1 0 2 0 2 0 1 0 0 0 1 0 2 0 0 0 2 0 2 0 1 0 1 0 0 0 2 0 0 2 0 0 1 0 0 0 2 0 0 0 0 2 0 0 2 0 1 0 1 0 2 0 2 0 1 0 2 0 0 0 0 1 0 2 0 0 0 2 0 0 2 0 2 0 0 0 1 0 2 0 0 1 0 1 0 0 0 1 0 1 0 2 0 2 0 2 0 0 0 0 0 0 0 0 1 0 1 0 2 0 0 2 0 2 0 2 0 2 0 0 2 0 0 0 2 0 0 0 1 0 2 0 0 1 0 0 2 0 1 0 0 1 0 0 1 0 1 0 2 0 0 1 0 2 0 1 0 2 0 0
70
143 11
2 0 2 0 0 0 0 2 0 0 0 0 0 2 0 2 0 0 1 0 2 0 2 0 0 0 0 2 0 2 0 2 0 0 2 0 1 0 0 0 0 0 2 0 0 1 0 2 0 0 2 0 0 0 2 0 2 0 0 0 2 0 2 0 0 2 0 2 0 2 0 2 0 0 0 1 0 0 0 0 1 0 2 0 2 0 2 0 1 0 0 0 0 2 0 2 0 0 0 0 0 2 0 0 2 0 0 0 1 0 2 0 2 0 0 2 0 1 0 2 0 2 0 2 0 2 0 0 0 0 1 0 0 2 0 2 0 0 1 0 0 1 0
126
121 11
0 0 0 0 2 0 1 0 0 2 0 1 0 1 0 0 0 1 0 2 0 0 2 0 0 1 0 2 0 1 0 2 0 2 0 2 0 0 1 0 2 0 0 0 0 0 1 0 0 2 0 2 0 1 0 2 0 0 2 0 0 2 0 0 1 0 2 0 0 0 0 0 2 0 0 0 0 1 0 1 0 1 0 2 0 2 0 0 2 0 0 0 0 1 0 2 0 2 0 2 0 2 0 2 0 1 0 2 0 0 0 2 0 2 0 1 0 1 0 2 0
45
156 12
2 0 1 0 0 0 1 0 2 0 1 0 0 0 2 0 0 0 0 1 0 0 2 0 0 0 1 0 1 0 0 2 0 1 0 0 0 2 0 0 1 0 0 0 2 0 2 0 2 0 2 0 1 0 0 0 0 2 0 2 0 0 0 1 0 0 2 0 1 0 2 0 2 0 1 0 0 0 2 0 2 0 2 0 0 2 0 2 0 1 0 1 0 0 0 0 0 2 0 1 0 1 0 0 0 1 0 2 0 2 0 1 0 0 1 0 0 0 2 0 2 0 0 1 0 2 0 1 0 0 0 2 0 2 0 1 0 0 1 0 0 0 0 0 0 1 0 0 0 2 0 2 0 2 0 0
12
77 7
1 0 0 1 0 2 0 2 0 2 0 2 0 1 0 2 0 0 2 0 0 0 0 0 1 0 0 2 0 2 0 1 0 0 0 2 0 1 0 1 0 0 1 0 2 0 0 0 1 0 2 0 2 0 0 0 0 2 0 0 0 2 0 2 0 0 0 1 0 2 0 0 2 0 0 1 0
47
180 9
2 0 2 0 0 2 0 0 0 0 0 1 0 2 0 2 0 0 0 0 2 0 0 0 0 2 0 2 0 0 0 1 0 0 2 0 0 1 0 0 2 0 1 0 0 1 0 1 0 0 0 2 0 2 0 0 0 0 1 0 2 0 0 0 0 2 0 1 0 2 0 0 0 2 0 2 0 1 0 0 0 0 1 0 2 0 1 0 0 0 1 0 0 2 0 2 0 0 0 0 0 0 2 0 0 0 2 0 0 1 0 0 0 2 0 2 0 0 2 0 0 2 0 0 1 0 1 0 2 0 1 0 0 2 0 0 0 0 0 0 1 0 2 0 0 2 0 1 0 0 2 0 1 0 2 0 0 0 2 0 0 0 2 0 0 0 2 0 0 1 0 2 0 0 2 0 2 0 1 0
180
110 11
2 0 1 0 0 0 2 0 1 0 2 0 0 0 2 0 0 0 0 0 2 0 2 0 0 0 1 0 2 0 2 0 0 2 0 2 0 2 0 0 0 0 1 0 0 1 0 2 0 0 0 0 1 0 2 0 0 2 0 0 2 0 0 1 0 2 0 1 0 0 0 1 0 0 1 0 0 2 0 0 0 0 2 0 1 0 0 2 0 0 1 0 1 0 2 0 0 2 0 0 0 0 1 0 1 0 0 0 0 0
21
152 8
1 0 2 0 0 0 2 0 2 0 1 0 0 2 0 2 0 2 0 1 0 0 0 2 0 0 1 0 1 0 2 0 0 2 0 0 2 0 1 0 2 0 0 0 2 0 0 2 0 0 0 2 0 2 0 1 0 1 0 0 0 2 0 1 0 0 0 1 0 0 0 0 2 0 0 0 1 0 2 0 0 2 0 0 1 0 1 0 0 0 0 2 0 0 0 1 0 2 0 0 1 0 0 1 0 2 0 1 0 0 0 2 0 0 0 0 2 0 2 0 1 0 1 0 2 0 2 0 2 0 2 0 0 0 0 1 0 2 0 0 0 1 0 2 0 0 0 0 0 1 0 0
111
120 15
2 0 2 0 1 0 1 0 2 0 0 1 0 1 0 0 2 0 2 0 0 0 1 0 1 0 0 1 0 0 2 0 0 2 0 1 0 2 0 0 1 0 0 0 2 0 2 0 2 0 1 0 2 0 1 0 0 0 2 0 2 0 0 0 0 0 0 2 0 2 0 0 0 1 0 2 0 2 0 0 2 0 2 0 2 0 2 0 2 0 1 0 1 0 2 0 0 0 1 0 1 0 0 0 0 0 1 0 0 0 2 0 0 0 1 0 2 0 1 0
48
161 7
0 1 0 1 0 1 0 0 0 2 0 0 1 0 1 0 0 2 0 1 0 1 0 2 0 0 0 1 0 0 2 0 2 0 0 1 0 0 1 0 2 0 0 0 1 0 0 0 0 1 0 0 2 0 1 0 2 0 1 0 2 0 2 0 2 0 2 0 0 2 0 2 0 2 0 0 2 0 0 1 0 0 2 0 0 2 0 0 1 0 2 0 1 0 2 0 0 2 0 0 2 0 0 2 0 0 1 0 2 0 1 0 0 0 0 0 0 0 2 0 1 0 0 2 0 1 0 0 0 0 0 0 2 0 0 0 0 0 2 0 0 0 2 0 0 2 0 2 0 0 0 1 0 0 1 0 2 0 2 0 0
17
66 11
0 1 0 2 0 0 1 0 2 0 1 0 0 2 0 0 2 0 2 0 1 0 0 0 0 0 0 2 0 0 2 0 2 0 0 0 0 0 1 0 2 0 0 1 0 1 0 0 0 2 0 2 0 0 0 1 0 2 0 0 0 0 2 0 1 0
34
68 17
1 0 2 0 1 0 2 0 2 0 0 0 2 0 0 0 0 0 1 0 1 0 1 0 0 0 1 0 2 0 2 0 0 1 0 0 0 1 0 0 2 0 1 0 2 0 0 0 2 0 1 0 2 0 1 0 2 0 2 0 1 0 0 0 0 0 2 0
2
160 20
0 2 0 1 0 2 0 0 0 1 0 0 0 0 1 0 2 0 0 0 2 0 0 0 2 0 2 0 0 0 0 0 1 0 1 0 0 1 0 0 0 0 2 0 2 0 0 0 0 0 1 0 2 0 2 0 2 0 0 0 0 2 0 0 2 0 0 1 0 1 0 0 0 0 0 0 0 2 0 0 1 0 2 0 2 0 0 0 2 0 0 0 2 0 0 0 2 0 2 0 2 0 2 0 2 0 0 0 0 0 0 0 0 2 0 0 0 0 0 0 1 0 0 2 0 1 0 0 0 2 0 0 2 0 2 0 0 2 0 2 0 0 2 0 2 0 1 0 0 0 0 0 0 1 0 0 0 0 1 0
109
180 20
2 0 0 2 0 0 2 0 0 2 0 0 0 2 0 0 0 0 1 0 2 0 2 0 1 0 0 2 0 1 0 0 0 2 0 0 0 2 0 0 0 0 1 0 0 2 0 2 0 1 0 0 0 0 1 0 0 0 0 2 0 0 0 0 2 0 2 0 2 0 2 0 1 0 1 0 1 0 2 0 0 0 0 1 0 0 1 0 0 0 1 0 0 2 0 2 0 2 0 0 0 2 0 0 0 0 0 0 0 0 0 0 2 0 1 0 0 0 0 2 0 0 2 0 1 0 2 0 1 0 2 0 2 0 0 0 0 0 0 1 0 1 0 0 2 0 2 0 0 0 1 0 0 2 0 0 0 0 0 2 0 0 0 2 0 0 2 0 0 0 0 2 0 1 0 0 0 2 0 0
161
112 8
0 0 1 0 0 0 0 2 0 0 1 0 0 0 1 0 0 0 1 0 0 1 0 2 0 1 0 0 2 0 0 0 0 0 1 0 0 0 2 0 1 0 0 1 0 2 0 2 0 2 0 1 0 0 0 0 0 2 0 0 0 2 0 0 1 0 1 0 2 0 0 0 1 0 0 0 2 0 0 0 0 0 1 0 0 0 0 0 1 0 1 0 0 1 0 0 0 0 0 0 0 2 0 1 0 0 0 0 0 0 0 0
62
45 15
1 0 0 0 0 0 1 0 0 2 0 0 0 0 0 2 0 0 1 0 0 0 2 0 2 0 0 1 0 0 0 0 0 1 0 0 0 1 0 2 0 0 2 0 0
40
48 12
1 0 1 0 1 0 1 0 2 0 2 0 0 1 0 0 2 0 0 0 1 0 0 0 0 2 0 0 0 2 0 0 0 0 2 0 2 0 2 0 2 0 1 0 0 0 0 0
38
188 4
0 0 2 0 0 2 0 2 0 0 2 0 0 2 0 2 0 1 0 1 0 2 0 1 0 0 2 0 2 0 2 0 0 0 2 0 2 0 1 0 2 0 2 0 1 0 0 1 0 1 0 2 0 0 0 0 0 1 0 2 0 1 0 2 0 1 0 0 0 2 0 1 0 2 0 0 0 0 0 2 0 2 0 2 0 0 2 0 1 0 0 2 0 0 2 0 0 0 0 0 2 0 0 0 2 0 0 2 0 2 0 0 2 0 2 0 2 0 0 1 0 0 2 0 2 0 2 0 0 2 0 2 0 1 0 0 0 0 0 0 0 2 0 2 0 0 0 2 0 1 0 1 0 0 0 0 0 0 1 0 0 0 0 0 1 0 1 0 0 0 0 0 2 0 0 1 0 0 1 0 0 0 0 1 0 2 0 0
162
150 10
2 0 1 0 0 0 0 0 0 1 0 0 2 0 0 0 2 0 0 0 2 0 0 0 2 0 0 0 0 0 0 1 0 0 2 0 0 1 0 0 1 0 1 0 0 0 1 0 0 2 0 2 0 1 0 2 0 2 0 0 2 0 0 1 0 0 0 0 2 0 0 1 0 0 0 0 0 0 2 0 2 0 1 0 0 2 0 2 0 0 1 0 0 0 0 2 0 0 0 0 0 0 2 0 0 1 0 2 0 0 0 2 0 1 0 2 0 0 2 0 2 0 2 0 0 0 1 0 2 0 1 0 1 0 0 2 0 0 2 0 2 0 0 0 2 0 2 0 0 0
116
171 19
0 2 0 1 0 1 0 1 0 1 0 2 0 0 2 0 1 0 0 2 0 2 0 2 0 2 0 1 0 0 2 0 2 0 0 0 0 2 0 0 2 0 0 0 0 0 1 0 2 0 2 0 1 0 0 0 0 0 0 2 0 1 0 2 0 2 0 0 1 0 0 0 2 0 1 0 2 0 0 0 0 1 0 1 0 1 0 0 0 0 2 0 1 0 0 1 0 2 0 2 0 2 0 0 0 0 2 0 2 0 1 0 2 0 0 0 0 1 0 1 0 2 0 0 1 0 0 2 0 0 1 0 2 0 0 0 2 0 1 0 2 0 0 0 2 0 2 0 1 0 2 0 0 1 0 2 0 0 1 0 2 0 0 0 1 0 1 0 0 0 0
52
114 3
2 0 1 0 0 0 0 2 0 0 0 0 2 0 1 0 0 1 0 0 1 0 0 1 0 2 0 0 0 2 0 0 2 0 0 0 0 0 2 0 1 0 0 1 0 0 1 0 0 0 0 2 0 0 0 0 0 2 0 1 0 2 0 0 2 0 0 0 0 0 2 0 2 0 0 0 2 0 1 0 1 0 0 1 0 0 0 1 0 0 1 0 2 0 1 0 1 0 0 1 0 2 0 0 2 0 1 0 2 0 0 0 2 0
22
70 10
0 2 0 2 0 0 0 0 0 1 0 2 0 0 0 1 0 0 0 0 0 0 2 0 2 0 1 0 1 0 1 0 0 2 0 2 0 0 2 0 0 0 0 2 0 0 0 2 0 1 0 2 0 0 1 0 2 0 2 0 1 0 0 0 0 1 0 2 0 0
53
90 5
0 0 0 0 2 0 0 2 0 1 0 0 0 0 2 0 2 0 2 0 1 0 2 0 0 2 0 2 0 0 0 2 0 0 1 0 0 0 0 0 2 0 0 2 0 2 0 2 0 2 0 2 0 0 1 0 2 0 0 0 0 0 2 0 1 0 0 0 0 2 0 0 0 1 0 0 1 0 2 0 0 0 0 0 1 0 0 2 0 0
57
50 5
0 0 0 2 0 0 2 0 1 0 0 2 0 0 0 1 0 1 0 0 2 0 0 0 0 0 2 0 1 0 0 0 1 0 2 0 0 0 0 0 0 0 1 0 1 0 0 2 0 0
20
117 9
2 0 0 2 0 2 0 0 0 1 0 0 0 1 0 0 0 0 2 0 0 0 2 0 1 0 0 2 0 2 0 2 0 1 0 1 0 2 0 1 0 0 1 0 0 0 0 2 0 0 0 0 0 0 0 0 1 0 2 0 0 0 1 0 0 0 1 0 0 0 0 1 0 2 0 0 2 0 0 0 0 0 2 0 1 0 2 0 0 2 0 2 0 1 0 2 0 2 0 1 0 2 0 0 0 1 0 0 1 0 1 0 0 0 2 0 0
67
192 16
0 1 0 0 0 1 0 0 1 0 2 0 0 0 0 1 0 1 0 2 0 2 0 0 2 0 0 0 1 0 0 1 0 0 2 0 2 0 1 0 2 0 2 0 2 0 0 0 2 0 2 0 0 1 0 0 1 0 0 0 2 0 2 0 0 1 0 2 0 0 2 0 0 0 1 0 2 0 1 0 2 0 2 0 0 0 2 0 0 2 0 2 0 0 0 0 2 0 0 0 1 0 0 2 0 1 0 0 0 1 0 1 0 2 0 1 0 0 0 0 2 0 2 0 2 0 0 0 0 2 0 0 0 2 0 1 0 0 1 0 1 0 0 0 1 0 0 0 1 0 0 0 0 0 1 0 0 2 0 0 0 2 0 2 0 2 0 0 0 2 0 0 1 0 0 0 2 0 0 0 2 0 1 0 0 2 0 1 0 2 0 0
50
160 8
0 2 0 0 0 1 0 0 1 0 2 0 0 0 0 2 0 1 0 0 1 0 2 0 2 0 2 0 2 0 0 0 2 0 0 0 0 2 0 0 1 0 1 0 0 0 0 2 0 0 2 0 1 0 2 0 1 0 2 0 0 1 0 1 0 2 0 0 2 0 2 0 1 0 0 2 0 0 2 0 2 0 0 2 0 1 0 2 0 1 0 1 0 1 0 2 0 1 0 0 2 0 2 0 2 0 0 2 0 2 0 0 1 0 0 1 0 0 1 0 0 0 1 0 1 0 0 0 0 0 0 0 2 0 2 0 0 2 0 0 0 0 2 0 0 2 0 2 0 1 0 2 0 2 0 2 0 0 1 0
72
144 16
2 0 1 0 0 2 0 0 0 0 0 1 0 1 0 2 0 0 2 0 2 0 1 0 0 2 0 1 0 1 0 2 0 2 0 0 0 2 0 1 0 1 0 0 0 2 0 0 1 0 0 1 0 0 0 1 0 2 0 0 0 2 0 1 0 1 0 0 0 2 0 0 2 0 1 0 2 0 2 0 0 0 0 0 0 1 0 2 0 0 0 0 2 0 0 2 0 1 0 2 0 2 0 0 2 0 0 0 1 0 1 0 0 0 0 2 0 0 2 0 0 2 0 1 0 0 0 1 0 0 0 0 0 2 0 2 0 2 0 2 0 1 0 0
131
126 14
1 0 0 0 2 0 0 0 0 2 0 0 2 0 0 1 0 0 2 0 1 0 2 0 0 2 0 2 0 1 0 2 0 0 1 0 0 2 0 2 0 2 0 0 0 2 0 2 0 2 0 1 0 0 0 2 0 2 0 2 0 1 0 1 0 2 0 1 0 0 2 0 2 0 2 0 0 2 0 0 0 0 0 0 2 0 0 0 0 0 2 0 0 0 2 0 0 2 0 2 0 0 0 2 0 0 1 0 1 0 0 2 0 0 0 0 0 0 1 0 0 2 0 1 0 0
120
171 19
0 1 0 2 0 1 0 2 0 0 0 1 0 0 2 0 0 0 2 0 0 0 0 0 0 1 0 0 2 0 0 1 0 0 2 0 0 0 2 0 0 1 0 0 0 0 0 2 0 0 2 0 2 0 2 0 2 0 0 2 0 1 0 2 0 0 0 1 0 2 0 0 2 0 1 0 0 2 0 0 0 2 0 0 2 0 0 2 0 0 1 0 1 0 2 0 0 2 0 2 0 0 0 2 0 0 1 0 0 1 0 1 0 2 0 2 0 2 0 2 0 1 0 0 2 0 0 0 0 2 0 0 1 0 0 2 0 2 0 1 0 2 0 0 2 0 2 0 1 0 0 0 0 0 0 2 0 2 0 1 0 0 0 0 0 0 2 0 0 1 0
42
160 5
0 0 0 1 0 1 0 0 1 0 0 0 1 0 2 0 0 0 1 0 0 2 0 0 2 0 0 2 0 2 0 0 0 0 0 0 0 2 0 0 1 0 2 0 0 1 0 2 0 2 0 2 0 0 2 0 0 0 2 0 2 0 2 0 0 1 0 0 0 1 0 0 0 2 0 0 1 0 0 0 0 1 0 1 0 2 0 2 0 1 0 1 0 1 0 0 0 0 1 0 1 0 0 0 2 0 1 0 0 1 0 0 0 2 0 0 0 1 0 0 0 1 0 2 0 1 0 0 1 0 2 0 0 0 0 1 0 2 0 1 0 2 0 1 0 1 0 2 0 2 0 2 0 1 0 0 0 0 0 0
71
38 19
0 0 2 0 2 0 2 0 2 0 1 0 1 0 0 0 0 0 0 0 0 0 2 0 0 0 2 0 0 0 1 0 0 0 2 0 0 0
8
196 2
2 0 0 1 0 1 0 2 0 1 0 1 0 1 0 1 0 0 1 0 0 0 1 0 0 2 0 0 0 1 0 0 2 0 1 0 1 0 0 0 0 2 0 0 2 0 2 0 2 0 2 0 0 1 0 1 0 2 0 1 0 0 1 0 0 0 2 0 1 0 0 1 0 0 2 0 2 0 0 2 0 0 1 0 2 0 0 0 0 2 0 2 0 0 2 0 0 0 1 0 2 0 2 0 2 0 0 1 0 0 0 0 1 0 0 0 0 0 0 0 1 0 2 0 0 1 0 2 0 1 0 1 0 1 0 0 0 0 2 0 1 0 0 0 0 2 0 0 0 0 1 0 2 0 2 0 1 0 2 0 2 0 0 2 0 2 0 2 0 0 2 0 2 0 1 0 2 0 2 0 0 1 0 1 0 2 0 2 0 0 0 2 0 0 0 0
112
170 10
0 2 0 2 0 0 0 0 2 0 1 0 2 0 0 0 0 0 0 0 0 2 0 2 0 0 0 2 0 0 2 0 1 0 2 0 2 0 1 0 2 0 1 0 0 2 0 0 1 0 0 2 0 0 0 0 0 0 2 0 0 0 2 0 2 0 0 0 1 0 2 0 2 0 0 1 0 0 2 0 0 0 2 0 0 2 0 2 0 0 0 1 0 2 0 1 0 2 0 2 0 0 2 0 1 0 2 0 1 0 1 0 1 0 1 0 2 0 0 0 0 2 0 2 0 1 0 2 0 1 0 0 0 0 0 0 2 0 2 0 2 0 0 2 0 0 1 0 0 2 0 2 0 0 0 1 0 2 0 0 2 0 0 2 0 2 0 1 0 0
35
180 15
1 0 0 1 0 1 0 0 0 0 0 0 0 0 0 2 0 1 0 2 0 0 2 0 2 0 0 2 0 0 2 0 0 2 0 0 0 0 0 0 0 0 1 0 0 0 0 0 0 0 0 1 0 2 0 0 0 1 0 0 2 0 2 0 0 2 0 0 0 1 0 0 0 2 0 2 0 0 2 0 0 0 1 0 0 2 0 0 0 0 0 1 0 2 0 0 0 0 0 2 0 0 1 0 2 0 1 0 2 0 0 0 0 0 1 0 0 1 0 0 0 0 0 1 0 1 0 0 2 0 2 0 1 0 2 0 1 0 0 0 0 0 0 0 2 0 0 0 2 0 0 2 0 2 0 0 0 1 0 0 2 0 0 0 1 0 2 0 2 0 1 0 2 0 0 0 2 0 0 0
162
45 9
0 0 1 0 0 2 0 2 0 0 2 0 1 0 0 0 0 1 0 0 0 0 1 0 0 1 0 0 0 0 2 0 0 2 0 1 0 0 2 0 0 0 2 0 0
11
145 5
0 1 0 0 0 2 0 2 0 2 0 2 0 1 0 1 0 0 0 2 0 0 0 2 0 0 0 2 0 0 2 0 1 0 0 2 0 2 0 2 0 0 2 0 0 2 0 2 0 2 0 2 0 1 0 1 0 0 2 0 2 0 1 0 0 1 0 0 1 0 0 0 0 2 0 1 0 0 0 0 1 0 1 0 0 0 0 0 1 0 1 0 0 1 0 0 2 0 2 0 0 0 2 0 2 0 1 0 0 0 0 0 0 2 0 0 2 0 0 1 0 1 0 2 0 0 1 0 0 1 0 0 2 0 1 0 2 0 0 2 0 0 2 0 0
23
150 15
0 1 0 0 2 0 1 0 0 0 0 1 0 2 0 0 2 0 0 0 0 0 0 1 0 2 0 0 2 0 0 2 0 2 0 1 0 0 2 0 0 1 0 2 0 0 0 1 0 0 0 1 0 0 1 0 0 2 0 0 0 1 0 2 0 0 0 2 0 0 2 0 2 0 0 0 1 0 1 0 0 0 1 0 2 0 2 0 1 0 0 0 0 2 0 1 0 1 0 0 1 0 0 0 2 0 1 0 2 0 0 1 0 2 0 2 0 1 0 0 0 2 0 0 1 0 1 0 1 0 0 0 2 0 1 0 0 0 0 0 1 0 1 0 2 0 0 0 0 0
98
140 20
0 0 1 0 1 0 0 1 0 0 2 0 0 0 1 0 1 0 1 0 0 1 0 2 0 0 1 0 0 2 0 2 0 2 0 0 2 0 2 0 1 0 1 0 2 0 0 1 0 0 2 0 0 0 0 0 0 2 0 2 0 1 0 1 0 1 0 0 1 0 2 0 0 0 1 0 0 2 0 0 2 0 0 0 2 0 0 1 0 0 0 2 0 0 2 0 2 0 1 0 0 2 0 2 0 2 0 0 2 0 0 0 1 0 2 0 0 2 0 2 0 0 1 0 2 0 0 0 0 2 0 0 0 0 0 2 0 2 0 0
116
160 4
0 2 0 1 0 1 0 2 0 0 2 0 1 0 0 2 0 2 0 2 0 1 0 2 0 1 0 0 0 1 0 2 0 2 0 0 0 1 0 0 1 0 2 0 2 0 2 0 2 0 1 0 0 2 0 0 2 0 0 2 0 1 0 0 1 0 1 0 2 0 1 0 0 0 0 2 0 0 0 0 1 0 1 0 1 0 2 0 0 0 0 0 2 0 0 0 1 0 2 0 2 0 0 0 2 0 1 0 0 2 0 0 2 0 2 0 0 2 0 0 2 0 2 0 0 2 0 1 0 1 0 1 0 0 2 0 0 2 0 0 2 0 2 0 2 0 2 0 2 0 2 0 0 0 2 0 2 0 1 0
21
187 17
0 0 0 2 0 1 0 0 2 0 0 0 0 0 0 0 2 0 0 0 0 0 1 0 0 0 2 0 1 0 0 2 0 2 0 0 0 2 0 2 0 1 0 0 1 0 0 0 1 0 0 0 1 0 0 1 0 2 0 2 0 0 2 0 0 0 0 0 1 0 0 0 0 0 1 0 0 2 0 1 0 0 1 0 2 0 2 0 2 0 0 0 0 0 0 1 0 1 0 0 0 2 0 2 0 0 0 0 0 0 1 0 2 0 0 2 0 0 1 0 0 1 0 0 2 0 2 0 0 0 1 0 0 2 0 1 0 1 0 0 0 1 0 0 0 2 0 0 0 0 0 0 0 0 0 0 0 1 0 0 2 0 0 2 0 2 0 2 0 0 1 0 0 0 2 0 0 1 0 2 0 1 0 2 0 0 0
37
52 13
0 0 2 0 1 0 0 0 0 1 0 0 1 0 0 0 0 2 0 0 0 2 0 0 0 0 0 0 2 0 0 0 1 0 0 0 0 1 0 0 1 0 2 0 0 1 0 0 1 0 0 0
31
132 11
0 0 0 1 0 2 0 2 0 0 0 0 0 0 0 2 0 0 2 0 0 2 0 0 0 2 0 0 1 0 0 0 0 0 2 0 2 0 2 0 0 1 0 1 0 0 1 0 2 0 0 0 2 0 2 0 0 1 0 0 1 0 1 0 2 0 2 0 1 0 2 0 2 0 2 0 1 0 0 1 0 1 0 0 2 0 0 2 0 0 2 0 1 0 2 0 0 1 0 0 1 0 2 0 0 2 0 0 1 0 0 2 0 2 0 0 0 2 0 0 2 0 1 0 0 0 2 0 2 0 0 0
101
110 11
0 2 0 0 0 1 0 0 1 0 0 2 0 2 0 1 0 2 0 0 0 0 2 0 1 0 0 0 1 0 1 0 0 1 0 0 0 2 0 0 0 0 1 0 0 2 0 2 0 0 0 1 0 2 0 0 0 0 0 0 0 2 0 0 0 0 1 0 2 0 2 0 1 0 0 1 0 2 0 0 0 2 0 0 2 0 1 0 2 0 2 0 0 2 0 1 0 0 0 0 1 0 1 0 2 0 1 0 2 0
8
198 6
2 0 0 0 2 0 2 0 1 0 1 0 2 0 2 0 0 2 0 2 0 2 0 0 0 1 0 2 0 1 0 0 0 1 0 0 0 2 0 0 2 0 0 0 0 1 0 2 0 0 0 0 1 0 2 0 2 0 0 0 1 0 0 0 2 0 1 0 0 2 0 0 0 0 2 0 1 0 2 0 2 0 2 0 2 0 2 0 1 0 2 0 2 0 2 0 0 0 0 0 2 0 2 0 0 0 2 0 1 0 2 0 0 0 0 2 0 2 0 0 0 1 0 1 0 0 2 0 0 1 0 0 0 0 1 0 0 1 0 0 0 0 2 0 0 1 0 0 2 0 0 0 2 0 0 1 0 0 0 2 0 1 0 0 0 1 0 1 0 0 2 0 2 0 2 0 2 0 2 0 0 0 1 0 1 0 2 0 1 0 2 0 2 0 0 0 0 0
70
120 6
2 0 2 0 2 0 0 2 0 0 2 0 1 0 2 0 2 0 2 0 0 2 0 0 2 0 0 2 0 0 0 2 0 0 1 0 2 0 0 0 2 0 2 0 2 0 1 0 0 0 1 0 2 0 2 0 0 2 0 0 0 0 1 0 2 0 2 0 0 2 0 0 0 2 0 1 0 1 0 0 0 1 0 0 0 0 2 0 0 1 0 0 1 0 0 0 1 0 1 0 2 0 2 0 2 0 2 0 1 0 1 0 0 2 0 0 0 2 0 0
78
112 4
2 0 1 0 2 0 1 0 1 0 0 1 0 2 0 2 0 2 0 0 1 0 2 0 2 0 1 0 0 0 2 0 0 0 2 0 0 1 0 0 0 0 0 0 2 0 2 0 0 1 0 2 0 0 0 0 1 0 1 0 0 0 2 0 2 0 0 0 1 0 2 0 0 0 1 0 0 1 0 2 0 1 0 0 1 0 2 0 1 0 0 0 1 0 2 0 0 2 0 2 0 0 0 2 0 0 2 0 0 2 0 0
67
140 20
1 0 0 0 1 0 0 2 0 2 0 2 0 0 1 0 0 0 0 0 0 2 0 2 0 2 0 0 0 1 0 0 2 0 0 1 0 1 0 0 2 0 0 2 0 1 0 0 0 1 0 1 0 0 0 0 2 0 0 2 0 1 0 0 0 1 0 0 0 0 1 0 2 0 1 0 0 0 0 0 0 2 0 0 1 0 0 0 1 0 0 2 0 0 2 0 0 0 1 0 1 0 0 2 0 0 1 0 0 0 1 0 1 0 1 0 1 0 0 2 0 0 1 0 0 0 0 1 0 2 0 0 0 2 0 0 2 0 0 0
115
64 16
2 0 2 0 0 2 0 0 0 2 0 0 1 0 2 0 0 2 0 0 1 0 2 0 0 0 0 0 0 2 0 0 2 0 2 0 0 0 1 0 1 0 1 0 0 0 0 0 0 0 2 0 2 0 2 0 0 2 0 0 2 0 2 0
60
189 7
0 1 0 1 0 1 0 0 0 0 2 0 0 0 2 0 1 0 2 0 2 0 0 1 0 0 0 2 0 0 0 1 0 0 0 0 0 0 2 0 1 0 0 1 0 1 0 0 2 0 0 0 2 0 1 0 2 0 0 0 2 0 2 0 0 1 0 0 0 0 0 2 0 0 1 0 1 0 2 0 0 1 0 0 0 2 0 2 0 1 0 2 0 2 0 2 0 2 0 0 0 2 0 0 0 2 0 0 0 1 0 2 0 0 2 0 0 0 0 0 0 1 0 0 0 1 0 1 0 1 0 0 1 0 0 1 0 0 0 0 1 0 2 0 0 2 0 0 0 1 0 0 0 0 0 0 0 0 0 1 0 0 2 0 2 0 0 1 0 0 1 0 0 0 2 0 1 0 1 0 1 0 0 0 0 0 0 1 0
2
80 2
1 0 1 0 2 0 2 0 0 0 0 0 0 2 0 1 0 2 0 2 0 0 1 0 1 0 0 1 0 2 0 0 0 2 0 2 0 1 0 0 1 0 2 0 0 2 0 2 0 1 0 0 2 0 0 0 0 0 0 0 2 0 1 0 0 2 0 2 0 2 0 0 0 2 0 2 0 1 0 0
46
90 9
2 0 2 0 0 2 0 2 0 0 2 0 0 1 0 0 0 1 0 0 2 0 2 0 1 0 0 0 1 0 2 0 0 2 0 1 0 0 2 0 0 0 0 2 0 0 0 2 0 0 0 0 1 0 2 0 2 0 1 0 0 0 0 2 0 0 1 0 0 0 2 0 0 0 0 0 1 0 2 0 2 0 0 0 1 0 0 2 0 0
85
180 12
0 0 2 0 0 1 0 0 0 0 0 0 0 0 0 1 0 0 0 1 0 0 1 0 2 0 2 0 1 0 2 0 0 1 0 0 1 0 2 0 0 0 0 1 0 0 0 1 0 1 0 0 2 0 2 0 2 0 2 0 0 0 0 2 0 0 0 1 0 0 2 0 1 0 0 1 0 0 2 0 2 0 0 1 0 1 0 1 0 0 0 1 0 2 0 0 2 0 1 0 0 2 0 2 0 0 0 1 0 2 0 1 0 2 0 1 0 1 0 0 1 0 0 2 0 0 0 2 0 0 2 0 0 0 0 1 0 1 0 2 0 0 0 0 0 1 0 2 0 0 2 0 0 0 2 0 2 0 0 2 0 1 0 0 0 2 0 2 0 1 0 2 0 2 0 1 0 2 0 0
167
176 11
1 0 0 1 0 1 0 2 0 0 2 0 2 0 2 0 0 0 2 0 1 0 1 0 1 0 2 0 2 0 1 0 1 0 0 0 2 0 2 0 0 0 2 0 0 2 0 0 0 2 0 2 0 1 0 1 0 0 1 0 1 0 2 0 2 0 0 1 0 2 0 2 0 0 0 2 0 2 0 0 1 0 2 0 0 1 0 0 2 0 0 0 1 0 2 0 2 0 2 0 0 1 0 1 0 2 0 2 0 1 0 0 2 0 0 1 0 1 0 2 0 0 1 0 0 0 1 0 1 0 0 0 2 0 1 0 2 0 0 2 0 2 0 0 1 0 2 0 2 0 0 2 0 0 1 0 2 0 1 0 0 2 0 2 0 2 0 0 0 1 0 2 0 0 0 0
50
90 15
1 0 0 0 0 0 1 0 2 0 2 0 0 2 0 1 0 0 1 0 2 0 0 0 0 0 2 0 0 0 0 1 0 1 0 0 0 1 0 1 0 0 0 0 0 0 0 0 0 1 0 0 1 0 0 0 0 2 0 0 0 1 0 0 0 0 2 0 2 0 0 0 2 0 0 0 0 0 0 0 2 0 1 0 0 0 2 0 2 0
41
164 2
2 0 0 0 0 1 0 0 0 2 0 0 1 0 1 0 0 1 0 2 0 2 0 0 0 2 0 0 2 0 0 2 0 2 0 0 2 0 0 2 0 0 1 0 0 0 2 0 0 2 0 1 0 1 0 1 0 2 0 0 1 0 2 0 0 1 0 2 0 2 0 2 0 2 0 0 0 0 2 0 2 0 0 0 1 0 2 0 2 0 1 0 2 0 2 0 0 0 0 0 2 0 0 0 1 0 2 0 0 2 0 2 0 0 1 0 2 0 0 1 0 1 0 0 0 0 0 2 0 0 0 0 2 0 1 0 0 0 1 0 2 0 1 0 0 0 0 0 0 0 2 0 2 0 0 2 0 2 0 2 0 2 0 0
121
119 17
0 2 0 0 2 0 0 0 1 0 0 1 0 0 2 0 2 0 0 0 0 1 0 2 0 2 0 0 1 0 1 0 1 0 0 2 0 0 0 0 1 0 1 0 0 0 0 1 0 2 0 1 0 0 0 0 1 0 0 2 0 2 0 2 0 0 0 1 0 0 2 0 2 0 2 0 0 2 0 0 0 0 1 0 0 2 0 0 1 0 0 1 0 2 0 2 0 0 2 0 0 2 0 2 0 0 0 2 0 0 0 0 0 1 0 1 0 2 0
91
105 15
2 0 0 0 2 0 0 0 2 0 0 2 0 0 2 0 2 0 0 0 0 0 1 0 2 0 2 0 2 0 1 0 2 0 0 1 0 2 0 0 0 0 1 0 0 0 0 2 0 0 0 0 0 2 0 0 1 0 2 0 2 0 0 2 0 2 0 0 0 0 1 0 2 0 0 2 0 2 0 1 0 0 2 0 2 0 0 2 0 0 0 0 0 0 2 0 0 0 2 0 0 0 0 1 0
21
172 4
0 1 0 0 1 0 1 0 2 0 1 0 2 0 0 1 0 2 0 2 0 0 1 0 0 2 0 1 0 0 2 0 1 0 2 0 0 1 0 2 0 1 0 0 1 0 0 1 0 1 0 0 0 1 0 0 2 0 0 1 0 2 0 1 0 0 0 2 0 2 0 0 1 0 2 0 2 0 0 1 0 2 0 2 0 0 0 2 0 2 0 1 0 1 0 2 0 1 0 2 0 0 0 0 0 0 0 1 0 2 0 2 0 1 0 0 1 0 0 2 0 0 0 2 0 0 2 0 0 1 0 2 0 0 1 0 1 0 1 0 0 0 2 0 2 0 0 0 2 0 0 0 0 2 0 0 2 0 2 0 2 0 2 0 1 0 2 0 0 2 0 0
20
128 16
0 2 0 0 2 0 0 0 0 1 0 0 1 0 0 0 1 0 2 0 0 2 0 0 1 0 2 0 0 0 0 0 1 0 2 0 2 0 0 0 1 0 0 1 0 1 0 0 1 0 0 2 0 1 0 0 2 0 0 0 0 2 0 0 2 0 0 1 0 2 0 0 2 0 0 2 0 1 0 0 0 0 1 0 2 0 2 0 1 0 1 0 0 1 0 0 2 0 2 0 1 0 0 0 2 0 2 0 0 2 0 0 2 0 0 0 0 0 0 0 0 1 0 2 0 0 2 0
39
81 3
2 0 0 0 0 1 0 0 2 0 1 0 0 2 0 1 0 0 2 0 0 0 1 0 0 1 0 0 0 0 0 1 0 2 0 1 0 2 0 0 1 0 0 0 2 0 2 0 2 0 2 0 0 0 0 0 2 0 1 0 1 0 0 0 2 0 2 0 0 0 0 1 0 1 0 2 0 0 1 0 0
37
170 17
1 0 0 2 0 1 0 0 2 0 2 0 2 0 2 0 0 2 0 0 0 0 0 2 0 2 0 2 0 0 0 1 0 1 0 0 1 0 2 0 0 0 0 2 0 0 0 0 1 0 0 1 0 0 0 2 0 2 0 0 0 2 0 2 0 2 0 0 2 0 1 0 1 0 1 0 1 0 0 0 0 2 0 2 0 0 0 0 2 0 2 0 0 2 0 1 0 2 0 0 0 2 0 2 0 0 0 2 0 0 0 0 0 2 0 0 2 0 0 0 2 0 2 0 2 0 2 0 2 0 0 0 2 0 2 0 0 0 0 0 2 0 2 0 2 0 2 0 1 0 2 0 0 0 2 0 0 0 2 0 2 0 2 0 1 0 0 2 0 0
95
111 3
0 1 0 2 0 2 0 1 0 0 2 0 1 0 1 0 1 0 1 0 0 1 0 0 0 0 1 0 0 2 0 0 0 0 2 0 0 1 0 0 2 0 2 0 2 0 2 0 2 0 0 0 0 2 0 0 1 0 1 0 2 0 1 0 1 0 0 2 0 0 0 2 0 0 2 0 0 2 0 0 2 0 1 0 1 0 2 0 0 2 0 0 0 0 0 2 0 0 0 0 0 0 2 0 1 0 2 0 2 0 0
48
120 12
0 1 0 1 0 0 2 0 1 0 0 0 2 0 1 0 0 2 0 0 1 0 2 0 2 0 1 0 0 0 2 0 1 0 0 0 1 0 1 0 0 0 2 0 0 2 0 0 2 0 0 2 0 0 0 2 0 0 0 0 1 0 0 1 0 2 0 1 0 0 2 0 0 2 0 2 0 0 0 0 0 2 0 0 1 0 0 2 0 0 0 0 1 0 2 0 0 1 0 0 1 0 0 0 1 0 0 2 0 0 0 1 0 0 0 2 0 0 2 0
85
120 6
1 0 1 0 0 2 0 1 0 2 0 0 0 1 0 2 0 0 0 0 2 0 1 0 1 0 0 2 0 1 0 0 0 2 0 0 1 0 0 0 1 0 0 2 0 0 0 0 1 0 2 0 0 0 0 0 2 0 2 0 2 0 1 0 0 2 0 0 0 2 0 2 0 0 0 0 1 0 2 0 1 0 0 0 1 0 1 0 2 0 0 0 2 0 0 0 0 0 0 0 2 0 2 0 2 0 0 0 2 0 0 0 1 0 2 0 2 0 0 0
12
72 9
0 1 0 0 0 0 0 0 0 2 0 1 0 0 0 0 2 0 1 0 1 0 0 0 0 0 0 2 0 2 0 0 2 0 0 0 0 0 0 0 1 0 1 0 1 0 1 0 0 2 0 1 0 0 1 0 0 2 0 2 0 0 0 0 2 0 2 0 2 0 0 0
29
171 3
0 1 0 0 2 0 1 0 1 0 0 0 0 1 0 0 2 0 0 1 0 0 0 1 0 0 2 0 0 0 2 0 1 0 1 0 2 0 0 0 0 0 0 2 0 1 0 0 2 0 2 0 0 2 0 0 0 0 2 0 0 2 0 2 0 0 0 2 0 1 0 2 0 2 0 2 0 0 2 0 2 0 1 0 2 0 0 0 1 0 0 2 0 2 0 0 0 0 2 0 0 1 0 1 0 2 0 2 0 0 0 0 0 0 2 0 0 1 0 0 1 0 0 2 0 0 1 0 2 0 2 0 0 2 0 1 0 2 0 1 0 1 0 2 0 0 2 0 2 0 1 0 1 0 2 0 0 1 0 0 1 0 2 0 1 0 1 0 2 0 0
83
180 4
0 2 0 0 2 0 2 0 0 0 2 0 2 0 2 0 0 0 1 0 2 0 0 2 0 0 0 2 0 0 1 0 0 0 2 0 2 0 2 0 0 2 0 0 0 0 2 0 1 0 0 2 0 2 0 0 1 0 2 0 0 0 2 0 1 0 0 2 0 0 0 2 0 0 1 0 0 0 2 0 1 0 0 0 0 2 0 2 0 0 1 0 1 0 2 0 0 2 0 2 0 2 0 1 0 1 0 2 0 0 0 0 0 1 0 2 0 2 0 1 0 2 0 2 0 0 2 0 2 0 2 0 0 0 0 2 0 0 2 0 0 0 0 0 0 2 0 2 0 1 0 0 0 2 0 1 0 0 0 2 0 2 0 0 2 0 0 2 0 2 0 0 0 2 0 1 0 2 0 0
77
63 9
2 0 1 0 0 0 0 0 2 0 2 0 1 0 0 1 0 0 1 0 0 0 1 0 0 0 2 0 2 0 0 2 0 2 0 0 0 2 0 1 0 0 0 0 2 0 1 0 0 0 1 0 0 0 1 0 1 0 2 0 0 0 0
8
140 14
2 0 2 0 0 2 0 2 0 0 2 0 0 0 1 0 1 0 0 0 2 0 1 0 2 0 1 0 2 0 2 0 1 0 1 0 0 0 0 0 2 0 2 0 0 1 0 1 0 0 2 0 2 0 2 0 1 0 0 0 1 0 0 2 0 2 0 0 2 0 2 0 1 0 2 0 1 0 0 0 1 0 0 1 0 0 1 0 2 0 2 0 2 0 0 0 1 0 2 0 0 2 0 0 2 0 0 0 2 0 0 2 0 1 0 0 0 0 2 0 2 0 2 0 0 0 2 0 2 0 1 0 1 0 0 0 1 0 0 0
79
135 15
2 0 0 0 0 1 0 1 0 1 0 1 0 0 0 1 0 0 2 0 0 2 0 0 1 0 0 0 2 0 0 2 0 1 0 0 0 0 2 0 0 1 0 0 0 0 2 0 0 1 0 0 2 0 0 2 0 0 1 0 2 0 0 2 0 0 1 0 2 0 0 0 2 0 1 0 2 0 0 0 0 2 0 0 0 1 0 1 0 0 0 0 0 0 0 0 1 0 0 2 0 2 0 0 1 0 2 0 2 0 0 0 2 0 2 0 0 2 0 0 0 0 2 0 1 0 2 0 2 0 2 0 1 0 0
69
76 4
1 0 0 1 0 1 0 0 2 0 0 0 0 1 0 1 0 0 0 2 0 2 0 0 2 0 2 0 1 0 2 0 0 1 0 2 0 0 0 2 0 0 2 0 0 0 1 0 1 0 1 0 2 0 1 0 0 2 0 0 0 0 2 0 1 0 0 2 0 0 0 0 0 2 0 0
68
190 19
2 0 2 0 0 2 0 1 0 0 0 2 0 2 0 2 0 0 1 0 0 0 1 0 2 0 0 0 0 0 2 0 0 0 2 0 2 0 1 0 2 0 2 0 1 0 1 0 2 0 0 2 0 0 1 0 1 0 0 0 2 0 2 0 2 0 0 1 0 0 0 0 2 0 2 0 0 0 2 0 0 2 0 0 2 0 1 0 0 0 1 0 2 0 1 0 2 0 2 0 0 0 2 0 0 0 0 0 1 0 0 2 0 2 0 0 2 0 2 0 1 0 0 0 0 2 0 2 0 0 1 0 0 0 2 0 0 0 0 0 1 0 0 0 0 2 0 2 0 0 0 0 0 1 0 0 0 2 0 0 0 2 0 0 0 2 0 0 0 0 2 0 2 0 2 0 0 0 1 0 0 0 0 2 0 2 0 2 0 0
50
99 9
0 0 1 0 2 0 2 0 1 0 0 0 0 0 2 0 1 0 2 0 0 0 0 0 2 0 0 2 0 1 0 0 0 0 2 0 1 0 0 2 0 0 1 0 0 0 0 0 2 0 0 2 0 1 0 1 0 1 0 2 0 0 1 0 0 0 2 0 0 0 0 0 2 0 2 0 0 2 0 0 2 0 0 2 0 2 0 0 0 0 2 0 0 0 0 0 0 2 0
2
54 18
0 2 0 1 0 0 0 2 0 1 0 0 2 0 0 0 2 0 2 0 0 0 2 0 1 0 0 0 0 0 0 1 0 2 0 0 0 2 0 2 0 0 1 0 0 0 2 0 2 0 0 0 0 0
34
84 3
2 0 2 0 0 2 0 2 0 0 2 0 0 2 0 0 2 0 1 0 0 2 0 2 0 0 1 0 0 0 1 0 0 1 0 0 0 2 0 2 0 1 0 0 1 0 0 1 0 0 2 0 1 0 2 0 2 0 2 0 1 0 2 0 2 0 2 0 0 2 0 2 0 0 2 0 0 0 2 0 2 0 2 0
57
120 12
0 2 0 2 0 0 0 0 0 0 0 0 2 0 0 2 0 2 0 0 2 0 0 2 0 0 1 0 0 0 0 0 2 0 0 2 0 0 2 0 2 0 2 0 0 1 0 0 1 0 2 0 2 0 2 0 0 2 0 0 1 0 0 2 0 2 0 0 0 0 0 2 0 0 2 0 2 0 0 0 1 0 0 1 0 2 0 0 0 0 1 0 2 0 2 0 2 0 2 0 2 0 2 0 0 0 2 0 0 0 0 0 0 2 0 2 0 0 0 0
85
60 2
1 0 0 1 0 2 0 0 0 2 0 0 2 0 0 0 0 2 0 1 0 2 0 0 2 0 2 0 0 0 2 0 2 0 2 0 1 0 1 0 2 0 0 2 0 1 0 1 0 0 1 0 2 0 0 2 0 2 0 0
11
115 5
0 0 0 2 0 2 0 2 0 1 0 2 0 2 0 0 2 0 2 0 0 1 0 1 0 1 0 1 0 2 0 0 2 0 2 0 0 0 0 2 0 1 0 1 0 0 1 0 2 0 0 2 0 1 0 0 1 0 2 0 0 0 2 0 1 0 0 0 0 2 0 1 0 1 0 0 1 0 0 1 0 0 1 0 2 0 0 0 0 0 2 0 0 1 0 0 0 0 0 2 0 2 0 0 1 0 0 1 0 2 0 0 1 0 0
57
184 8
1 0 1 0 2 0 0 0 2 0 2 0 0 2 0 2 0 0 1 0 2 0 0 0 1 0 0 0 2 0 2 0 2 0 2 0 0 2 0 0 2 0 0 0 0 0 0 1 0 2 0 2 0 0 2 0 2 0 0 2 0 2 0 2 0 1 0 1 0 2 0 1 0 2 0 0 0 1 0 0 0 2 0 0 2 0 1 0 0 1 0 0 0 1 0 0 0 1 0 0 2 0 0 0 0 0 2 0 1 0 0 0 0 2 0 1 0 1 0 0 2 0 1 0 1 0 2 0 0 1 0 0 1 0 1 0 0 0 0 0 0 2 0 0 0 0 2 0 2 0 2 0 2 0 1 0 1 0 2 0 0 0 1 0 1 0 0 2 0 2 0 2 0 0 2 0 0 0 0 0 2 0 1 0
79
154 7
1 0 1 0 1 0 0 2 0 0 2 0 2 0 1 0 2 0 2 0 0 0 0 0 0 0 0 0 0 0 1 0 0 1 0 0 2 0 2 0 2 0 0 0 1 0 0 1 0 0 2 0 1 0 2 0 0 1 0 0 0 0 0 0 2 0 0 2 0 0 0 1 0 0 2 0 1 0 1 0 2 0 2 0 0 0 0 0 0 1 0 0 0 0 0 0 0 1 0 0 0 2 0 1 0 1 0 0 2 0 0 2 0 0 0 0 1 0 0 2 0 0 1 0 1 0 2 0 1 0 2 0 0 0 0 0 2 0 0 0 2 0 1 0 0 2 0 1 0 2 0 1 0 0
102
186 6
0 0 2 0 0 2 0 0 0 0 0 2 0 0 0 0 0 1 0 0 0 2 0 0 0 2 0 1 0 0 0 0 0 2 0 0 0 2 0 0 0 2 0 2 0 2 0 0 2 0 0 1 0 0 0 2 0 2 0 2 0 0 1 0 0 1 0 1 0 0 0 1 0 0 2 0 1 0 0 2 0 0 0 0 0 1 0 2 0 2 0 2 0 2 0 0 1 0 1 0 2 0 0 0 0 2 0 0 2 0 2 0 0 2 0 2 0 1 0 2 0 2 0 0 2 0 0 1 0 0 1 0 1 0 1 0 0 0 1 0 2 0 0 1 0 2 0 2 0 0 1 0 0 0 0 0 1 0 2 0 0 2 0 2 0 2 0 0 1 0 1 0 0 1 0 0 2 0 0 0 0 2 0 0 2 0
145
168 7
0 1 0 2 0 2 0 0 2 0 2 0 1 0 1 0 1 0 0 0 1 0 2 0 0 1 0 2 0 1 0 2 0 0 0 0 0 0 1 0 2 0 1 0 2 0 1 0 2 0 2 0 2 0 0 2 0 0 0 1 0 1 0 0 0 2 0 2 0 1 0 0 0 1 0 1 0 0 0 2 0 0 0 1 0 1 0 2 0 2 0 2 0 2 0 0 2 0 0 1 0 2 0 2 0 2 0 0 2 0 2 0 0 2 0 2 0 2 0 0 0 2 0 2 0 2 0 1 0 2 0 0 0 0 2 0 0 0 1 0 2 0 1 0 2 0 2 0 1 0 2 0 0 1 0 1 0 2 0 1 0 0 1 0 1 0 0 0
156
51 17
0 1 0 0 2 0 2 0 0 0 0 0 2 0 0 0 0 0 1 0 0 1 0 0 2 0 0 0 0 0 0 0 0 2 0 0 0 0 0 0 0 0 0 2 0 2 0 0 2 0 0
23
135 9
1 0 0 2 0 0 2 0 2 0 2 0 2 0 0 1 0 2 0 0 2 0 0 0 0 1 0 0 1 0 1 0 2 0 1 0 2 0 2 0 1 0 2 0 0 2 0 1 0 0 1 0 1 0 0 0 0 2 0 0 0 0 0 2 0 0 0 0 0 1 0 1 0 1 0 1 0 2 0 2 0 0 2 0 2 0 0 0 2 0 2 0 0 0 1 0 2 0 0 0 2 0 2 0 0 0 2 0 2 0 0 1 0 0 1 0 2 0 0 0 1 0 0 2 0 0 2 0 1 0 1 0 0 2 0
107
140 14
0 1 0 0 2 0 1 0 0 0 2 0 2 0 2 0 2 0 0 0 0 0 0 0 0 0 0 1 0 0 0 0 0 1 0 1 0 2 0 0 0 0 0 2 0 2 0 0 2 0 0 0 2 0 0 2 0 1 0 0 2 0 2 0 2 0 1 0 1 0 2 0 2 0 0 0 0 0 2 0 0 0 2 0 2 0 0 1 0 0 0 2 0 0 2 0 2 0 1 0 0 0 2 0 0 0 1 0 0 0 0 2 0 2 0 0 0 2 0 0 0 2 0 0 2 0 2 0 2 0 2 0 2 0 1 0 0 2 0 0
82
118 2
2 0 2 0 0 1 0 2 0 2 0 1 0 0 0 0 0 2 0 0 1 0 0 0 1 0 0 0 1 0 0 0 1 0 2 0 2 0 0 2 0 2 0 2 0 2 0 1 0 0 0 1 0 1 0 1 0 1 0 0 0 0 0 2 0 0 2 0 0 0 1 0 0 0 2 0 1 0 0 1 0 0 0 2 0 0 0 2 0 0 0 1 0 1 0 2 0 2 0 2 0 0 2 0 0 2 0 0 2 0 2 0 2 0 0 0 0 0
22
56 7
0 0 1 0 0 2 0 0 1 0 0 2 0 0 2 0 0 2 0 1 0 0 0 0 0 0 2 0 0 0 0 0 1 0 2 0 0 0 0 0 0 0 0 2 0 1 0 0 2 0 0 0 0 2 0 0
20
187 11
2 0 0 0 1 0 0 1 0 0 0 1 0 1 0 2 0 0 2 0 0 2 0 0 0 0 2 0 1 0 0 2 0 0 0 0 0 2 0 1 0 0 0 1 0 0 1 0 1 0 0 0 0 1 0 2 0 2 0 0 2 0 2 0 1 0 2 0 2 0 1 0 0 2 0 2 0 0 0 2 0 0 0 2 0 0 0 1 0 1 0 2 0 0 1 0 0 0 0 2 0 0 1 0 1 0 2 0 0 2 0 0 0 2 0 0 0 1 0 1 0 0 1 0 0 1 0 0 0 0 1 0 2 0 1 0 0 2 0 2 0 0 0 0 0 2 0 2 0 0 0 0 0 1 0 2 0 0 0 0 1 0 0 2 0 2 0 0 0 0 0 2 0 0 2 0 2 0 0 2 0 0 0 0 2 0 0
92
182 14
1 0 0 1 0 0 0 0 2 0 0 2 0 1 0 0 1 0 0 2 0 0 2 0 0 0 0 1 0 2 0 0 2 0 0 1 0 0 0 1 0 2 0 2 0 0 0 0 2 0 2 0 1 0 0 0 0 1 0 2 0 2 0 1 0 1 0 1 0 2 0 2 0 0 0 0 2 0 2 0 0 2 0 2 0 0 0 0 2 0 0 0 0 2 0 0 2 0 2 0 1 0 2 0 1 0 0 2 0 0 0 2 0 2 0 1 0 1 0 1 0 2 0 1 0 0 0 2 0 0 0 2 0 0 2 0 0 1 0 1 0 0 0 0 0 0 2 0 1 0 0 2 0 0 2 0 1 0 0 2 0 1 0 0 2 0 2 0 0 0 1 0 0 0 2 0 0 0 2 0 1 0
41
176 16
2 0 2 0 0 1 0 0 2 0 0 0 0 0 1 0 1 0 1 0 0 0 2 0 0 0 0 0 2 0 2 0 0 0 2 0 1 0 1 0 0 0 2 0 1 0 2 0 1 0 2 0 1 0 0 1 0 0 0 0 0 2 0 1 0 0 2 0 0 0 0 0 0 0 0 1 0 0 1 0 2 0 2 0 0 2 0 0 0 0 0 1 0 0 0 0 0 2 0 2 0 2 0 1 0 1 0 2 0 0 2 0 2 0 1 0 2 0 2 0 0 0 0 2 0 0 0 1 0 1 0 0 2 0 1 0 2 0 0 0 0 0 0 2 0 0 0 0 0 1 0 1 0 0 2 0 1 0 1 0 0 0 0 0 0 1 0 2 0 2 0 2 0 0 0 0
96
60 20
1 0 0 1 0 0 2 0 0 1 0 0 2 0 0 0 0 0 2 0 0 0 2 0 0 1 0 1 0 0 2 0 0 1 0 0 0 2 0 1 0 0 0 0 0 2 0 0 1 0 0 2 0 0 1 0 0 0 0 0
47
48 12
1 0 2 0 1 0 2 0 1 0 0 0 0 2 0 0 0 2 0 0 2 0 0 0 0 2 0 0 2 0 2 0 0 2 0 0 0 0 2 0 0 1 0 0 0 2 0 0
16
108 12
1 0 2 0 1 0 0 1 0 1 0 0 2 0 0 1 0 0 2 0 1 0 0 0 0 0 0 0 2 0 0 2 0 0 0 0 0 2 0 0 1 0 2 0 0 0 0 1 0 1 0 1 0 0 2 0 0 1 0 2 0 0 0 2 0 2 0 0 2 0 2 0 0 0 2 0 1 0 1 0 0 0 0 0 2 0 1 0 2 0 0 0 2 0 2 0 0 0 0 0 1 0 0 1 0 0 2 0
34
48 12
0 0 0 0 0 1 0 0 0 2 0 0 2 0 0 0 0 2 0 0 0 0 0 0 0 0 2 0 0 2 0 0 2 0 2 0 0 0 2 0 0 0 2 0 2 0 0 0
44
132 11
0 0 2 0 1 0 2 0 1 0 2 0 2 0 0 2 0 0 2 0 0 0 1 0 2 0 0 2 0 1 0 0 0 0 0 0 1 0 2 0 0 0 1 0 2 0 2 0 1 0 2 0 0 0 2 0 2 0 0 0 2 0 1 0 2 0 0 1 0 1 0 0 2 0 0 1 0 0 2 0 1 0 2 0 0 2 0 1 0 2 0 2 0 0 1 0 1 0 0 1 0 0 1 0 2 0 0 0 2 0 2 0 0 2 0 1 0 1 0 0 0 2 0 2 0 2 0 0 0 1 0 0
43
160 20
0 2 0 2 0 1 0 0 0 2 0 0 2 0 0 0 1 0 0 0 0 2 0 0 2 0 0 2 0 2 0 0 2 0 1 0 2 0 2 0 1 0 1 0 0 2 0 0 1 0 0 0 1 0 1 0 0 0 0 0 0 0 0 0 0 1 0 2 0 0 0 0 0 2 0 0 0 0 2 0 1 0 1 0 1 0 2 0 0 0 1 0 2 0 1 0 2 0 0 0 2 0 0 0 2 0 0 2 0 0 0 0 1 0 0 2 0 2 0 0 1 0 0 0 0 0 2 0 0 2 0 2 0 2 0 0 2 0 0 2 0 0 2 0 0 2 0 0 0 1 0 0 1 0 2 0 2 0 0 0
114
140 20
0 1 0 0 0 0 0 0 0 0 0 1 0 0 1 0 2 0 1 0 0 1 0 0 2 0 0 0 1 0 0 2 0 0 0 1 0 0 0 0 0 0 1 0 1 0 0 2 0 2 0 1 0 0 2 0 2 0 2 0 2 0 0 0 2 0 0 2 0 0 2 0 1 0 0 2 0 0 1 0 0 1 0 0 2 0 0 2 0 0 0 2 0 1 0 2 0 0 2 0 1 0 2 0 0 2 0 1 0 1 0 0 1 0 1 0 2 0 0 2 0 0 0 0 1 0 2 0 0 1 0 1 0 1 0 1 0 2 0 0
80
125 5
1 0 2 0 0 2 0 2 0 0 0 1 0 0 2 0 2 0 0 1 0 2 0 1 0 1 0 0 0 0 0 1 0 0 0 2 0 1 0 0 2 0 0 0 0 0 1 0 0 0 1 0 0 0 2 0 1 0 2 0 0 0 1 0 0 1 0 0 0 0 0 0 2 0 0 2 0 1 0 1 0 1 0 0 2 0 1 0 2 0 0 1 0 1 0 2 0 0 2 0 1 0 2 0 1 0 2 0 0 1 0 0 2 0 2 0 1 0 2 0 0 1 0 2 0
50
136 8
0 1 0 2 0 0 1 0 2 0 1 0 0 0 2 0 0 2 0 1 0 1 0 1 0 0 0 2 0 0 1 0 0 0 2 0 0 2 0 0 0 0 2 0 1 0 0 0 1 0 0 2 0 2 0 1 0 2 0 2 0 0 2 0 0 0 1 0 0 1 0 0 0 0 0 2 0 0 2 0 0 1 0 0 0 0 0 0 0 1 0 2 0 2 0 0 0 0 2 0 2 0 2 0 1 0 0 0 0 0 1 0 1 0 1 0 0 0 0 0 1 0 1 0 2 0 0 0 1 0 2 0 0 0 0 0
50
48 12
1 0 2 0 2 0 0 0 1 0 2 0 1 0 0 0 1 0 0 0 2 0 1 0 0 2 0 0 1 0 0 0 2 0 2 0 2 0 1 0 0 2 0 0 2 0 0 0
34
75 15
0 0 0 2 0 0 1 0 2 0 2 0 0 0 0 2 0 2 0 0 1 0 2 0 0 0 2 0 1 0 2 0 0 0 0 0 1 0 2 0 2 0 0 2 0 2 0 2 0 0 2 0 2 0 0 1 0 0 2 0 1 0 0 0 0 1 0 0 2 0 0 0 1 0 0
2
144 12
2 0 0 0 0 2 0 1 0 0 2 0 1 0 0 0 0 1 0 0 0 0 0 0 1 0 2 0 0 0 0 2 0 0 0 0 2 0 0 0 0 2 0 1 0 0 0 0 2 0 1 0 0 2 0 1 0 1 0 0 0 1 0 2 0 2 0 0 0 2 0 0 0 1 0 1 0 0 0 2 0 0 2 0 1 0 0 0 2 0 1 0 2 0 1 0 1 0 1 0 2 0 1 0 0 2 0 0 2 0 0 0 2 0 2 0 1 0 1 0 0 1 0 1 0 0 0 2 0 0 0 0 1 0 0 0 0 0 2 0 2 0 1 0
2
140 20
2 0 1 0 0 0 0 0 2 0 2 0 2 0 1 0 0 0 0 0 0 2 0 2 0 0 2 0 0 0 1 0 0 1 0 2 0 0 1 0 0 0 0 0 2 0 0 1 0 1 0 0 0 1 0 0 1 0 0 2 0 2 0 0 0 0 0 2 0 0 2 0 2 0 0 0 0 0 2 0 0 1 0 0 1 0 0 0 0 1 0 0 0 0 0 0 1 0 2 0 1 0 0 0 0 0 0 2 0 1 0 0 0 0 2 0 0 1 0 0 0 1 0 2 0 0 2 0 2 0 1 0 0 1 0 0 0 2 0 0
103
184 4
0 0 0 0 1 0 0 0 1 0 0 0 2 0 0 0 0 2 0 0 2 0 0 1 0 0 0 2 0 0 1 0 0 2 0 0 2 0 0 2 0 2 0 0 1 0 1 0 1 0 1 0 2 0 2 0 2 0 2 0 0 1 0 0 2 0 0 0 0 0 0 2 0 0 0 0 0 2 0 2 0 0 2 0 0 0 2 0 0 2 0 0 0 0 0 2 0 2 0 2 0 0 0 1 0 0 0 0 2 0 0 2 0 0 0 0 0 0 0 2 0 0 0 2 0 2 0 1 0 0 2 0 0 0 0 0 2 0 0 2 0 0 1 0 0 0 1 0 0 0 1 0 1 0 0 2 0 0 2 0 1 0 0 2 0 2 0 2 0 0 2 0 0 1 0 2 0 1 0 2 0 1 0 0
131
160 10
0 0 0 0 0 2 0 2 0 0 0 2 0 2 0 0 1 0 0 0 2 0 1 0 0 2 0 0 0 1 0 0 1 0 2 0 1 0 2 0 1 0 2 0 0 0 2 0 0 0 2 0 0 0 2 0 1 0 2 0 0 0 1 0 2 0 0 1 0 1 0 1 0 1 0 0 2 0 1 0 2 0 2 0 0 0 0 0 0 0 1 0 0 2 0 0 2 0 2 0 2 0 2 0 0 1 0 0 0 0 2 0 2 0 2 0 1 0 0 1 0 2 0 0 0 1 0 0 0 0 0 1 0 2 0 0 1 0 2 0 0 2 0 0 2 0 0 0 1 0 0 2 0 0 2 0 2 0 1 0
6
108 12
2 0 2 0 2 0 0 2 0 1 0 0 0 1 0 1 0 0 1 0 2 0 1 0 0 2 0 0 2 0 1 0 2 0 1 0 0 0 0 0 0 0 0 1 0 0 0 0 1 0 0 0 0 0 1 0 2 0 2 0 1 0 0 0 1 0 0 1 0 2 0 0 0 0 2 0 0 0 0 0 0 2 0 1 0 1 0 0 2 0 1 0 1 0 0 2 0 0 0 0 2 0 2 0 0 1 0 0
76
135 15
1 0 0 0 2 0 2 0 0 0 1 0 0 0 2 0 2 0 0 2 0 0 0 0 0 2 0 2 0 1 0 0 0 0 0 0 0 1 0 1 0 0 0 0 0 1 0 1 0 1 0 2 0 0 0 2 0 2 0 0 1 0 0 1 0 0 1 0 1 0 1 0 2 0 0 0 0 0 2 0 0 0 2 0 1 0 0 2 0 0 1 0 2 0 2 0 0 0 0 2 0 0 0 1 0 0 2 0 2 0 0 2 0 0 2 0 0 2 0 2 0 0 2 0 0 0 0 0 0 1 0 1 0 0 0
35
102 1
2 0 0 1 0 0 1 0 2 0 2 0 0 1 0 2 0 1 0 0 2 0 2 0 0 0 2 0 0 0 0 1 0 0 1 0 0 2 0 2 0 0 1 0 0 0 0 2 0 0 2 0 0 0 1 0 2 0 0 1 0 0 0 0 1 0 2 0 0 0 0 0 2 0 2 0 2 0 1 0 2 0 0 2 0 1 0 0 1 0 0 1 0 0 1 0 0 0 0 2 0 0
71
56 7
1 0 2 0 1 0 0 0 0 2 0 0 0 2 0 0 1 0 1 0 2 0 0 0 0 2 0 2 0 2 0 0 2 0 1 0 2 0 2 0 1 0 0 0 0 1 0 0 1 0 0 1 0 0 1 0
12
70 14
1 0 1 0 0 0 0 0 0 0 2 0 1 0 0 2 0 1 0 0 0 1 0 0 0 1 0 2 0 0 0 0 1 0 0 0 2 0 0 0 2 0 2 0 0 1 0 1 0 0 1 0 0 2 0 1 0 1 0 0 1 0 2 0 0 0 2 0 2 0
20
189 7
1 0 1 0 0 0 2 0 0 0 2 0 2 0 0 0 1 0 2 0 0 2 0 1 0 2 0 0 0 0 1 0 0 0 1 0 2 0 2 0 2 0 0 1 0 0 1 0 0 0 1 0 0 0 2 0 0 2 0 2 0 2 0 0 0 0 0 1 0 0 2 0 1 0 0 1 0 2 0 0 0 2 0 1 0 1 0 1 0 0 0 0 0 0 0 0 0 2 0 0 2 0 0 2 0 1 0 0 0 0 2 0 0 0 0 0 0 2 0 2 0 0 0 2 0 2 0 2 0 0 0 2 0 0 0 0 0 0 1 0 2 0 0 0 0 2 0 0 0 2 0 0 1 0 2 0 2 0 1 0 1 0 1 0 2 0 1 0 0 2 0 2 0 1 0 1 0 0 0 2 0 1 0 0 1 0 2 0 0
11
60 20
1 0 0 2 0 0 2 0 0 2 0 0 1 0 0 0 2 0 2 0 0 2 0 0 1 0 0 1 0 0 2 0 0 2 0 0 0 2 0 0 0 0 2 0 0 2 0 0 1 0 0 2 0 0 0 2 0 2 0 0
6
60 15
0 0 1 0 1 0 1 0 1 0 0 0 0 1 0 0 1 0 0 0 2 0 1 0 0 0 0 0 2 0 0 0 2 0 2 0 1 0 1 0 0 2 0 0 0 2 0 0 1 0 2 0 1 0 2 0 0 0 0 0
17
78 6
0 0 0 2 0 0 1 0 2 0 1 0 0 1 0 2 0 1 0 1 0 2 0 0 2 0 0 0 1 0 2 0 1 0 1 0 2 0 0 0 2 0 1 0 2 0 0 1 0 0 1 0 2 0 0 2 0 1 0 0 0 2 0 0 0 0 1 0 2 0 1 0 2 0 1 0 2 0
51
114 19
2 0 0 1 0 0 2 0 0 1 0 0 0 0 0 0 2 0 0 0 0 1 0 0 2 0 1 0 2 0 0 1 0 0 2 0 0 2 0 1 0 0 0 2 0 2 0 0 0 0 0 1 0 0 0 1 0 1 0 0 2 0 1 0 0 0 2 0 2 0 0 0 0 1 0 0 0 0 2 0 0 1 0 0 1 0 0 0 1 0 0 2 0 0 1 0 0 2 0 2 0 0 2 0 2 0 2 0 0 2 0 0 0 0
8
120 8
0 2 0 0 0 0 0 1 0 1 0 2 0 2 0 2 0 1 0 2 0 0 0 0 2 0 2 0 2 0 0 2 0 2 0 0 0 0 1 0 2 0 2 0 0 2 0 2 0 0 0 0 2 0 0 0 0 1 0 0 1 0 0 2 0 2 0 1 0 2 0 0 0 2 0 0 1 0 1 0 0 2 0 2 0 0 0 0 0 0 1 0 1 0 1 0 0 2 0 0 0 0 0 0 0 0 1 0 1 0 2 0 0 2 0 0 0 1 0 0
117
75 15
2 0 0 1 0 2 0 2 0 0 0 2 0 2 0 2 0 0 0 0 2 0 0 2 0 1 0 2 0 0 2 0 2 0 0 2 0 0 0 0 0 2 0 1 0 0 0 1 0 0 1 0 2 0 0 0 2 0 0 0 1 0 2 0 0 1 0 1 0 0 0 2 0 0 0
2
88 2
0 0 2 0 1 0 1 0 2 0 0 0 0 2 0 0 2 0 1 0 0 0 2 0 1 0 0 1 0 0 1 0 1 0 2 0 0 1 0 1 0 2 0 0 2 0 2 0 0 0 1 0 0 2 0 1 0 2 0 0 0 0 1 0 0 0 0 2 0 0 1 0 0 1 0 1 0 0 2 0 2 0 2 0 1 0 2 0
57
96 16
1 0 1 0 2 0 0 2 0 1 0 0 1 0 0 0 0 0 0 2 0 0 2 0 2 0 2 0 1 0 0 2 0 0 2 0 0 2 0 2 0 0 0 2 0 0 2 0 2 0 1 0 1 0 2 0 0 2 0 0 0 2 0 2 0 0 2 0 0 0 0 0 2 0 0 1 0 0 0 0 0 0 0 0 0 2 0 1 0 0 2 0 0 2 0 0
65
160 10
2 0 0 2 0 0 0 1 0 1 0 2 0 0 0 0 0 2 0 0 2 0 0 0 2 0 2 0 2 0 1 0 0 0 1 0 2 0 0 1 0 1 0 0 1 0 2 0 0 1 0 0 0 0 1 0 2 0 0 2 0 2 0 0 0 0 0 1 0 2 0 1 0 0 2 0 0 2 0 0 2 0 0 2 0 0 0 0 1 0 0 1 0 1 0 0 0 2 0 1 0 2 0 2 0 1 0 2 0 1 0 0 1 0 0 2 0 1 0 2 0 0 2 0 0 0 1 0 0 0 0 0 0 2 0 2 0 0 2 0 1 0 0 0 0 0 2 0 2 0 0 0 0 0 0 1 0 2 0 0
29
102 6
0 0 2 0 0 1 0 2 0 0 2 0 2 0 1 0 0 0 1 0 2 0 0 1 0 2 0 2 0 0 2 0 1 0 1 0 2 0 1 0 1 0 0 0 1 0 2 0 1 0 0 1 0 0 0 0 2 0 2 0 2 0 0 0 2 0 1 0 2 0 0 1 0 0 0 1 0 2 0 2 0 2 0 1 0 0 0 0 0 2 0 0 1 0 0 1 0 0 1 0 0 0
58
120 15
0 2 0 0 2 0 2 0 1 0 1 0 0 0 1 0 1 0 1 0 0 0 2 0 0 2 0 0 2 0 0 0 2 0 1 0 0 0 0 0 2 0 0 2 0 0 0 0 2 0 0 0 2 0 2 0 0 1 0 0 0 0 0 0 0 0 1 0 0 2 0 0 1 0 1 0 2 0 1 0 0 0 0 0 0 1 0 0 1 0 2 0 2 0 2 0 2 0 1 0 0 1 0 0 0 0 2 0 1 0 0 0 2 0 2 0 1 0 0 0
69
48 12
2 0 2 0 1 0 0 0 0 1 0 0 2 0 2 0 2 0 0 0 1 0 1 0 0 0 0 0 0 0 1 0 0 1 0 0 2 0 2 0 1 0 2 0 0 1 0 0
37
152 4
2 0 1 0 0 0 2 0 0 2 0 1 0 1 0 0 1 0 1 0 0 0 2 0 1 0 2 0 0 0 2 0 0 0 2 0 0 0 0 2 0 2 0 0 1 0 2 0 0 1 0 1 0 2 0 0 1 0 1 0 1 0 1 0 0 0 2 0 1 0 2 0 2 0 0 0 0 0 0 1 0 2 0 0 2 0 0 0 2 0 1 0 2 0 0 2 0 0 2 0 1 0 0 2 0 0 1 0 2 0 2 0 0 0 2 0 0 2 0 0 1 0 2 0 0 2 0 2 0 1 0 2 0 1 0 2 0 2 0 2 0 1 0 2 0 1 0 2 0 1 0 0
111
126 7
0 0 0 2 0 0 2 0 2 0 2 0 2 0 0 0 0 0 2 0 0 0 0 0 0 2 0 0 1 0 2 0 1 0 0 0 0 1 0 2 0 0 0 0 0 0 2 0 0 1 0 2 0 0 0 1 0 1 0 2 0 2 0 2 0 2 0 2 0 0 1 0 0 0 0 1 0 2 0 0 0 1 0 1 0 0 1 0 0 0 2 0 0 0 2 0 0 0 2 0 0 0 1 0 2 0 1 0 2 0 2 0 0 1 0 1 0 1 0 0 0 0 2 0 2 0
72
132 11
0 1 0 0 1 0 2 0 2 0 2 0 2 0 1 0 1 0 0 1 0 2 0 0 2 0 0 0 2 0 1 0 2 0 2 0 0 2 0 0 1 0 1 0 1 0 1 0 1 0 0 0 0 1 0 1 0 1 0 0 2 0 2 0 0 2 0 1 0 2 0 0 1 0 0 0 0 2 0 0 2 0 2 0 1 0 0 0 0 0 1 0 2 0 0 0 0 1 0 1 0 2 0 2 0 2 0 0 0 0 1 0 1 0 1 0 0 1 0 0 0 1 0 0 1 0 2 0 0 0 0 0
122
190 19
1 0 2 0 2 0 2 0 0 0 1 0 0 2 0 0 0 0 0 0 2 0 2 0 0 0 2 0 1 0 2 0 0 0 0 2 0 0 2 0 2 0 1 0 2 0 2 0 1 0 0 0 1 0 2 0 2 0 0 0 0 0 2 0 0 1 0 2 0 0 0 0 2 0 1 0 2 0 1 0 2 0 1 0 0 1 0 2 0 0 0 1 0 0 1 0 0 1 0 0 0 0 2 0 0 2 0 2 0 0 0 0 0 1 0 2 0 1 0 0 1 0 0 1 0 1 0 1 0 0 0 0 0 2 0 2 0 0 1 0 0 1 0 2 0 1 0 2 0 0 0 1 0 2 0 0 2 0 2 0 0 0 2 0 2 0 1 0 0 0 1 0 0 2 0 2 0 0 0 0 2 0 2 0 1 0 2 0 0 0
51
78 2
0 2 0 0 1 0 2 0 2 0 0 2 0 2 0 2 0 0 1 0 0 0 0 1 0 2 0 1 0 2 0 0 1 0 1 0 2 0 0 0 2 0 0 0 0 2 0 0 0 0 1 0 2 0 2 0 0 2 0 0 2 0 0 1 0 0 0 0 2 0 0 0 2 0 1 0 1 0
28
180 18
2 0 1 0 0 0 0 2 0 0 0 2 0 1 0 0 2 0 0 0 0 2 0 0 0 2 0 0 2 0 2 0 2 0 2 0 1 0 1 0 0 2 0 2 0 0 1 0 2 0 2 0 0 0 0 1 0 0 0 0 0 2 0 0 2 0 2 0 0 0 2 0 1 0 1 0 1 0 0 0 0 1 0 0 2 0 0 2 0 0 0 0 1 0 0 1 0 0 0 0 1 0 0 1 0 1 0 0 0 0 0 0 0 0 0 2 0 2 0 0 0 0 0 2 0 0 2 0 1 0 2 0 2 0 2 0 1 0 0 0 0 2 0 0 2 0 0 2 0 0 2 0 0 0 1 0 1 0 0 0 0 1 0 1 0 0 2 0 2 0 2 0 1 0 1 0 2 0 2 0
170
170 10
2 0 0 0 2 0 2 0 0 0 1 0 0 0 0 1 0 0 0 1 0 0 2 0 0 0 1 0 2 0 1 0 0 0 0 2 0 1 0 2 0 0 0 1 0 0 2 0 0 0 0 0 2 0 2 0 2 0 1 0 0 0 2 0 2 0 0 0 0 2 0 0 1 0 2 0 0 0 0 2 0 1 0 0 0 1 0 2 0 2 0 0 1 0 0 2 0 1 0 2 0 0 0 1 0 0 0 2 0 0 1 0 1 0 2 0 0 1 0 0 2 0 2 0 0 2 0 0 1 0 1 0 0 1 0 0 0 0 0 0 0 2 0 1 0 2 0 1 0 1 0 0 0 2 0 2 0 0 0 0 1 0 1 0 2 0 2 0 1 0
92
99 9
0 1 0 2 0 2 0 0 0 0 0 0 0 2 0 0 2 0 2 0 0 0 2 0 1 0 0 0 2 0 2 0 0 1 0 2 0 1 0 1 0 2 0 0 2 0 0 0 0 0 0 1 0 0 0 2 0 2 0 2 0 0 0 0 2 0 0 0 0 1 0 1 0 0 1 0 0 0 1 0 0 2 0 2 0 2 0 0 2 0 1 0 2 0 2 0 1 0 0
97
72 9
2 0 0 1 0 1 0 0 2 0 2 0 0 1 0 0 0 0 2 0 2 0 1 0 0 0 1 0 0 0 0 0 0 0 0 0 0 0 2 0 1 0 1 0 0 0 2 0 1 0 1 0 0 0 0 0 0 2 0 0 1 0 1 0 2 0 0 0 0 2 0 0
8
120 5
1 0 2 0 2 0 0 2 0 2 0 1 0 1 0 2 0 0 2 0 2 0 2 0 2 0 2 0 0 1 0 0 2 0 0 0 0 0 0 1 0 1 0 0 0 0 2 0 2 0 0 2 0 0 0 2 0 1 0 2 0 2 0 0 0 2 0 0 0 0 2 0 1 0 2 0 0 1 0 0 1 0 0 0 1 0 1 0 0 0 2 0 2 0 1 0 1 0 1 0 1 0 0 0 0 2 0 0 1 0 2 0 1 0 2 0 1 0 1 0
5
60 15
1 0 1 0 0 0 0 0 1 0 1 0 2 0 2 0 1 0 2 0 1 0 0 0 0 1 0 0 1 0 1 0 2 0 0 0 1 0 1 0 2 0 2 0 0 0 0 0 2 0 2 0 2 0 0 0 0 2 0 0
41
90 15
2 0 0 0 0 0 0 2 0 0 1 0 0 1 0 1 0 0 1 0 2 0 2 0 0 2 0 0 2 0 1 0 0 2 0 0 0 1 0 2 0 0 1 0 2 0 0 0 1 0 1 0 0 0 0 2 0 2 0 0 0 0 2 0 0 0 0 2 0 0 2 0 2 0 0 1 0 0 1 0 1 0 2 0 0 2 0 1 0 0
52
66 6
0 1 0 2 0 2 0 0 0 1 0 1 0 0 1 0 0 0 2 0 2 0 0 1 0 0 2 0 0 0 2 0 0 0 1 0 0 1 0 1 0 0 2 0 1 0 2 0 1 0 0 2 0 1 0 0 2 0 0 0 2 0 1 0 1 0
2
135 15
2 0 0 0 0 2 0 1 0 2 0 0 0 2 0 2 0 0 2 0 0 0 2 0 2 0 0 0 0 0 0 0 0 0 1 0 1 0 0 2 0 2 0 1 0 2 0 0 2 0 2 0 2 0 0 0 2 0 0 0 0 2 0 2 0 1 0 0 0 0 2 0 0 1 0 2 0 0 2 0 0 0 0 2 0 0 0 2 0 0 0 1 0 1 0 0 0 2 0 0 2 0 1 0 1 0 0 0 2 0 1 0 1 0 2 0 0 0 1 0 2 0 0 0 2 0 1 0 2 0 0 2 0 0 0
75
90 18
0 2 0 2 0 0 2 0 0 0 0 0 0 1 0 1 0 1 0 0 1 0 1 0 0 2 0 0 2 0 0 1 0 2 0 0 2 0 1 0 1 0 1 0 0 2 0 2 0 0 0 0 0 1 0 1 0 1 0 0 2 0 2 0 0 0 0 1 0 0 0 0 0 2 0 0 0 0 0 0 1 0 2 0 0 2 0 0 2 0
33
64 16
1 0 2 0 2 0 2 0 1 0 2 0 0 2 0 0 2 0 0 0 1 0 1 0 2 0 0 0 0 1 0 0 0 1 0 0 0 0 2 0 0 2 0 0 2 0 1 0 0 2 0 0 2 0 0 0 2 0 1 0 0 2 0 0
16
176 1
2 0 2 0 2 0 0 0 2 0 2 0 0 0 0 0 2 0 2 0 2 0 0 2 0 0 2 0 2 0 2 0 1 0 2 0 0 0 2 0 0 0 2 0 0 0 1 0 0 0 2 0 2 0 0 0 0 2 0 2 0 1 0 0 2 0 2 0 0 0 2 0 2 0 2 0 1 0 1 0 2 0 2 0 1 0 1 0 0 2 0 0 1 0 0 1 0 2 0 2 0 0 0 2 0 2 0 2 0 2 0 1 0 0 0 0 0 2 0 2 0 2 0 2 0 2 0 2 0 0 2 0 1 0 0 2 0 1 0 0 1 0 1 0 1 0 2 0 0 2 0 1 0 2 0 1 0 0 0 0 0 1 0 2 0 1 0 0 2 0 0 2 0 1 0 0
114
140 20
2 0 1 0 0 0 0 0 2 0 2 0 1 0 0 2 0 2 0 1 0 1 0 2 0 2 0 0 0 2 0 1 0 1 0 0 0 0 0 1 0 0 1 0 0 0 2 0 0 0 1 0 0 2 0 0 0 1 0 2 0 2 0 0 0 0 0 0 0 0 1 0 2 0 1 0 0 0 1 0 1 0 0 0 2 0 0 0 2 0 0 2 0 0 1 0 0 0 0 0 2 0 0 0 0 2 0 0 1 0 2 0 1 0 1 0 1 0 0 2 0 0 2 0 1 0 0 0 2 0 2 0 0 0 0 1 0 0 1 0
11
77 11
2 0 2 0 2 0 0 1 0 0 0 0 0 0 2 0 0 0 2 0 0 1 0 2 0 1 0 0 0 0 2 0 2 0 0 2 0 1 0 1 0 0 2 0 2 0 2 0 0 0 0 0 0 2 0 0 1 0 0 0 2 0 0 0 0 2 0 2 0 0 0 2 0 0 0 2 0
1
132 6
0 2 0 0 2 0 1 0 0 2 0 2 0 1 0 0 2 0 1 0 0 0 0 0 2 0 2 0 0 0 0 0 0 2 0 0 0 0 2 0 2 0 0 0 1 0 2 0 2 0 1 0 2 0 2 0 2 0 0 2 0 0 0 0 2 0 1 0 1 0 1 0 0 0 0 0 0 1 0 1 0 1 0 1 0 0 2 0 2 0 1 0 0 0 2 0 2 0 2 0 1 0 0 0 0 2 0 0 2 0 2 0 1 0 1 0 0 0 0 2 0 2 0 0 2 0 2 0 0 2 0 0
22
176 8
0 0 0 1 0 1 0 2 0 2 0 1 0 1 0 1 0 0 0 0 0 0 2 0 2 0 0 0 0 0 1 0 0 0 1 0 2 0 0 1 0 2 0 0 2 0 2 0 0 2 0 0 0 0 2 0 0 0 2 0 0 1 0 2 0 0 0 1 0 2 0 2 0 0 0 0 1 0 0 2 0 0 1 0 0 1 0 0 2 0 1 0 0 0 0 0 1 0 0 2 0 1 0 0 0 1 0 0 0 0 1 0 2 0 0 0 0 0 0 0 0 0 2 0 0 1 0 0 0 0 2 0 1 0 2 0 0 0 0 2 0 0 0 1 0 2 0 1 0 0 1 0 1 0 0 2 0 1 0 2 0 2 0 2 0 0 1 0 1 0 0 1 0 0 2 0
125
104 13
2 0 1 0 2 0 2 0 0 0 0 0 0 0 1 0 2 0 1 0 0 1 0 0 2 0 0 1 0 0 0 0 0 2 0 0 0 0 2 0 0 1 0 1 0 1 0 0 0 2 0 0 0 2 0 0 0 1 0 0 2 0 2 0 2 0 2 0 2 0 2 0 0 0 2 0 0 2 0 0 0 1 0 0 0 0 2 0 0 0 2 0 1 0 2 0 1 0 0 0 0 0 0 0
70
133 19
0 0 0 0 2 0 0 0 0 0 2 0 0 0 2 0 0 2 0 1 0 0 0 1 0 0 0 0 2 0 1 0 1 0 0 2 0 0 0 2 0 0 1 0 2 0 2 0 0 1 0 2 0 2 0 0 0 0 1 0 0 2 0 0 0 0 2 0 2 0 2 0 0 2 0 2 0 0 1 0 2 0 0 0 2 0 2 0 2 0 0 2 0 1 0 1 0 0 0 0 0 2 0 0 0 2 0 2 0 1 0 0 2 0 2 0 0 1 0 2 0 2 0 1 0 0 0 0 2 0 1 0 0
93
170 17
2 0 2 0 1 0 0 0 1 0 0 1 0 1 0 0 1 0 2 0 1 0 0 1 0 1 0 0 1 0 2 0 0 0 2 0 2 0 2 0 1 0 0 0 0 2 0 0 2 0 2 0 2 0 1 0 0 1 0 0 2 0 2 0 2 0 1 0 0 0 1 0 0 2 0 0 2 0 0 0 1 0 0 0 1 0 2 0 0 0 0 0 2 0 0 2 0 0 2 0 2 0 0 0 1 0 0 1 0 0 0 2 0 2 0 0 0 0 1 0 2 0 1 0 2 0 0 1 0 0 2 0 0 0 2 0 1 0 2 0 2 0 2 0 2 0 0 0 0 0 1 0 2 0 0 2 0 0 2 0 2 0 0 2 0 0 2 0 0 0
38
128 2
2 0 1 0 0 0 2 0 2 0 0 2 0 0 1 0 0 0 1 0 2 0 0 2 0 2 0 0 2 0 0 2 0 2 0 2 0 0 0 2 0 2 0 0 0 0 2 0 2 0 1 0 2 0 2 0 2 0 0 1 0 2 0 0 0 0 1 0 2 0 2 0 0 2 0 2 0 2 0 2 0 0 0 1 0 0 2 0 0 1 0 2 0 2 0 2 0 1 0 0 0 2 0 1 0 1 0 2 0 0 1 0 0 2 0 1 0 0 0 2 0 2 0 2 0 2 0 0
106
152 8
0 1 0 0 2 0 2 0 2 0 2 0 0 1 0 0 0 0 0 2 0 0 0 0 1 0 0 0 2 0 0 0 1 0 2 0 0 0 0 2 0 2 0 0 1 0 0 0 2 0 0 2 0 1 0 0 0 0 1 0 2 0 0 2 0 0 0 0 1 0 1 0 1 0 0 0 2 0 2 0 0 2 0 2 0 0 1 0 0 1 0 0 0 2 0 0 2 0 2 0 2 0 2 0 0 2 0 2 0 0 0 1 0 0 0 0 1 0 0 0 0 0 0 1 0 2 0 2 0 1 0 0 0 0 0 0 2 0 1 0 0 0 0 2 0 2 0 0 0 0 0 0
145
96 8
2 0 0 2 0 2 0 1 0 0 1 0 1 0 2 0 1 0 0 1 0 2 0 0 2 0 0 0 0 1 0 2 0 1 0 0 1 0 2 0 0 1 0 0 0 0 0 0 0 2 0 0 0 2 0 0 0 0 0 0 1 0 2 0 0 2 0 1 0 0 2 0 1 0 0 0 0 2 0 2 0 2 0 0 0 2 0 2 0 0 0 0 2 0 0 0
37
64 4
0 1 0 1 0 0 1 0 2 0 0 1 0 0 0 0 1 0 0 0 2 0 0 1 0 0 2 0 0 1 0 0 0 0 0 0 1 0 0 0 0 2 0 0 0 0 2 0 2 0 0 2 0 0 2 0 0 2 0 2 0 0 0 0
40
77 7
0 0 1 0 0 0 0 1 0 2 0 2 0 2 0 0 2 0 2 0 0 0 0 0 0 2 0 0 2 0 2 0 0 0 2 0 2 0 0 0 2 0 0 0 0 1 0 1 0 0 0 0 1 0 0 2 0 0 2 0 2 0 2 0 2 0 2 0 1 0 1 0 0 1 0 2 0
56
84 14
1 0 0 0 0 0 0 1 0 0 2 0 0 2 0 0 0 0 0 0 1 0 0 0 2 0 1 0 0 0 0 1 0 1 0 0 0 0 1 0 0 0 2 0 0 0 1 0 0 2 0 0 2 0 0 2 0 0 0 0 1 0 0 1 0 0 2 0 0 1 0 0 0 0 0 2 0 0 2 0 2 0 2 0
66
125 5
0 2 0 0 0 0 0 2 0 0 2 0 0 2 0 1 0 0 0 2 0 2 0 0 0 2 0 2 0 0 1 0 2 0 2 0 1 0 0 0 1 0 1 0 0 0 0 2 0 0 2 0 0 0 1 0 0 1 0 2 0 2 0 2 0 2 0 2 0 0 1 0 1 0 0 1 0 0 0 0 2 0 0 1 0 0 1 0 2 0 0 0 0 2 0 0 1 0 2 0 2 0 1 0 0 2 0 0 1 0 2 0 0 1 0 0 1 0 0 0 2 0 2 0 0
90
65 13
2 0 2 0 0 2 0 1 0 0 0 0 2 0 0 2 0 0 2 0 0 2 0 1 0 0 2 0 2 0 1 0 0 2 0 0 0 2 0 0 0 2 0 2 0 0 1 0 0 0 0 0 2 0 0 0 2 0 0 0 2 0 0 1 0
8
60 20
0 0 0 0 0 0 0 1 0 1 0 0 0 1 0 1 0 0 0 1 0 1 0 0 0 0 0 2 0 0 2 0 0 2 0 0 2 0 0 1 0 0 1 0 0 2 0 0 1 0 0 2 0 0 1 0 0 1 0 0
18
117 3
0 2 0 2 0 0 2 0 2 0 2 0 0 2 0 2 0 0 0 0 2 0 1 0 1 0 2 0 2 0 1 0 1 0 2 0 2 0 0 0 2 0 2 0 1 0 0 0 0 2 0 0 2 0 0 2 0 1 0 2 0 0 1 0 2 0 0 0 0 1 0 2 0 2 0 0 0 0 0 0 2 0 0 2 0 2 0 2 0 0 0 0 0 0 1 0 1 0 2 0 0 0 2 0 1 0 1 0 0 0 2 0 2 0 1 0 0
42
96 16
0 2 0 0 0 0 0 0 0 0 1 0 2 0 2 0 1 0 1 0 0 2 0 0 2 0 2 0 0 0 1 0 0 0 1 0 2 0 2 0 0 0 0 1 0 0 0 0 1 0 1 0 1 0 2 0 2 0 0 0 2 0 0 2 0 0 0 2 0 1 0 0 1 0 0 0 0 0 0 2 0 0 0 0 2 0 0 0 0 0 0 1 0 2 0 0
33
128 16
0 2 0 1 0 0 0 0 1 0 1 0 1 0 2 0 2 0 2 0 0 0 0 0 0 1 0 1 0 2 0 0 2 0 2 0 0 0 1 0 2 0 1 0 2 0 2 0 2 0 0 0 0 0 1 0 0 0 2 0 2 0 0 0 2 0 0 0 2 0 0 0 2 0 2 0 0 1 0 0 1 0 1 0 1 0 1 0 2 0 1 0 1 0 0 0 0 0 0 2 0 1 0 0 2 0 0 1 0 0 2 0 0 0 2 0 0 1 0 0 2 0 2 0 1 0 0 0
34
120 6
1 0 1 0 2 0 2 0 1 0 2 0 1 0 1 0 0 2 0 0 2 0 2 0 2 0 1 0 0 1 0 0 1 0 2 0 2 0 1 0 2 0 2 0 1 0 1 0 0 1 0 0 1 0 1 0 1 0 0 0 1 0 2 0 2 0 0 1 0 1 0 0 0 2 0 1 0 2 0 0 2 0 2 0 0 0 1 0 2 0 0 2 0 2 0 0 0 2 0 0 2 0 0 1 0 2 0 0 0 1 0 2 0 2 0 1 0 1 0 0
38
66 11
2 0 0 0 1 0 0 1 0 2 0 0 0 0 2 0 0 0 2 0 0 0 0 0 0 2 0 2 0 0 2 0 1 0 1 0 2 0 0 0 2 0 0 0 0 2 0 0 2 0 2 0 0 0 0 0 0 2 0 0 0 0 0 2 0 0
51
55 11
0 0 0 2 0 0 0 1 0 0 1 0 0 0 0 0 0 1 0 0 1 0 1 0 0 0 2 0 0 0 2 0 2 0 0 1 0 0 2 0 1 0 0 0 0 0 2 0 1 0 0 2 0 1 0
49
110 5
2 0 0 1 0 2 0 0 2 0 2 0 1 0 1 0 0 1 0 2 0 0 1 0 2 0 2 0 0 1 0 1 0 0 2 0 2 0 0 1 0 0 0 0 2 0 0 0 1 0 0 0 1 0 1 0 0 1 0 1 0 1 0 1 0 0 2 0 2 0 1 0 1 0 0 2 0 1 0 0 1 0 0 0 1 0 0 0 1 0 0 0 0 0 2 0 2 0 0 0 2 0 0 0 1 0 1 0 0 0
91
48 6
2 0 1 0 2 0 0 0 0 2 0 0 0 0 1 0 0 2 0 2 0 1 0 0 0 0 0 0 1 0 1 0 1 0 0 1 0 2 0 0 2 0 1 0 1 0 0 0
2
66 11
1 0 1 0 1 0 2 0 2 0 0 0 1 0 0 1 0 0 0 2 0 2 0 0 2 0 0 0 0 0 0 2 0 0 2 0 0 2 0 2 0 0 0 1 0 0 0 0 2 0 1 0 0 0 0 2 0 2 0 0 2 0 1 0 2 0
13
45 15
0 2 0 1 0 0 0 2 0 0 2 0 0 2 0 1 0 0 1 0 0 0 2 0 1 0 0 0 2 0 0 2 0 0 2 0 0 2 0 0 2 0 0 0 0
13
144 6
1 0 1 0 2 0 2 0 0 2 0 0 0 0 0 0 0 0 2 0 0 0 1 0 0 0 0 0 0 2 0 0 0 0 0 2 0 0 1 0 2 0 2 0 2 0 0 0 2 0 0 2 0 2 0 0 0 2 0 0 2 0 2 0 0 0 2 0 0 1 0 0 2 0 2 0 1 0 1 0 1 0 2 0 1 0 2 0 2 0 2 0 2 0 0 0 2 0 0 2 0 0 1 0 0 0 0 1 0 0 0 0 0 2 0 1 0 2 0 0 1 0 0 0 2 0 2 0 0 0 2 0 0 0 2 0 0 2 0 0 0 0 0 0
134
144 12
2 0 0 2 0 1 0 0 0 2 0 0 1 0 1 0 2 0 0 0 0 1 0 0 0 0 1 0 2 0 0 1 0 0 0 0 2 0 0 2 0 2 0 2 0 2 0 0 0 1 0 1 0 1 0 0 2 0 0 0 2 0 0 2 0 0 2 0 1 0 2 0 1 0 0 2 0 0 0 2 0 0 1 0 1 0 1 0 2 0 2 0 0 0 0 0 1 0 2 0 0 1 0 1 0 2 0 0 0 0 1 0 0 1 0 2 0 2 0 0 2 0 2 0 1 0 1 0 2 0 2 0 2 0 2 0 1 0 0 0 1 0 2 0
79
84 14
2 0 1 0 0 0 2 0 0 1 0 0 2 0 1 0 2 0 2 0 2 0 1 0 0 2 0 1 0 0 0 0 2 0 0 0 2 0 0 1 0 0 0 1 0 2 0 0 0 1 0 1 0 0 0 2 0 0 1 0 1 0 0 0 0 0 2 0 2 0 0 0 2 0 0 0 2 0 1 0 2 0 0 0
84
149 1
0 2 0 0 0 0 0 1 0 2 0 2 0 2 0 0 2 0 0 0 1 0 0 0 1 0 0 0 1 0 1 0 2 0 2 0 0 2 0 1 0 2 0 2 0 2 0 2 0 1 0 0 0 2 0 0 0 0 0 0 2 0 0 2 0 0 0 2 0 2 0 0 1 0 2 0 1 0 0 0 0 0 1 0 1 0 1 0 2 0 2 0 0 1 0 0 0 0 1 0 1 0 1 0 2 0 0 0 2 0 1 0 2 0 1 0 2 0 0 0 2 0 2 0 2 0 2 0 1 0 2 0 2 0 2 0 2 0 1 0 1 0 2 0 1 0 0 2 0
99
48 8
0 1 0 0 1 0 2 0 2 0 0 0 0 2 0 2 0 0 1 0 1 0 2 0 0 2 0 1 0 0 0 1 0 2 0 0 1 0 0 1 0 0 0 1 0 0 0 0
43
130 2
0 0 1 0 2 0 0 1 0 2 0 0 2 0 2 0 0 0 0 2 0 1 0 0 2 0 1 0 0 2 0 0 0 2 0 2 0 2 0 2 0 1 0 0 1 0 0 0 0 1 0 0 2 0 0 2 0 1 0 0 2 0 0 1 0 0 1 0 1 0 0 1 0 1 0 2 0 2 0 0 2 0 0 0 2 0 2 0 1 0 0 0 1 0 0 0 0 2 0 2 0 2 0 2 0 1 0 0 2 0 1 0 2 0 2 0 1 0 2 0 0 2 0 0 2 0 2 0 2 0
44
117 13
2 0 0 1 0 0 0 0 0 0 0 1 0 1 0 0 0 0 0 2 0 2 0 1 0 1 0 2 0 0 2 0 2 0 2 0 0 2 0 1 0 0 0 0 0 2 0 0 0 0 0 2 0 0 0 2 0 2 0 0 0 0 0 2 0 0 2 0 1 0 2 0 1 0 0 1 0 2 0 0 0 1 0 0 0 0 1 0 0 0 2 0 2 0 0 2 0 1 0 1 0 1 0 0 0 0 0 0 0 1 0 1 0 1 0 2 0
103
173 1
1 0 2 0 0 0 2 0 0 1 0 0 2 0 0 0 1 0 2 0 0 1 0 1 0 1 0 0 1 0 0 1 0 1 0 0 0 1 0 1 0 2 0 1 0 0 2 0 0 2 0 2 0 0 0 0 2 0 1 0 0 0 2 0 1 0 1 0 0 1 0 0 0 1 0 1 0 2 0 1 0 1 0 0 1 0 2 0 0 0 0 0 2 0 0 1 0 2 0 0 2 0 2 0 2 0 2 0 2 0 0 2 0 2 0 0 1 0 2 0 2 0 0 0 1 0 0 0 1 0 2 0 0 1 0 0 0 0 0 0 1 0 1 0 2 0 0 2 0 0 1 0 0 0 0 1 0 1 0 0 0 0 2 0 0 0 2 0 0 2 0 1 0
72
180 18
1 0 0 0 2 0 2 0 0 0 0 0 1 0 1 0 0 2 0 0 2 0 0 0 2 0 2 0 0 0 2 0 2 0 0 1 0 2 0 0 0 2 0 0 2 0 1 0 2 0 0 2 0 0 1 0 0 0 0 0 0 0 0 2 0 2 0 1 0 0 0 2 0 2 0 2 0 1 0 0 1 0 2 0 0 0 1 0 2 0 0 2 0 2 0 1 0 2 0 0 2 0 2 0 2 0 1 0 1 0 2 0 2 0 0 2 0 1 0 0 2 0 0 1 0 0 2 0 2 0 0 0 2 0 0 0 1 0 2 0 2 0 1 0 2 0 0 2 0 0 0 0 0 0 2 0 0 1 0 0 0 2 0 2 0 0 0 2 0 0 2 0 1 0 0 2 0 2 0 0
174
140 10
0 1 0 1 0 0 0 1 0 2 0 2 0 0 2 0 0 0 0 2 0 1 0 1 0 0 0 0 0 0 0 0 1 0 2 0 2 0 0 2 0 0 1 0 2 0 0 1 0 1 0 0 0 1 0 0 0 1 0 0 1 0 0 0 0 1 0 0 1 0 0 2 0 2 0 2 0 0 0 0 2 0 1 0 0 0 0 0 2 0 1 0 1 0 0 0 1 0 2 0 2 0 0 1 0 0 2 0 0 0 1 0 1 0 1 0 2 0 0 2 0 0 2 0 2 0 1 0 2 0 2 0 0 2 0 0 0 1 0 0
68
168 14
1 0 1 0 2 0 1 0 0 2 0 0 2 0 0 0 0 0 0 2 0 2 0 0 0 2 0 2 0 1 0 0 2 0 2 0 2 0 1 0 2 0 2 0 1 0 1 0 1 0 2 0 0 2 0 2 0 0 1 0 0 2 0 1 0 2 0 1 0 0 2 0 0 0 0 0 1 0 2 0 1 0 0 0 0 0 2 0 0 2 0 0 1 0 0 0 2 0 0 2 0 0 2 0 2 0 2 0 0 0 0 0 0 1 0 2 0 1 0 0 0 1 0 1 0 2 0 2 0 0 2 0 0 1 0 0 0 1 0 0 0 2 0 0 2 0 0 2 0 2 0 0 2 0 2 0 2 0 0 2 0 0 0 0 2 0 0 0
92
120 8
0 0 0 0 1 0 0 0 1 0 0 0 0 0 0 1 0 2 0 0 0 2 0 0 2 0 2 0 2 0 0 0 0 1 0 2 0 0 1 0 1 0 0 0 0 1 0 2 0 0 2 0 2 0 1 0 0 0 2 0 0 0 2 0 0 1 0 2 0 2 0 0 2 0 0 0 1 0 2 0 0 1 0 0 0 2 0 0 0 0 0 1 0 1 0 2 0 1 0 2 0 1 0 1 0 2 0 1 0 2 0 0 1 0 0 2 0 2 0 0
74
81 3
1 0 0 0 1 0 0 1 0 0 1 0 1 0 2 0 2 0 2 0 1 0 0 0 0 2 0 0 0 0 0 2 0 0 2 0 0 2 0 0 1 0 0 0 0 2 0 2 0 1 0 0 0 0 2 0 2 0 2 0 0 0 0 0 0 1 0 2 0 0 2 0 2 0 2 0 0 1 0 0 0
15
152 19
0 1 0 2 0 1 0 0 0 2 0 2 0 1 0 0 2 0 0 0 1 0 0 0 0 1 0 0 2 0 1 0 2 0 2 0 0 0 1 0 0 1 0 0 0 2 0 0 1 0 0 1 0 1 0 0 1 0 2 0 1 0 2 0 0 0 2 0 2 0 1 0 0 2 0 0 0 2 0 0 0 2 0 0 0 1 0 0 1 0 0 1 0 2 0 0 1 0 0 2 0 2 0 0 0 0 0 2 0 1 0 0 1 0 0 2 0 2 0 0 0 0 0 2 0 1 0 0 2 0 0 1 0 2 0 0 1 0 2 0 1 0 0 0 1 0 2 0 2 0 1 0
135
130 10
1 0 1 0 2 0 0 1 0 2 0 1 0 1 0 2 0 1 0 2 0 0 0 0 2 0 1 0 1 0 0 2 0 1 0 2 0 0 0 0 2 0 2 0 0 1 0 0 2 0 1 0 0 2 0 2 0 1 0 2 0 0 0 2 0 2 0 0 2 0 2 0 2 0 2 0 0 0 0 2 0 1 0 0 2 0 2 0 0 0 0 2 0 2 0 0 0 1 0 1 0 0 0 0 0 1 0 2 0 0 1 0 2 0 0 2 0 2 0 0 1 0 2 0 0 0 2 0 1 0
20
120 15
0 0 1 0 2 0 0 0 2 0 1 0 0 2 0 0 1 0 1 0 2 0 2 0 2 0 2 0 0 1 0 0 0 0 2 0 0 2 0 0 2 0 0 1 0 0 0 0 0 0 0 0 0 1 0 0 2 0 1 0 2 0 0 0 2 0 1 0 1 0 0 0 0 1 0 0 0 2 0 0 0 0 0 0 1 0 0 0 0 2 0 2 0 0 0 0 0 0 2 0 2 0 2 0 0 1 0 0 0 1 0 0 0 2 0 0 0 0 0 0
28
180 18
1 0 0 2 0 0 0 0 2 0 0 1 0 2 0 0 1 0 0 0 2 0 2 0 2 0 1 0 0 0 2 0 0 1 0 2 0 0 0 0 2 0 0 2 0 0 0 2 0 0 0 0 1 0 2 0 2 0 2 0 0 1 0 2 0 0 2 0 0 0 0 0 2 0 2 0 2 0 0 0 0 2 0 0 2 0 2 0 0 0 0 2 0 2 0 2 0 0 0 0 0 1 0 2 0 2 0 1 0 0 0 1 0 0 2 0 2 0 0 0 0 0 2 0 0 0 0 1 0 0 0 0 0 0 0 0 0 1 0 0 0 1 0 1 0 0 0 2 0 0 0 0 1 0 0 0 1 0 0 0 0 0 0 0 2 0 1 0 2 0 0 0 0 2 0 0 0 0 0 0
102
102 17
2 0 0 0 1 0 2 0 0 1 0 0 0 0 1 0 0 0 0 2 0 2 0 0 1 0 0 1 0 0 1 0 2 0 2 0 0 0 1 0 0 0 0 0 2 0 0 0 2 0 2 0 2 0 2 0 1 0 1 0 0 2 0 0 2 0 0 0 0 2 0 0 1 0 0 1 0 0 1 0 2 0 2 0 0 0 0 0 1 0 1 0 0 1 0 0 1 0 0 1 0 0
88
190 10
0 0 1 0 0 0 0 2 0 2 0 2 0 0 0 2 0 1 0 0 0 0 1 0 0 2 0 0 1 0 0 2 0 2 0 1 0 0 2 0 0 0 1 0 2 0 2 0 1 0 1 0 1 0 0 0 0 0 1 0 2 0 1 0 2 0 2 0 2 0 2 0 0 0 0 0 0 0 2 0 1 0 2 0 2 0 2 0 0 0 1 0 2 0 0 0 1 0 0 0 2 0 2 0 0 0 0 1 0 1 0 0 0 0 0 1 0 2 0 0 0 1 0 2 0 0 1 0 0 1 0 1 0 0 0 1 0 1 0 0 0 2 0 0 0 2 0 0 1 0 1 0 0 1 0 1 0 2 0 2 0 2 0 2 0 2 0 2 0 0 0 0 0 0 0 2 0 0 1 0 0 0 0 1 0 0 0 0 0 0
60
51 17
2 0 0 0 2 0 0 1 0 1 0 0 0 2 0 2 0 0 1 0 0 0 0 0 0 2 0 0 2 0 2 0 0 0 0 0 2 0 0 0 1 0 2 0 0 1 0 0 1 0 0
9
176 11
1 0 0 2 0 2 0 0 2 0 0 2 0 1 0 0 0 2 0 0 0 0 2 0 1 0 1 0 0 1 0 0 0 0 2 0 2 0 1 0 0 0 2 0 1 0 2 0 0 0 1 0 0 0 1 0 0 0 0 0 0 2 0 0 0 1 0 0 1 0 0 0 0 0 2 0 0 1 0 0 0 2 0 0 1 0 2 0 0 1 0 0 0 1 0 0 0 1 0 0 1 0 2 0 0 2 0 1 0 0 0 0 2 0 2 0 0 0 0 1 0 2 0 0 2 0 1 0 0 0 0 2 0 1 0 2 0 2 0 2 0 0 1 0 1 0 0 2 0 1 0 0 1 0 0 1 0 1 0 0 1 0 2 0 2 0 2 0 0 0 0 1 0 1 0 0
96
80 16
0 2 0 2 0 0 2 0 2 0 1 0 0 0 0 0 0 1 0 0 1 0 0 2 0 2 0 2 0 0 2 0 1 0 0 2 0 1 0 0 0 0 0 2 0 1 0 2 0 0 0 0 0 1 0 2 0 0 1 0 0 2 0 2 0 0 0 2 0 0 1 0 0 0 0 1 0 0 1 0
70
84 1
0 0 0 0 1 0 1 0 2 0 0 0 2 0 1 0 0 0 2 0 2 0 2 0 1 0 2 0 1 0 0 2 0 2 0 1 0 1 0 0 0 2 0 0 0 1 0 1 0 0 2 0 0 2 0 2 0 1 0 1 0 0 1 0 0 0 0 2 0 1 0 0 0 2 0 0 0 2 0 0 0 2 0 0
17
95 5
2 0 2 0 2 0 0 0 2 0 2 0 2 0 2 0 2 0 0 0 0 0 0 1 0 1 0 2 0 2 0 2 0 0 1 0 0 0 2 0 2 0 1 0 2 0 0 0 0 0 0 0 1 0 1 0 0 0 2 0 1 0 0 0 2 0 0 0 0 1 0 1 0 0 2 0 2 0 0 1 0 2 0 0 2 0 1 0 0 0 2 0 1 0 0
87
119 17
0 2 0 2 0 1 0 2 0 2 0 2 0 0 0 0 1 0 0 2 0 2 0 2 0 1 0 0 2 0 0 0 1 0 0 2 0 2 0 2 0 0 0 2 0 0 0 0 0 0 2 0 2 0 0 0 1 0 0 2 0 2 0 2 0 1 0 0 0 0 0 0 0 1 0 2 0 0 2 0 1 0 2 0 0 1 0 2 0 0 0 0 0 0 2 0 2 0 1 0 2 0 0 0 0 1 0 2 0 1 0 0 2 0 2 0 2 0 0
74
140 10
2 0 2 0 0 1 0 0 2 0 2 0 0 0 1 0 1 0 2 0 2 0 0 0 0 0 1 0 0 0 2 0 1 0 1 0 1 0 2 0 1 0 0 0 0 0 2 0 1 0 2 0 0 2 0 0 0 0 1 0 1 0 0 2 0 0 0 2 0 0 2 0 0 0 1 0 1 0 2 0 0 0 1 0 0 0 1 0 2 0 1 0 0 2 0 2 0 0 2 0 0 2 0 0 0 1 0 1 0 0 2 0 0 1 0 2 0 0 0 2 0 0 1 0 1 0 2 0 2 0 2 0 2 0 0 0 0 0 2 0
45
164 2
2 0 2 0 0 0 1 0 2 0 2 0 2 0 0 1 0 0 0 1 0 0 0 0 2 0 2 0 0 0 0 1 0 2 0 0 0 1 0 1 0 0 0 0 0 0 1 0 2 0 0 1 0 0 2 0 2 0 0 0 0 2 0 0 0 2 0 2 0 0 0 0 2 0 2 0 0 1 0 0 2 0 2 0 2 0 1 0 0 0 2 0 0 2 0 2 0 1 0 0 0 0 2 0 2 0 2 0 2 0 0 1 0 2 0 1 0 0 1 0 2 0 2 0 2 0 2 0 1 0 0 2 0 2 0 2 0 2 0 2 0 0 0 2 0 2 0 2 0 2 0 2 0 0 1 0 2 0 0 1 0 2 0 0
13
124 2
1 0 1 0 0 2 0 0 0 1 0 0 1 0 0 0 0 2 0 0 0 2 0 0 2 0 2 0 0 0 2 0 2 0 0 0 1 0 2 0 0 0 1 0 2 0 0 1 0 2 0 0 0 0 0 0 2 0 1 0 2 0 2 0 2 0 1 0 1 0 2 0 0 0 0 2 0 2 0 2 0 2 0 1 0 0 2 0 2 0 0 0 0 2 0 0 2 0 2 0 2 0 0 0 0 0 2 0 1 0 0 2 0 0 0 1 0 1 0 2 0 0 1 0
114
85 17
2 0 1 0 0 0 0 2 0 0 1 0 0 0 0 2 0 0 0 0 2 0 0 0 0 0 2 0 1 0 2 0 0 0 0 2 0 1 0 0 0 2 0 0 0 0 0 0 0 0 2 0 0 0 0 0 2 0 0 0 2 0 2 0 0 2 0 2 0 0 0 1 0 1 0 0 2 0 0 0 2 0 0 2 0
74
57 19
0 2 0 2 0 0 1 0 0 2 0 0 1 0 0 1 0 0 2 0 0 1 0 0 1 0 0 2 0 0 0 1 0 1 0 0 2 0 0 2 0 0 1 0 0 0 2 0 2 0 0 2 0 0 0 2 0
39
180 20
2 0 0 2 0 2 0 0 0 1 0 2 0 0 0 2 0 0 0 2 0 2 0 2 0 0 0 2 0 2 0 0 0 0 2 0 0 1 0 2 0 2 0 0 0 1 0 1 0 1 0 1 0 0 1 0 0 0 0 2 0 1 0 0 0 0 0 0 0 0 1 0 2 0 0 0 1 0 1 0 0 2 0 2 0 2 0 0 2 0 2 0 1 0 0 0 0 0 0 0 2 0 1 0 0 0 0 0 2 0 1 0 2 0 0 1 0 0 0 0 2 0 0 0 0 0 1 0 0 2 0 0 0 1 0 1 0 0 0 0 2 0 2 0 0 2 0 2 0 2 0 0 0 2 0 0 1 0 0 2 0 0 2 0 0 1 0 0 0 1 0 2 0 0 2 0 2 0 1 0
90
140 20
2 0 2 0 2 0 0 2 0 0 2 0 0 0 0 2 0 0 0 0 0 1 0 0 2 0 0 0 1 0 1 0 0 0 0 0 1 0 0 0 2 0 1 0 2 0 2 0 0 2 0 2 0 2 0 0 1 0 2 0 2 0 0 1 0 2 0 0 0 0 0 2 0 0 2 0 0 1 0 0 0 0 2 0 2 0 0 1 0 2 0 2 0 0 1 0 0 0 1 0 2 0 0 2 0 0 0 2 0 1 0 0 0 0 1 0 0 2 0 1 0 0 0 0 0 0 0 2 0 2 0 2 0 0 0 0 2 0 2 0
3
144 16
2 0 1 0 1 0 2 0 0 2 0 1 0 0 0 0 0 0 0 0 0 0 2 0 1 0 0 2 0 1 0 1 0 0 0 0 1 0 0 0 0 2 0 0 0 0 2 0 1 0 2 0 0 0 2 0 2 0 1 0 1 0 0 0 2 0 0 2 0 2 0 0 2 0 2 0 0 0 0 0 0 2 0 0 1 0 1 0 0 0 0 0 2 0 1 0 2 0 0 2 0 1 0 0 0 0 1 0 0 2 0 1 0 0 0 2 0 1 0 0 2 0 0 0 1 0 1 0 0 0 1 0 0 0 0 0 2 0 0 2 0 1 0 0
112
